{"type":"FeatureCollection","features":[{"type":"Feature","geometry":{"type":"Polygon","coordinates":[[[114.91442618029643,4.9710932090134],[114.91277681626258,4.971719284851736],[114.91083558179581,4.970501044152733],[114.90971224125684,4.970640502603255],[114.90932763736505,4.971593819189412],[114.90970220357651,4.973710708489022],[114.90360930962542,4.975053043193079],[114.90109342453204,4.972944534227868],[114.89885377252472,4.971926375906543],[114.8973673049987,4.970697762044265],[114.89629169726499,4.968489805787512],[114.8957981126121,4.967359096586752],[114.89923813621539,4.966679076069944],[114.90275035914868,4.966116717674156],[114.90352559841601,4.966220613781062],[114.90578306995143,4.96317396113809],[114.90669047813878,4.963559498380042],[114.90936315833865,4.963620848354093],[114.91069633549216,4.963908420730253],[114.91187760325336,4.964465504785559],[114.91302459442238,4.964684687946516],[114.91394768427897,4.964481771523668],[114.9146775395213,4.966000598259429],[114.91480202421154,4.968701196107887],[114.91442618029643,4.9710932090134]]]},"properties":{"id":28,"name":"Perumahan Negara Rimba Kawasan 5","mukim":"MUKIM GADONG A","area":1697312.375,"district":"Brunei-Muara","mukimDisplayName":"Gadong A"},"id":28},{"type":"Feature","geometry":{"type":"Polygon","coordinates":[[[115.04050501233368,4.962535152190109],[115.04148296533317,4.962418661318693],[115.04242280169346,4.963075544732957],[115.04356829648015,4.964563237963337],[115.04429430264369,4.965770935865913],[115.04488406628494,4.965833691071119],[115.04444563281335,4.967710504195395],[115.04501425986922,4.968431714911228],[115.0449978976865,4.969064257181417],[115.0454155967669,4.969612876008714],[115.04623299075851,4.969843668312028],[115.04739054649735,4.969822962832721],[115.04818982749555,4.9703788212552755],[115.04884953991913,4.97117309365725],[115.04899005397647,4.972976293177368],[115.0485487927469,4.973687091894591],[115.04764475602201,4.973853939232888],[115.04586545530205,4.973497955520997],[115.04533092831745,4.973599166066534],[115.041015957294,4.972878324809543],[115.04030732459958,4.972292205981296],[115.03981498761614,4.972368975640526],[115.03889441129759,4.973001615865107],[115.03858948520141,4.974575640299162],[115.03973435220173,4.973935496287082],[115.03995987211115,4.974486993622864],[115.03898037723194,4.976254808692024],[115.03801739472122,4.9763200934741345],[115.03762170966561,4.977361959008105],[115.0383039292946,4.9795511567377995],[115.03958646653109,4.980711953572578],[115.04029828609268,4.982603167966971],[115.03856008504096,4.983371270914207],[115.03749050092901,4.9832558390173265],[115.03761518122778,4.982015092540947],[115.03708266876845,4.9818681540667455],[115.03659441989483,4.981112320749286],[115.03684529496982,4.9804321067711435],[115.0362017352415,4.980104654113588],[115.03561989391143,4.979336684488882],[115.03491836356145,4.979963498952304],[115.0338412217687,4.979852983001118],[115.03229955360997,4.980391894574415],[115.03160065587629,4.98013029734717],[115.03103398594618,4.979223142977156],[115.02975091795365,4.9794055861917705],[115.02859491954528,4.978639496814914],[115.02796572174647,4.977162793978285],[115.02836393117184,4.9762912124708985],[115.02941457484695,4.976276829843004],[115.02940806101766,4.974352630602436],[115.03068811206099,4.974344978018908],[115.03068458595372,4.973784794865966],[115.0327307199187,4.973747271701762],[115.03266180165264,4.972363221461095],[115.03132083934481,4.972310454109987],[115.03044076792331,4.971337698987821],[115.02978610910235,4.967889067662759],[115.02942148288481,4.967013004212089],[115.02694880134287,4.963738732133339],[115.03132510357244,4.962621544023158],[115.03188310525805,4.962400946550193],[115.03350593610273,4.96237437318123],[115.03538667236317,4.963126098408249],[115.037365928685,4.964731348894344],[115.03827067369214,4.964781790723865],[115.03937423601002,4.963780291498811],[115.04050501233368,4.962535152190109]]]},"properties":{"id":29,"name":"Perumahan Negara Mentiri Kawasan A","mukim":"MUKIM MENTIRI","area":2850799.25,"district":"Brunei-Muara","mukimDisplayName":"Mentiri"},"id":29},{"type":"Feature","geometry":{"type":"Polygon","coordinates":[[[115.02836393117184,4.9762912124708985],[115.02823439947112,4.975791304656256],[115.02682334724021,4.976785853845456],[115.02609568930316,4.976868707623243],[115.02608040005445,4.976155490196306],[115.0265426945633,4.975614703921412],[115.02556162358492,4.975043147273295],[115.02474431142267,4.974495245009535],[115.02393914087521,4.973259523038204],[115.02373287978574,4.972330705671103],[115.02319321806104,4.971852703698592],[115.02283253994943,4.969989316138297],[115.02281911160868,4.96765558201176],[115.02268043724055,4.967314056744376],[115.0236430238974,4.965968374326854],[115.02491405049742,4.965479323919604],[115.02526220467409,4.964904501330999],[115.02497794680134,4.963250976106416],[115.02626149382691,4.962843556173461],[115.02694880134287,4.963738732133339],[115.02942148288481,4.967013004212089],[115.02978610910235,4.967889067662759],[115.03044076792331,4.971337698987821],[115.03132083934481,4.972310454109987],[115.03266180165264,4.972363221461095],[115.0327307199187,4.973747271701762],[115.03068458595372,4.973784794865966],[115.03068811206099,4.974344978018908],[115.02940806101766,4.974352630602436],[115.02941457484695,4.976276829843004],[115.02836393117184,4.9762912124708985]]]},"properties":{"id":30,"name":"Perumahan Negara Mentiri Kawasan B","mukim":"MUKIM MENTIRI","area":926182.25,"district":"Brunei-Muara","mukimDisplayName":"Mentiri"},"id":30},{"type":"Feature","geometry":{"type":"Polygon","coordinates":[[[114.94882673356798,4.931694308688002],[114.94791854772272,4.932368647242901],[114.94436832023689,4.932597900588561],[114.94439685536112,4.933460323588059],[114.9412427186461,4.933736443092474],[114.93969006454938,4.933877189328164],[114.93878290494546,4.933719949671018],[114.93704350994953,4.932362374818446],[114.93641434621311,4.9331488805695045],[114.9357916925383,4.932491670588417],[114.93474923802643,4.930886261227063],[114.93364525063978,4.92906286528815],[114.93340613572501,4.928092543234044],[114.93270004363066,4.9266420892931215],[114.93128065223439,4.927073233388456],[114.92976013802294,4.927142923693098],[114.92792729883386,4.927190989690459],[114.92624633124036,4.928330593451834],[114.92591744938385,4.928406216579407],[114.92585535330565,4.927086038045976],[114.92553832870803,4.926251043048855],[114.92480386630118,4.925283379254759],[114.92464472688286,4.924660991895419],[114.92490174150332,4.923812600639071],[114.92538531927046,4.923497313444145],[114.92557237053293,4.92276440399118],[114.92647303425088,4.921046064787861],[114.92651517422988,4.919357502002989],[114.9257193954041,4.917800361626169],[114.92554721523152,4.916770202419508],[114.9257137961285,4.91597632723169],[114.92618390705394,4.915210802895842],[114.92822637281824,4.913916544368524],[114.92921356127637,4.915269167308862],[114.93146066171752,4.914989456166342],[114.93161436196452,4.915962299364543],[114.93210586229326,4.916842061967986],[114.93427084114876,4.9188372181456765],[114.93489072037708,4.919833306620738],[114.9368262901812,4.923854368065998],[114.9433733034077,4.920291384565833],[114.94686786205668,4.918494589290918],[114.94893749898287,4.917875320852658],[114.95221251933468,4.917008289638535],[114.95247442700716,4.918332248878881],[114.95323684419593,4.920084446832934],[114.95415737653768,4.921119530620331],[114.9545488616678,4.921925494219525],[114.95498347097953,4.923659590850818],[114.95528581156466,4.924255131577428],[114.95116805197182,4.926804053916465],[114.95197121626887,4.928225314731143],[114.95199977890292,4.9296388564910405],[114.95158346969914,4.930762709255027],[114.95074582548688,4.931245768929841],[114.94882673356798,4.931694308688002]]]},"properties":{"id":31,"name":"Kawasan Jabatan-Jabatan dan Perumahan Kerajaan","mukim":"MUKIM BERAKAS A","area":4115267.5,"district":"Brunei-Muara","mukimDisplayName":"Berakas A"},"id":31},{"type":"Feature","geometry":{"type":"Polygon","coordinates":[[[114.95277473642224,4.939837054677134],[114.94853145548878,4.939110975205662],[114.94681998326476,4.938716144834493],[114.94461471793852,4.936680361624716],[114.94386822153149,4.940201748343453],[114.94086307119163,4.939779377725907],[114.94123813157672,4.934526810062679],[114.9412427186461,4.933736443092474],[114.94439685536112,4.933460323588059],[114.94436832023689,4.932597900588561],[114.94791854772272,4.932368647242901],[114.94882673356798,4.931694308688002],[114.9491442560536,4.93320804386953],[114.9493881292155,4.933429412908815],[114.95396129070556,4.934204080081119],[114.95277473642224,4.939837054677134]]]},"properties":{"id":32,"name":"Kg. Anggerek Desa","mukim":"MUKIM BERAKAS A","area":902883.4375,"district":"Brunei-Muara","mukimDisplayName":"Berakas A"},"id":32},{"type":"Feature","geometry":{"type":"Polygon","coordinates":[[[114.92618254562228,4.967167237632614],[114.9196698481164,4.970221348322408],[114.91881490964708,4.9694272809427025],[114.91442618029643,4.9710932090134],[114.91480202421154,4.968701196107887],[114.9146775395213,4.966000598259429],[114.91394768427897,4.964481771523668],[114.91469320871343,4.964081003922821],[114.91659280941431,4.96234390220072],[114.91741631572428,4.961089406155665],[114.91780379945905,4.959528766644222],[114.91754706940543,4.956405131877749],[114.91694552795806,4.955016925898802],[114.91848717509998,4.953680765291957],[114.91934628934398,4.953214814738885],[114.92376562941597,4.961653759792243],[114.92485928842474,4.963870174075301],[114.92618254562228,4.967167237632614]]]},"properties":{"id":25,"name":"Perumahan Negara Rimba Kawasan 3","mukim":"MUKIM GADONG A","area":1377746.625,"district":"Brunei-Muara","mukimDisplayName":"Gadong A"},"id":25},{"type":"Feature","geometry":{"type":"Polygon","coordinates":[[[114.9620517767139,4.974465023655457],[114.96021639821728,4.9738190602698396],[114.95766956336371,4.973466967088882],[114.95659922819222,4.973203498141542],[114.9561794846719,4.974758067747831],[114.95476679456397,4.974469123341613],[114.95403859831143,4.97227549656332],[114.95330537674255,4.970458321010204],[114.95274475387973,4.968686958989503],[114.95243955398189,4.967135240285961],[114.95208122495941,4.963251938160596],[114.95401565611701,4.962873049767204],[114.9555940522044,4.962808212822382],[114.95763856670324,4.963140084609505],[114.95864169378461,4.963541195705525],[114.96055091183769,4.964668714618788],[114.96205272350693,4.965892251990729],[114.96330132522665,4.967242627684992],[114.96482064525313,4.969741253685637],[114.96541261056599,4.97081267369101],[114.9638891277879,4.971739230113642],[114.96327702317663,4.971566107116761],[114.9625386758335,4.972456953608675],[114.9620517767139,4.974465023655457]]]},"properties":{"id":26,"name":"Perumahan Negara Lambak Kanan Kawasan 4","mukim":"MUKIM BERAKAS B","area":1301815.125,"district":"Brunei-Muara","mukimDisplayName":"Berakas B"},"id":26},{"type":"Feature","geometry":{"type":"Polygon","coordinates":[[[114.96384125715687,4.97763133487034],[114.96398819446004,4.979512643120968],[114.96389214956803,4.980342694305125],[114.96328701749852,4.980940899095823],[114.96264817250645,4.981015463756056],[114.96007395067927,4.980759894943949],[114.95936717203662,4.980932801412993],[114.95840748230859,4.981633391341837],[114.95664510577964,4.979875281908309],[114.95576212074839,4.978475716953749],[114.95523677755436,4.976634727597779],[114.95476679456397,4.974469123341613],[114.9561794846719,4.974758067747831],[114.95659922819222,4.973203498141542],[114.95766956336371,4.973466967088882],[114.96021639821728,4.9738190602698396],[114.9620517767139,4.974465023655457],[114.96201338627418,4.974624538538806],[114.96318084833429,4.976883481983011],[114.96384125715687,4.97763133487034]]]},"properties":{"id":27,"name":"Perumahan Negara Lambak Kanan Kawasan 5","mukim":"MUKIM BERAKAS B","area":654616.3125,"district":"Brunei-Muara","mukimDisplayName":"Berakas B"},"id":27},{"type":"Feature","geometry":{"type":"Polygon","coordinates":[[[115.1187673695735,4.646731856933327],[115.11900248534927,4.651210982762432],[115.12782922879127,4.650470279653455],[115.13760112026043,4.649909083628194],[115.13865368315928,4.651030832949007],[115.15744711191272,4.669399635734528],[115.15724976945543,4.669599277728318],[115.14566732436369,4.681330121705712],[115.13948957161537,4.681351126739837],[115.12116177982392,4.681372731562378],[115.10039729943735,4.681354286187365],[115.09857240735612,4.6680297695257345],[115.09602173560936,4.665924866524787],[115.09567753259769,4.6662305196510525],[115.0947252611903,4.665257666784143],[115.09278387631622,4.6654853080796705],[115.09297476265324,4.6642069298495175],[115.0933046692081,4.663766477210688],[115.09438742386162,4.663826758155274],[115.09565792655661,4.66326272584806],[115.09602550406002,4.662845832827002],[115.09641030363167,4.661766417864061],[115.09655336107585,4.6600123522607175],[115.09686173105672,4.659309885999834],[115.09746306099768,4.659113034984671],[115.09829295120427,4.659458720522905],[115.09950848618769,4.661035323846353],[115.10055505632924,4.661066969781547],[115.10157189550992,4.660416364654888],[115.10279721150069,4.6592413163238895],[115.10377935396116,4.6587151968196805],[115.10653654461038,4.658628015981686],[115.10716276983229,4.658132312234171],[115.10719881408163,4.657294365135034],[115.10684622669214,4.656379784485146],[115.10572179043587,4.6549936730692245],[115.10549894409027,4.654163091748711],[115.10603676896875,4.653053601400018],[115.10572276134496,4.652373588248343],[115.10507451592431,4.652095597970696],[115.10419605661298,4.652313207462749],[115.10386830594796,4.652038566603383],[115.1033238075346,4.650546655436279],[115.10336222478654,4.6500015699615],[115.10469377760646,4.6481604001324985],[115.10518225932691,4.647181468588082],[115.10548625834626,4.64607233653685],[115.10545473222618,4.645024749068167],[115.1051946341817,4.643952246959328],[115.10579424747492,4.643932051893464],[115.10645538996701,4.645115908454773],[115.10720376664472,4.645783666662806],[115.10809411516924,4.646016550160098],[115.10928674784941,4.645590629029224],[115.10998104332985,4.646795443553886],[115.11066420727826,4.64831014585403],[115.11166128171786,4.648732776789696],[115.11231876014706,4.648414199083263],[115.11292731782233,4.646940009488908],[115.1187673695735,4.646731856933327]]]},"properties":{"id":1,"name":"Kg. Biang","mukim":"MUKIM AMO","area":19191702,"district":"Temburong","mukimDisplayName":"Amo"},"id":1},{"type":"Feature","geometry":{"type":"Polygon","coordinates":[[[115.17589209986848,4.663873984199007],[115.1629145726827,4.663862060254088],[115.15744711191272,4.669399635734528],[115.13865368315928,4.651030832949007],[115.13760112026043,4.649909083628194],[115.12782922879127,4.650470279653455],[115.11900248534927,4.651210982762432],[115.1187673695735,4.646731856933327],[115.11906840179773,4.64001596817288],[115.11925569975604,4.631358750940606],[115.10927334913696,4.632077306671307],[115.10802943082255,4.631812601726793],[115.1068622025716,4.6321469967463],[115.10637239414439,4.63076513266123],[115.1055542096876,4.631030891670699],[115.10530306303754,4.630542660571677],[115.08338201164892,4.6236268342274505],[115.08630665223754,4.613683343743067],[115.10523369695066,4.620375974975297],[115.10553534541292,4.620827338473312],[115.10697343667955,4.621125362430046],[115.10770144906616,4.622345585351755],[115.10906267570212,4.622668564225803],[115.11370755414585,4.622412732852405],[115.11564820329981,4.6192968509343215],[115.12087401800335,4.622869821519934],[115.12210729741804,4.623180989437633],[115.12279961328322,4.622763241870676],[115.12358340134095,4.622929001721567],[115.1241361014485,4.624251951664295],[115.12458346859783,4.624194302425165],[115.12475541147121,4.625417492842074],[115.12546152144488,4.6257743778141585],[115.12731804970906,4.625521095607057],[115.12734825759631,4.624521766442364],[115.12855579046312,4.624259451801267],[115.12925502488112,4.622572991763827],[115.12839170807283,4.622048233703722],[115.12853026758849,4.62154514611212],[115.1279948929069,4.620811704647392],[115.12779101016918,4.619609248823404],[115.12698836863521,4.618556026702164],[115.12647831012208,4.618189008478259],[115.12587084130047,4.618276158864796],[115.12534664698762,4.617909189617807],[115.12571174580295,4.617198830413751],[115.12524127714974,4.615994910740019],[115.12434803695342,4.615161165705213],[115.1241341249054,4.614594592135573],[115.12510180548489,4.612265785481405],[115.12523165959814,4.611262723814664],[115.12469112782165,4.608991938423318],[115.12482188382914,4.608256239514551],[115.12615097187573,4.607315959052258],[115.12701062532923,4.605441486564112],[115.1272059655779,4.604103990776328],[115.12646762410888,4.602435452382433],[115.12593134861406,4.6000891883048185],[115.13012571391961,4.598460054869948],[115.1470722818596,4.591877521107689],[115.17132560134026,4.60695436404439],[115.18098401045016,4.621079856953447],[115.19991174271118,4.64875969984786],[115.18492462840355,4.663882377817464],[115.17589209986848,4.663873984199007]]]},"properties":{"id":2,"name":"Kg. Amo","mukim":"MUKIM AMO","area":51795888,"district":"Temburong","mukimDisplayName":"Amo"},"id":2},{"type":"Feature","geometry":{"type":"Polygon","coordinates":[[[115.12593134861406,4.6000891883048185],[115.12646762410888,4.602435452382433],[115.1272059655779,4.604103990776328],[115.12701062532923,4.605441486564112],[115.12615097187573,4.607315959052258],[115.12482188382914,4.608256239514551],[115.12469112782165,4.608991938423318],[115.12523165959814,4.611262723814664],[115.12510180548489,4.612265785481405],[115.1241341249054,4.614594592135573],[115.12434803695342,4.615161165705213],[115.12524127714974,4.615994910740019],[115.12571174580295,4.617198830413751],[115.12534664698762,4.617909189617807],[115.12587084130047,4.618276158864796],[115.12647831012208,4.618189008478259],[115.12698836863521,4.618556026702164],[115.12779101016918,4.619609248823404],[115.1279948929069,4.620811704647392],[115.12853026758849,4.62154514611212],[115.12839170807283,4.622048233703722],[115.12925502488112,4.622572991763827],[115.12855579046312,4.624259451801267],[115.12734825759631,4.624521766442364],[115.12731804970906,4.625521095607057],[115.12546152144488,4.6257743778141585],[115.12475541147121,4.625417492842074],[115.12458346859783,4.624194302425165],[115.1241361014485,4.624251951664295],[115.12358340134095,4.622929001721567],[115.12279961328322,4.622763241870676],[115.12210729741804,4.623180989437633],[115.12087401800335,4.622869821519934],[115.11564820329981,4.6192968509343215],[115.11370755414585,4.622412732852405],[115.10906267570212,4.622668564225803],[115.10770144906616,4.622345585351755],[115.10697343667955,4.621125362430046],[115.10553534541292,4.620827338473312],[115.10523369695066,4.620375974975297],[115.08630665223754,4.613683343743067],[115.0875366659573,4.6095012751238365],[115.08769818247073,4.60895253818439],[115.08798316145686,4.604679276027259],[115.08835069409945,4.596930928059996],[115.09335625161928,4.596715530839405],[115.10384875229317,4.610701652587613],[115.10505603345555,4.611228732473246],[115.10945365805912,4.611211168610679],[115.11008701698997,4.6101760793941144],[115.11408604779449,4.607182319040927],[115.11477078338994,4.605944832967448],[115.11518433235024,4.604662929977223],[115.11504764323657,4.604312102494541],[115.12593134861406,4.6000891883048185]]]},"properties":{"id":3,"name":"Kg. Sibut","mukim":"MUKIM AMO","area":7562336,"district":"Temburong","mukimDisplayName":"Amo"},"id":3},{"type":"Feature","geometry":{"type":"Polygon","coordinates":[[[115.09970395486677,4.582672074034141],[115.10528610213377,4.59305922245072],[115.11455537941255,4.592115822471949],[115.1156879266572,4.592450391992181],[115.11821552384986,4.592676444408731],[115.11937589912023,4.592437946243833],[115.12056615330674,4.592935581966188],[115.12117738368853,4.5928504014114235],[115.12187530027481,4.59328980180997],[115.12326602022983,4.593025655955914],[115.12363999086543,4.593428818359531],[115.12363959469803,4.594443709643076],[115.12460094772864,4.595394298717772],[115.12499619521262,4.595339547844054],[115.12517538946948,4.594354573663859],[115.12631556398078,4.593613742908205],[115.12761322660313,4.594097045615107],[115.13026347537357,4.595334401924193],[115.13000149895245,4.597719590056779],[115.13012571391961,4.598460054869948],[115.12593134861406,4.6000891883048185],[115.11504764323657,4.604312102494541],[115.11518433235024,4.604662929977223],[115.11477078338994,4.605944832967448],[115.11408604779449,4.607182319040927],[115.11008701698997,4.6101760793941144],[115.10945365805912,4.611211168610679],[115.10505603345555,4.611228732473246],[115.10384875229317,4.610701652587613],[115.09335625161928,4.596715530839405],[115.08835069409945,4.596930928059996],[115.08860149133723,4.5910171497342755],[115.0960063081384,4.585454798936325],[115.09970395486677,4.582672074034141]]]},"properties":{"id":4,"name":"Kg. Sumbiling Baru","mukim":"MUKIM AMO","area":6621619,"district":"Temburong","mukimDisplayName":"Amo"},"id":4},{"type":"Feature","geometry":{"type":"Polygon","coordinates":[[[115.21834009652669,4.558145091970486],[115.19687160471815,4.576890688081646],[115.1814654721107,4.590341835098263],[115.17132560134026,4.60695436404439],[115.1470722818596,4.591877521107689],[115.1469319757833,4.591789160114982],[115.14498510439341,4.580897999418832],[115.11949601315258,4.584425623423715],[115.11251927161688,4.584571991065613],[115.10725589347435,4.576988634069103],[115.11898634016974,4.568160618173941],[115.12133966632103,4.566268603726818],[115.15270244888812,4.542664758746532],[115.15254419018483,4.543471695695811],[115.15158878079598,4.545609535648397],[115.15148112820988,4.546271645140834],[115.1518170399085,4.547992709911021],[115.15248001192877,4.549150660577806],[115.1543799955602,4.551117529230622],[115.15592406844931,4.552285850737589],[115.1563969569408,4.553149167861654],[115.15719522004554,4.556837001221735],[115.15786906964476,4.558070039991428],[115.15921234448653,4.559480291659359],[115.16060846243731,4.560476443717512],[115.1627725205669,4.561075044711701],[115.16526200471132,4.561615259617122],[115.16634833428087,4.562375845550702],[115.16867214270884,4.565827247748947],[115.16989736630646,4.5668358289447095],[115.17107964762948,4.566679048839446],[115.1733651437153,4.567268723442869],[115.17555490297465,4.566885577212604],[115.17712740306943,4.566039587145515],[115.17808446593153,4.565073229769331],[115.17946401146466,4.56271440865198],[115.18151054250856,4.558092927722913],[115.18312223840785,4.555583204055825],[115.18424787848919,4.554196861036034],[115.18585074965878,4.553377542521744],[115.18757175378,4.553437500936064],[115.18883701460575,4.553823057632133],[115.1936129317186,4.556574055672874],[115.19704110153438,4.558783195672641],[115.20153488000375,4.5624095476727815],[115.20387404020033,4.56394044418211],[115.205787944457,4.564309042191316],[115.20677662901284,4.563912103779038],[115.20740650579596,4.5630442300333725],[115.20762687536089,4.5615997823593375],[115.20756879129924,4.560554521773861],[115.2079225837324,4.560195937274266],[115.20917822163501,4.5598475659192514],[115.21157864312433,4.559409656781832],[115.21245280671516,4.5589233207625774],[115.21493872383994,4.556449730970574],[115.21636190440621,4.556464296972637],[115.21734910854958,4.55697755451218],[115.21834009652669,4.558145091970486]]]},"properties":{"id":5,"name":"Kg. Batang Duri","mukim":"MUKIM AMO","area":34466940,"district":"Temburong","mukimDisplayName":"Amo"},"id":5},{"type":"Feature","geometry":{"type":"Polygon","coordinates":[[[115.1470722818596,4.591877521107689],[115.13012571391961,4.598460054869948],[115.13000149895245,4.597719590056779],[115.13026347537357,4.595334401924193],[115.12761322660313,4.594097045615107],[115.12631556398078,4.593613742908205],[115.12517538946948,4.594354573663859],[115.12499619521262,4.595339547844054],[115.12460094772864,4.595394298717772],[115.12363959469803,4.594443709643076],[115.12363999086543,4.593428818359531],[115.12326602022983,4.593025655955914],[115.12187530027481,4.59328980180997],[115.12117738368853,4.5928504014114235],[115.12056615330674,4.592935581966188],[115.11937589912023,4.592437946243833],[115.11821552384986,4.592676444408731],[115.1156879266572,4.592450391992181],[115.11455537941255,4.592115822471949],[115.10528610213377,4.59305922245072],[115.09970395486677,4.582672074034141],[115.10725589347435,4.576988634069103],[115.11251927161688,4.584571991065613],[115.11949601315258,4.584425623423715],[115.14498510439341,4.580897999418832],[115.1469319757833,4.591789160114982],[115.1470722818596,4.591877521107689]]]},"properties":{"id":6,"name":"Kg. Sumbiling Lama","mukim":"MUKIM AMO","area":6270626,"district":"Temburong","mukimDisplayName":"Amo"},"id":6},{"type":"Feature","geometry":{"type":"Polygon","coordinates":[[[115.27469730358482,4.5666859924133805],[115.27314240739652,4.566691559635469],[115.27080357352008,4.566856232171466],[115.26847084947045,4.568743000819043],[115.26458442923732,4.572356584953914],[115.2633350474017,4.571891579535145],[115.25974680875055,4.571749482949968],[115.25727155664623,4.570298180612864],[115.25303127102326,4.569110914242581],[115.2529771563467,4.563035194728455],[115.25241355918548,4.562792431634278],[115.25043414867491,4.561367325919625],[115.2481548881534,4.560369501680408],[115.24689302726726,4.559552343995327],[115.2405095880619,4.5564777872707385],[115.23832732261313,4.5559846662388495],[115.23595910889225,4.5565973204453885],[115.2322525895008,4.559167728603474],[115.22788538149165,4.559026536183645],[115.22446199130377,4.5613861901488315],[115.22300004188479,4.561658424013065],[115.2225507568445,4.561562775052846],[115.22102768091979,4.560459329656851],[115.21956037970706,4.5595827687727475],[115.21834009652669,4.558145091970486],[115.21734910854958,4.55697755451218],[115.21636190440621,4.556464296972637],[115.21493872383994,4.556449730970574],[115.21245280671516,4.5589233207625774],[115.21157864312433,4.559409656781832],[115.20917822163501,4.5598475659192514],[115.2079225837324,4.560195937274266],[115.20756879129924,4.560554521773861],[115.20762687536089,4.5615997823593375],[115.20740650579596,4.5630442300333725],[115.20677662901284,4.563912103779038],[115.205787944457,4.564309042191316],[115.20387404020033,4.56394044418211],[115.20153488000375,4.5624095476727815],[115.19704110153438,4.558783195672641],[115.1936129317186,4.556574055672874],[115.18883701460575,4.553823057632133],[115.18757175378,4.553437500936064],[115.18585074965878,4.553377542521744],[115.18424787848919,4.554196861036034],[115.18312223840785,4.555583204055825],[115.18151054250856,4.558092927722913],[115.17946401146466,4.56271440865198],[115.17808446593153,4.565073229769331],[115.17712740306943,4.566039587145515],[115.17555490297465,4.566885577212604],[115.1733651437153,4.567268723442869],[115.17107964762948,4.566679048839446],[115.16989736630646,4.5668358289447095],[115.16867214270884,4.565827247748947],[115.16634833428087,4.562375845550702],[115.16526200471132,4.561615259617122],[115.1627725205669,4.561075044711701],[115.16060846243731,4.560476443717512],[115.15921234448653,4.559480291659359],[115.15786906964476,4.558070039991428],[115.15719522004554,4.556837001221735],[115.1563969569408,4.553149167861654],[115.15592406844931,4.552285850737589],[115.1543799955602,4.551117529230622],[115.15248001192877,4.549150660577806],[115.1518170399085,4.547992709911021],[115.15148112820988,4.546271645140834],[115.15158878079598,4.545609535648397],[115.15254419018483,4.543471695695811],[115.15270244888812,4.542664758746532],[115.1517989671769,4.540353040141418],[115.15025817006605,4.537471721509018],[115.1481986644048,4.532451182847005],[115.14790664247434,4.531383806125829],[115.14751428275389,4.528635349838949],[115.14717909499875,4.527461281494862],[115.14601609115232,4.526512198382414],[115.1437939352235,4.525338069431113],[115.14152588475707,4.523749181109906],[115.14109371906592,4.5232099664380305],[115.13931951321534,4.519910549782603],[115.13871591203649,4.519310584546975],[115.13755209201085,4.518613037664444],[115.1350731491288,4.518113292357278],[115.13394240848314,4.518369533985336],[115.13300652945695,4.518283403892218],[115.13110714766302,4.518604718939158],[115.12937706427365,4.519021552082648],[115.12842254649672,4.518752895395403],[115.12750041419463,4.518066101945579],[115.12687951417263,4.517176763480793],[115.12661734402393,4.515763610128846],[115.12675792721063,4.513854752775981],[115.1274833897906,4.508498821769965],[115.12733964914536,4.506125703091059],[115.12687835460994,4.5047926409056265],[115.12547240904665,4.5022675026286105],[115.12469310308971,4.501334893473986],[115.11724506862257,4.489557358548374],[115.11660931831025,4.488596838416983],[115.11657268217284,4.4872470732226715],[115.11673778033992,4.485756436969411],[115.11774543058662,4.481901494827618],[115.12091733508628,4.476125746201877],[115.12129602460202,4.4748432580309885],[115.121176407872,4.47394316962862],[115.12057758565454,4.47324226932251],[115.11909207181658,4.472828993471649],[115.119002348711,4.467080672218178],[115.13573426040452,4.448933977172331],[115.13557727943198,4.405152243449753],[115.13546335258617,4.373388714100422],[115.13676889320382,4.373442604929228],[115.13728723043948,4.373908530661112],[115.13740143481726,4.375302906403232],[115.13836993388394,4.37549957693025],[115.13884983712822,4.375100247442672],[115.13982679744232,4.375001850519009],[115.14287232231852,4.3753517765998495],[115.1455943161643,4.376747717739052],[115.14607697074416,4.377316959007074],[115.14651332494881,4.3805948478145105],[115.14589846086098,4.382273003762151],[115.14602059752086,4.383080177186892],[115.14790483530747,4.3839817982376355],[115.14925399107064,4.38378977008711],[115.15037176187099,4.382832820253612],[115.15263626951013,4.381860264714776],[115.15372288275546,4.381810770406373],[115.15514559412485,4.382130218884508],[115.15542935152921,4.381947629630438],[115.15573799407359,4.379683974906929],[115.15605632192889,4.379096519407437],[115.15653696441667,4.377040118596149],[115.15752717610115,4.375596816586688],[115.15877766643509,4.374671411437004],[115.1597987396695,4.374693857840866],[115.16048843591253,4.375175006864871],[115.16189772032828,4.375425924662023],[115.16291446636046,4.375254835414958],[115.16611195096876,4.374086552891157],[115.16830654540121,4.372734589581385],[115.16962353615091,4.371394789665545],[115.17057148596896,4.3715881403411885],[115.17165993572885,4.371053639928288],[115.17228907718972,4.3703774619736695],[115.17407348497322,4.369391578091924],[115.1761654215806,4.368878379654389],[115.17766566884931,4.369005503269095],[115.17881796624454,4.369797525328165],[115.18096988063294,4.370557768218312],[115.18229398807227,4.371263443453991],[115.18271210502772,4.371767766020181],[115.18365911374762,4.371974675544689],[115.18467665100206,4.371886935260701],[115.18660109085735,4.369861942972206],[115.18789114503234,4.369212033370058],[115.18939272203455,4.367531658365764],[115.1902197608702,4.365955378704428],[115.19087498490225,4.365322325401312],[115.19262826054614,4.364985006736007],[115.19489240283892,4.364378358098401],[115.19602269119416,4.363885825193247],[115.19688779919781,4.362769504861508],[115.19728214100274,4.3611169458857475],[115.19784015084332,4.360724087867107],[115.19907171331346,4.3614019350907745],[115.20024592703992,4.361339943856469],[115.2021685116374,4.360934500583366],[115.20357757597131,4.360902926469626],[115.20519911250777,4.361967949623631],[115.20687115505326,4.361413174189716],[115.20839780234996,4.361334292341896],[115.20918168478232,4.360937109358664],[115.21069308802467,4.3605951680136865],[115.21258390788441,4.359473419826397],[115.21350771584673,4.358196150234366],[115.21399095578546,4.358003098651812],[115.21521034269256,4.358328190854273],[115.21722861844671,4.358126816176389],[115.21828960644892,4.3583607758466085],[115.21990860895083,4.3607850069442025],[115.22120596726046,4.363808304449617],[115.22150951547145,4.36388103996737],[115.22300070772025,4.363350925197948],[115.22562952480425,4.363349254128527],[115.22808098291372,4.363183770530959],[115.23039778650221,4.36408719533323],[115.23244794277716,4.365983565464076],[115.23375561660103,4.365846889351707],[115.23457668244018,4.366007149938188],[115.235249866062,4.366649737310692],[115.23598758937781,4.367759161360584],[115.23731223500171,4.367938711076963],[115.23837060544601,4.366961219105373],[115.23983842581691,4.366499893078439],[115.2408821233835,4.365425938686718],[115.24183750497144,4.364988318551557],[115.24436814677306,4.363538886048773],[115.24582332235853,4.362024258402253],[115.24641407761175,4.360881904702144],[115.24587585531025,4.36015970310824],[115.24580349493405,4.359186759331002],[115.24631323671706,4.357481030386215],[115.24681212503312,4.354895749170878],[115.24591846741731,4.353924819486838],[115.24564906765465,4.353263800260151],[115.24570025687231,4.352295842308472],[115.2454956044737,4.35078123333682],[115.24573914332305,4.349040542853528],[115.24543861748396,4.346911781032957],[115.2458232230913,4.345314759900114],[115.2448600744915,4.344308620080733],[115.24435644319188,4.3435295857613125],[115.24453603898075,4.342461771626136],[115.24439994449993,4.341402585681963],[115.24463111596508,4.341086739743043],[115.24660926560833,4.340560093327917],[115.24717621026826,4.339671433276425],[115.24809746635788,4.339301667210483],[115.24854184107689,4.338839443343776],[115.24951022070803,4.338419128901881],[115.25024965507343,4.3373629776460465],[115.25285989375519,4.3358013481621756],[115.25432160899507,4.3354660992948135],[115.25540238701406,4.335600511952543],[115.25691175530159,4.336197977901342],[115.25747610244257,4.335953657161972],[115.25894666393869,4.335853166415386],[115.25982251126871,4.3356138811454406],[115.2602605534507,4.33585805927052],[115.26120362050011,4.335569329849266],[115.26203999110997,4.335683016551163],[115.26328701357379,4.336192564519681],[115.26483733678111,4.336300164978499],[115.26483764303721,4.338289080768596],[115.26534492175318,4.338695178694289],[115.26630194721112,4.338708211664212],[115.26705301658525,4.339207501480757],[115.26746617196181,4.340408324683624],[115.26741858922088,4.341217176786018],[115.26794258545733,4.342345788326439],[115.26971668567596,4.342059045771995],[115.27072921003109,4.342373424009137],[115.27219186811834,4.342554495133837],[115.2738222972154,4.343267059600925],[115.27402716150964,4.344446740033723],[115.27489330414717,4.343859706379059],[115.27600903312474,4.341908749296404],[115.27780097151944,4.341067395487845],[115.2786517316567,4.340312274250843],[115.27911011469253,4.339462964380509],[115.27968342496887,4.339307953618616],[115.28037679794052,4.338333429317666],[115.2803505484268,4.337845746888053],[115.28104440257745,4.33667866189543],[115.2815679947067,4.3363272909882005],[115.28259250439969,4.336188958312029],[115.28653708126112,4.336128666691962],[115.28926604965072,4.336284164674934],[115.29371328140991,4.336944180341216],[115.29600125317408,4.337395484417958],[115.29634868110593,4.336760535671205],[115.29572353973035,4.3348637065128734],[115.29519268490158,4.33099479754094],[115.29550768459335,4.328386819477015],[115.29538835206428,4.327617607180384],[115.2941041982067,4.325205919757008],[115.29380463180887,4.324427183780767],[115.29397719137128,4.32355346817129],[115.29543133905341,4.322339049714408],[115.29959215794949,4.318697637610185],[115.30149005861907,4.316708562208709],[115.30274323806681,4.315677165446708],[115.30842283220248,4.310503618193285],[115.30958500689209,4.309382376458109],[115.3105989183983,4.306812830508883],[115.31095516960133,4.306288638249379],[115.31247641678691,4.304960034342758],[115.31276533818618,4.304504205834682],[115.31424008104383,4.303085888095085],[115.31631290570994,4.301684038418663],[115.31909869775703,4.299369745955334],[115.32180377417228,4.296851949717983],[115.32304009103088,4.295223631386799],[115.32630929579193,4.296559892270451],[115.32971349811304,4.297852402232822],[115.33164498993017,4.298321299114262],[115.33241436638433,4.298676306351173],[115.3338205779671,4.29963694908385],[115.3353159145317,4.300483638589811],[115.33663463493751,4.301694174244849],[115.33714235155146,4.303025832209436],[115.33716747413189,4.304201543925976],[115.3378678724026,4.304786875510326],[115.33970899742206,4.305176092540384],[115.34163612962148,4.306449107495118],[115.3434824233687,4.3073267105265],[115.34399643760675,4.307912155642758],[115.34429801235805,4.309074132542583],[115.34436170724166,4.311248292992504],[115.34486919511157,4.312512111251256],[115.34608021751441,4.314290014667347],[115.34729327073383,4.315082603116159],[115.3509888651736,4.316259189473049],[115.35246522563718,4.317445656627445],[115.35292328826647,4.318279464348503],[115.35360533001632,4.321376719470253],[115.35443352937882,4.3219463009389525],[115.35624591488629,4.322316365717323],[115.3566854167498,4.323000722154434],[115.35655785078066,4.323840367697532],[115.35589752998347,4.325590974081387],[115.35678796249108,4.326851106616088],[115.35753681829522,4.328390587589341],[115.35832806824219,4.328728372497652],[115.35945154405832,4.32951281675577],[115.36018463072008,4.329567084581932],[115.36025222776173,4.3479586951307985],[115.35933999767744,4.348762885662523],[115.35826526571218,4.349064884622964],[115.35723794827005,4.348979325691451],[115.35560221724826,4.349548585877386],[115.35412616507361,4.3495086391615825],[115.35290441317667,4.349818952001365],[115.3511599088426,4.349893047167988],[115.35076652723966,4.350068971039017],[115.35033131998625,4.351150327925965],[115.34864323868608,4.3518201613965015],[115.34797774876687,4.352342774184688],[115.34805256087984,4.353039207286764],[115.34730172902238,4.353952771185849],[115.34725569707449,4.354645401155924],[115.34795515934623,4.354713822505416],[115.34839037240626,4.355602300831312],[115.34768067671165,4.356110785869372],[115.34747018217647,4.356921147753885],[115.34641169004487,4.357996207226926],[115.3467784149024,4.3588081516099075],[115.34686545437614,4.359917065057061],[115.34658009550655,4.360287501472839],[115.34528647375106,4.360613170554855],[115.3437600064845,4.3615030881741585],[115.34276879433615,4.362648260780646],[115.34212160395168,4.3640892846779575],[115.34212611208336,4.364880131899401],[115.3404875403254,4.3677196632442445],[115.33976518358435,4.368467147018713],[115.33837946863038,4.3708554365745425],[115.33753448793192,4.371820685264593],[115.33787635513237,4.3739231230482805],[115.3369820325191,4.375773594152434],[115.3375135867724,4.377334377598454],[115.33755721573063,4.3780548911025665],[115.33708153831466,4.3794395633410055],[115.33432347611975,4.3804400765666545],[115.33408347595051,4.381888010176826],[115.33320870769398,4.383224123888273],[115.33342926551464,4.385238047219017],[115.33379866749137,4.38621346633179],[115.33374082309241,4.386844031508466],[115.33301982056288,4.387231074185063],[115.33204974550002,4.3870819217418875],[115.33041142022188,4.386587750258535],[115.32935726950629,4.38608766000879],[115.32779546397803,4.3855781954697175],[115.32725808279314,4.385709050982611],[115.32748897619072,4.386884276692534],[115.32732110692734,4.388225035286344],[115.32657259773468,4.388727035993369],[115.3256702954404,4.390378449816319],[115.32455369980046,4.39155417370011],[115.32184353908728,4.3917652303384935],[115.31995465930324,4.392382365975013],[115.3191255876526,4.39328406693246],[115.31711781009871,4.394264319150276],[115.31464606577283,4.393403503865485],[115.31370954257409,4.39337281897626],[115.31025551235408,4.395004013813769],[115.309735721401,4.394942953032467],[115.30834670667386,4.395747276022488],[115.30754976746594,4.396443894402116],[115.30730855766825,4.397097067909463],[115.3062503024019,4.397644676980673],[115.30536841472548,4.3985233981934035],[115.3052745468281,4.399156409350468],[115.30405400971881,4.399681448979113],[115.30201189655607,4.400144343006655],[115.30068528898722,4.402095643183874],[115.30045807645723,4.403360542633108],[115.29955871682574,4.405374327736398],[115.29929600136005,4.406740112527913],[115.2992261377301,4.408436322673421],[115.29988569030627,4.409197207098203],[115.29981915100983,4.410389890268683],[115.29893079111422,4.4119310533845235],[115.29688645854307,4.413542516433817],[115.29578695202432,4.4157853068961535],[115.29516120057684,4.416433806361547],[115.29406784795344,4.41690301494246],[115.29224718660437,4.419178070350611],[115.29142722241232,4.419595456992332],[115.29102633870538,4.420934690668844],[115.28949911502387,4.421815090067921],[115.28814458010413,4.422025469149547],[115.28737713260533,4.422893082837362],[115.28710826002609,4.423881087757135],[115.28622425594318,4.424478880276167],[115.28521970940484,4.425451164057393],[115.28440450850844,4.426901147873646],[115.28350514079608,4.428024649296641],[115.28303625224383,4.429125798849364],[115.28187853403912,4.429721391491939],[115.28161813066318,4.430282821875787],[115.28157892857239,4.431543688436135],[115.2802805006981,4.432835949282656],[115.27940927000472,4.434019039076173],[115.27826348138899,4.434450785779321],[115.2782563174757,4.436863454369656],[115.27778614234039,4.437632490725547],[115.27595447216704,4.438944202439088],[115.27625751301468,4.4398506479892985],[115.27611413525447,4.44172013568087],[115.27521259423308,4.4430760803764375],[115.27461750069894,4.445561767737818],[115.27384670264185,4.446814585112155],[115.2725824647066,4.447646790407921],[115.27259586345389,4.4487022436163395],[115.27302954734809,4.4497285148223495],[115.27301004299845,4.450907182118652],[115.27429495231671,4.452461408418705],[115.27534260141898,4.454322279450079],[115.27599858035624,4.454885118703039],[115.2765849962938,4.45704258723661],[115.27697923629572,4.458882376338353],[115.27759893836449,4.459682493898227],[115.27700289173863,4.460613692612723],[115.27642839905053,4.462081068091095],[115.27633003115612,4.4635842675311626],[115.27664590619196,4.464549092588745],[115.27776386496033,4.465928354315961],[115.2776833962296,4.4672954585523295],[115.27740670167715,4.46824658313077],[115.27860883927674,4.468969539451077],[115.27877627409198,4.469650807743849],[115.27824918493664,4.470336018795126],[115.27846495315782,4.471050940896627],[115.27986196747882,4.471607498312815],[115.28074685300588,4.473075956175571],[115.2805282390738,4.4737611442942224],[115.27910026939665,4.474608235489964],[115.27796166665055,4.475783055700806],[115.27679220118789,4.476366015179867],[115.27607061482932,4.477173120663661],[115.27530550458465,4.479247794285507],[115.27484355301308,4.480056133468218],[115.27416830898846,4.481808498209299],[115.27323402346353,4.482816426556177],[115.27402929715946,4.48536395820731],[115.27419174093498,4.486466088571142],[115.27405487823954,4.488853617492307],[115.27453011910137,4.4916483071513085],[115.27507669317744,4.4934174501453805],[115.2748352798373,4.4942330492456435],[115.2756403231532,4.495117068115285],[115.27589242862928,4.497379110574316],[115.2766781816127,4.4982606659986875],[115.2769466970349,4.500624852272194],[115.27753840398272,4.502411195959347],[115.27693582273899,4.50394604785799],[115.27711043506874,4.504516039973549],[115.27660654970701,4.505372104049182],[115.27668574214844,4.5058453022642375],[115.27738060195814,4.506659803094581],[115.27789778417602,4.507764272946119],[115.27697846500418,4.508907274650696],[115.2764935652517,4.510388881119044],[115.27623180092797,4.510501430434867],[115.2743692854626,4.510009394834169],[115.27253449565153,4.510242625922782],[115.271833677553,4.510083420397064],[115.27079014570708,4.509170405341084],[115.26975953073165,4.508924194039185],[115.26900896934393,4.509146482661889],[115.26828484330328,4.511178666455337],[115.26835131655608,4.511828005408903],[115.26978446438733,4.513759855615979],[115.27029294042944,4.516048278996992],[115.27004332394404,4.51855987703714],[115.27019632980016,4.519770449637997],[115.26955730870836,4.520963220685524],[115.2687051232238,4.522086941506362],[115.26883914971,4.523504474037069],[115.26823584677703,4.524604979582507],[115.26838616363878,4.526010861128816],[115.26754568724155,4.526944040009381],[115.26744400736527,4.527814936399832],[115.2670061028645,4.529017445826611],[115.26958534850782,4.531391734936739],[115.26997191584175,4.531911258309662],[115.26982068902025,4.533104262528473],[115.2701199921069,4.534111371845385],[115.27202263415177,4.5350374905994695],[115.27181532449792,4.535994329821113],[115.27113926598857,4.537635885916316],[115.27188765074,4.53876960344663],[115.27088854199644,4.540122847599003],[115.27036243762687,4.54115193905141],[115.26973984174603,4.543643950764115],[115.2690895660509,4.544846084986837],[115.2684586151517,4.546890420504343],[115.26937701570884,4.547272092171405],[115.26990302487383,4.548986405481049],[115.27164145240734,4.549756169432053],[115.27229394669929,4.5497484960160195],[115.27278000007428,4.550279567061939],[115.27310901036785,4.5519395032578105],[115.2732704252667,4.555232659968707],[115.27354382872912,4.556690014839386],[115.274302487218,4.557616346471075],[115.27457356543832,4.559331026470087],[115.2752383325701,4.56079412319014],[115.2756252865803,4.562600911088308],[115.27563288145619,4.563847668090578],[115.27451049525702,4.5659736160234825],[115.27469730358482,4.5666859924133805]]]},"properties":{"id":7,"name":"Hutan Simpan Batu Apoi","mukim":"MUKIM AMO","area":421443136,"district":"Temburong","mukimDisplayName":"Amo"},"id":7},{"type":"Feature","geometry":{"type":"Polygon","coordinates":[[[115.24718033073528,4.69707526773852],[115.2182323435287,4.697177108538726],[115.21818799438876,4.697222769579855],[115.2122008699103,4.688759277252149],[115.1933824787266,4.689354182545561],[115.1852763890968,4.68497031561729],[115.17586146168729,4.684801822314668],[115.17589209986848,4.663873984199007],[115.18492462840355,4.663882377817464],[115.19991174271118,4.64875969984786],[115.18098401045016,4.621079856953447],[115.17132560134026,4.60695436404439],[115.1814654721107,4.590341835098263],[115.19687160471815,4.576890688081646],[115.21834009652669,4.558145091970486],[115.21956037970706,4.5595827687727475],[115.22102768091979,4.560459329656851],[115.2225507568445,4.561562775052846],[115.22300004188479,4.561658424013065],[115.22446199130377,4.5613861901488315],[115.22788538149165,4.559026536183645],[115.2322525895008,4.559167728603474],[115.23595910889225,4.5565973204453885],[115.23832732261313,4.5559846662388495],[115.2405095880619,4.5564777872707385],[115.24689302726726,4.559552343995327],[115.2481548881534,4.560369501680408],[115.25043414867491,4.561367325919625],[115.25241355918548,4.562792431634278],[115.2529771563467,4.563035194728455],[115.25303127102326,4.569110914242581],[115.25727155664623,4.570298180612864],[115.25974680875055,4.571749482949968],[115.2633350474017,4.571891579535145],[115.26458442923732,4.572356584953914],[115.26847084947045,4.568743000819043],[115.27080357352008,4.566856232171466],[115.27314240739652,4.566691559635469],[115.27469730358482,4.5666859924133805],[115.27587768247193,4.567852052399805],[115.27683852729848,4.569008925344248],[115.27724581993654,4.569210240027316],[115.27943061723512,4.568897150965547],[115.28094893720792,4.56942668165876],[115.28269943734792,4.569528208182596],[115.28349953945555,4.570543740205547],[115.28338261163813,4.571192106961496],[115.28401774393869,4.571541743925768],[115.28526157317283,4.57273548979417],[115.28630045321891,4.573935028731841],[115.28627112373344,4.575589373974017],[115.28664522659436,4.5773469060873175],[115.28685119632256,4.579320936754665],[115.28593515487033,4.580621030909465],[115.28591389221057,4.5817844068025755],[115.2863602021367,4.582812968974298],[115.28752250964781,4.583915198167123],[115.28770858531213,4.584861123222937],[115.28903641796177,4.5860245284407615],[115.28933142095626,4.58660457210604],[115.28772889782168,4.58797887939168],[115.28663158719297,4.589591708108064],[115.28604858222877,4.591130120806789],[115.28635641680614,4.592754759771048],[115.285938745193,4.593461729564745],[115.28523787719922,4.593917105898082],[115.28476562458842,4.5945599659361545],[115.28489327334515,4.597015531823179],[115.28573341928792,4.597802274071773],[115.28640810856184,4.59920183156769],[115.28716228690263,4.6011286632381685],[115.28835256881146,4.603140210672632],[115.288713845119,4.604633780000571],[115.28976518859454,4.606076295511352],[115.2901013305456,4.606866835718673],[115.29021728164892,4.608288658522541],[115.28988510544745,4.609263311503493],[115.28973540435379,4.612543731071674],[115.28995723461871,4.614512722054521],[115.28862526227277,4.615231034259767],[115.28820983075907,4.616316597558789],[115.28836092160168,4.61733219768692],[115.28802546258378,4.618297903702504],[115.28653438769426,4.619494780088809],[115.28584472351055,4.619686380393625],[115.28516607576603,4.62049051840541],[115.28644908853605,4.623348292232608],[115.28658916057499,4.624206557929258],[115.2862712998609,4.625533437315849],[115.28637460657943,4.6264452870284],[115.28680286744863,4.627612740091159],[115.28616996027266,4.6290104792792315],[115.28595938952513,4.629865755459322],[115.2857849462043,4.633368477186355],[115.28546191227682,4.633726982942885],[115.28395596198023,4.63419998985563],[115.28297940744203,4.634021521466025],[115.28209854572994,4.634238221789957],[115.28157428939535,4.634714030715462],[115.28127611334745,4.635599464259098],[115.28188769249037,4.637469739218574],[115.28108890280862,4.638434749203937],[115.28035361396219,4.640221669986655],[115.27934750423748,4.640933726192263],[115.27761492183878,4.641050728339091],[115.27648880603378,4.641678917583064],[115.27558609568763,4.641863126075474],[115.2738410556021,4.6431677879709925],[115.27257455465872,4.6444970499998455],[115.27128945620018,4.645235780067413],[115.2701854057875,4.645302581763681],[115.26942632010272,4.6459554042943525],[115.26848013449667,4.648015299515116],[115.2667746188195,4.649136018732853],[115.26562285588143,4.650723348563883],[115.26482549866347,4.651160864050474],[115.26402863463383,4.651177180008302],[115.26236282816436,4.650683410716712],[115.26184962784326,4.650188701700865],[115.26033969327791,4.650414757677015],[115.25766693271927,4.650249075218485],[115.25632917959945,4.65035214196142],[115.25577350561834,4.650080974481716],[115.25681881839681,4.653366074782835],[115.25703081100731,4.6547155573114685],[115.25754694695995,4.655684366071269],[115.25896924423863,4.657694852959939],[115.26030611617415,4.658997284138052],[115.26239808757825,4.659786649090916],[115.26262537635934,4.6611495512943],[115.26291860288596,4.661659516772897],[115.26291517805346,4.6633163677299665],[115.26320996150444,4.663602659290191],[115.26412705634857,4.665335552915403],[115.26591601391712,4.667275620097533],[115.26738942466989,4.668308299526655],[115.26792091081096,4.668515240360568],[115.26820907927896,4.66980891390798],[115.26811884718941,4.670495614138024],[115.26719054815915,4.670872509131072],[115.2654860925799,4.6711099803320755],[115.26605595011448,4.672989089611494],[115.26688450937753,4.675043458673751],[115.26807104681869,4.676441558524282],[115.26852461095699,4.677221283967509],[115.26820379553155,4.678264250901321],[115.26821322534069,4.6795517761749],[115.26868847461714,4.681159070759242],[115.2706905265771,4.683085162362532],[115.27012825900158,4.684165436717899],[115.26769952087251,4.6859452584493],[115.26717682808706,4.686442573880678],[115.26611498810888,4.686838429936178],[115.26546234078775,4.6879324115091],[115.26311523920344,4.688306250413906],[115.26254074983169,4.688534674707711],[115.25979122281335,4.690843167412517],[115.25884062448802,4.692034973461255],[115.25834281941232,4.692282206798626],[115.25646520669821,4.691975216303021],[115.25501260740559,4.692226378784723],[115.25437971169576,4.691998173712814],[115.25205871429749,4.6923661878902045],[115.25105385481203,4.69292271934047],[115.25010160005263,4.693905233230376],[115.24931878935564,4.6956743644647805],[115.24810257215353,4.696832093739692],[115.24718033073528,4.69707526773852]]]},"properties":{"id":8,"name":"Kg. Selapon","mukim":"MUKIM BATU APOI","area":145718064,"district":"Temburong","mukimDisplayName":"Batu Apoi"},"id":8},{"type":"Feature","geometry":{"type":"Polygon","coordinates":[[[115.08835069409945,4.596930928059996],[115.08798316145686,4.604679276027259],[115.08769818247073,4.60895253818439],[115.0875366659573,4.6095012751238365],[115.05455659635331,4.609661759941063],[115.05153497476601,4.607726625407132],[115.05145697629108,4.606982790613803],[115.05046160791879,4.605370296193639],[115.05047214365474,4.604787629018125],[115.05190356953787,4.60438407039626],[115.0521863613636,4.603929115878442],[115.05226305983346,4.602796607801906],[115.05444355217602,4.601146985011954],[115.05486430183842,4.60046185105549],[115.05415936001016,4.59962847784745],[115.05332877978549,4.599679325555722],[115.05272228166258,4.599126995853806],[115.0527623453016,4.5985063340935195],[115.05367296084061,4.598097610219212],[115.05522001499688,4.598769392541844],[115.055915202488,4.598439516688873],[115.05642016692717,4.596718258530847],[115.0555952327201,4.595407832540862],[115.05513475355642,4.594967533537135],[115.0556833061566,4.594062562935762],[115.05620516253629,4.59392400229238],[115.05690633157964,4.595423138541616],[115.05857125407003,4.595537758414185],[115.0595316863984,4.596085661515308],[115.0601952993608,4.5953632726710945],[115.06019161147188,4.594512484511475],[115.06219431781963,4.594152058411803],[115.06295817208883,4.592968618936323],[115.06359251943906,4.590663022314983],[115.06253673212709,4.590527590539813],[115.0618767592451,4.58980242585986],[115.0630716290644,4.587771642429436],[115.06282807350036,4.586473320030585],[115.06354562513188,4.585520027569725],[115.06319840204574,4.5846834874617475],[115.06310646488394,4.583776013179826],[115.06338807448934,4.583403720813436],[115.06424702731243,4.583262646363829],[115.07626008336784,4.583139694328053],[115.07885705787368,4.57860381970014],[115.0893046958948,4.578569006084145],[115.0960063081384,4.585454798936325],[115.08860149133723,4.5910171497342755],[115.08835069409945,4.596930928059996]]]},"properties":{"id":9,"name":"Kg. Lepong","mukim":"MUKIM BOKOK","area":11152877,"district":"Temburong","mukimDisplayName":"Bokok"},"id":9},{"type":"Feature","geometry":{"type":"Polygon","coordinates":[[[115.10725589347435,4.576988634069103],[115.09970395486677,4.582672074034141],[115.0960063081384,4.585454798936325],[115.0893046958948,4.578569006084145],[115.07885705787368,4.57860381970014],[115.07626008336784,4.583139694328053],[115.06424702731243,4.583262646363829],[115.06376763664524,4.581682234587362],[115.06384287706797,4.580771129710936],[115.0646809126078,4.580855726359854],[115.06623027607222,4.580591842266212],[115.06788612400854,4.5796005308014385],[115.06846185651372,4.578964975125746],[115.0693737777426,4.578744075957603],[115.07044828092644,4.577943525987618],[115.07129213029721,4.576510635932048],[115.07125810162371,4.5760849407601825],[115.07011023379027,4.5759805750372795],[115.07002483828683,4.574899066453482],[115.06970934097336,4.573817680999732],[115.06819027065906,4.572819968041088],[115.06687202847796,4.573280167235703],[115.0665021618222,4.573094627799985],[115.06632341812382,4.572102238453677],[115.06662308802808,4.571414508578838],[115.06713731754064,4.571290887539872],[115.06943047685344,4.57239149713236],[115.07017643611918,4.5706832600873515],[115.0702221866292,4.570015090408429],[115.06961088767001,4.569535054833947],[115.06991900268628,4.5684296256901336],[115.07217777974489,4.567439193348969],[115.07255283147224,4.566435472227165],[115.07219608104089,4.5659360490103325],[115.07227308424171,4.564769975434378],[115.07505487382383,4.564247691293429],[115.07580656899242,4.564314561152672],[115.07570147475946,4.563353638643978],[115.07946833742243,4.562936382917591],[115.07938459495998,4.561213974248791],[115.0794801915876,4.560197157808754],[115.07886970063532,4.559906514253041],[115.07857191723046,4.5571502409252735],[115.0788585856962,4.552641476070292],[115.0893384401582,4.551480770937394],[115.09876875885693,4.550637941016334],[115.0988459986776,4.553105047231082],[115.09914440965467,4.553403642423172],[115.10455893811847,4.56121678080626],[115.10497093686588,4.561285209209051],[115.11898634016974,4.568160618173941],[115.10725589347435,4.576988634069103]]]},"properties":{"id":10,"name":"Kg. Semabat","mukim":"MUKIM BOKOK","area":12574491,"district":"Temburong","mukimDisplayName":"Bokok"},"id":10},{"type":"Feature","geometry":{"type":"Polygon","coordinates":[[[115.09876875885693,4.550637941016334],[115.09855352485839,4.543763159204882],[115.09864380787042,4.543302722529572],[115.109893450881,4.528230252942323],[115.11035015870675,4.527861566839868],[115.11286960543686,4.529351620857787],[115.11509273823674,4.531165725635293],[115.11910338558984,4.534723877808331],[115.12330271462338,4.541113126101433],[115.12498217039989,4.545389971651462],[115.12512008670238,4.546033355089107],[115.1255170239973,4.5498298180860495],[115.12540831139121,4.55284480645396],[115.12511903882677,4.556940924508733],[115.12455163663049,4.559404903471384],[115.12350618614518,4.5627664602196765],[115.122388982014,4.564724679373017],[115.12133966632103,4.566268603726818],[115.11898634016974,4.568160618173941],[115.10497093686588,4.561285209209051],[115.10455893811847,4.56121678080626],[115.09914440965467,4.553403642423172],[115.0988459986776,4.553105047231082],[115.09876875885693,4.550637941016334]]]},"properties":{"id":11,"name":"Kawasan Bahaya","mukim":"MUKIM BOKOK","area":9094477,"district":"Temburong","mukimDisplayName":"Bokok"},"id":11},{"type":"Feature","geometry":{"type":"Polygon","coordinates":[[[115.11909207181658,4.472828993471649],[115.12057758565454,4.47324226932251],[115.121176407872,4.47394316962862],[115.12129602460202,4.4748432580309885],[115.12091733508628,4.476125746201877],[115.11774543058662,4.481901494827618],[115.11673778033992,4.485756436969411],[115.11657268217284,4.4872470732226715],[115.11660931831025,4.488596838416983],[115.11724506862257,4.489557358548374],[115.12469310308971,4.501334893473986],[115.12547240904665,4.5022675026286105],[115.12687835460994,4.5047926409056265],[115.12733964914536,4.506125703091059],[115.1274833897906,4.508498821769965],[115.12675792721063,4.513854752775981],[115.12661734402393,4.515763610128846],[115.12687951417263,4.517176763480793],[115.12750041419463,4.518066101945579],[115.12842254649672,4.518752895395403],[115.12937706427365,4.519021552082648],[115.13110714766302,4.518604718939158],[115.13300652945695,4.518283403892218],[115.13394240848314,4.518369533985336],[115.1350731491288,4.518113292357278],[115.13755209201085,4.518613037664444],[115.13871591203649,4.519310584546975],[115.13931951321534,4.519910549782603],[115.14109371906592,4.5232099664380305],[115.14152588475707,4.523749181109906],[115.1437939352235,4.525338069431113],[115.14601609115232,4.526512198382414],[115.14717909499875,4.527461281494862],[115.14751428275389,4.528635349838949],[115.14790664247434,4.531383806125829],[115.1481986644048,4.532451182847005],[115.15025817006605,4.537471721509018],[115.1517989671769,4.540353040141418],[115.15270244888812,4.542664758746532],[115.12133966632103,4.566268603726818],[115.122388982014,4.564724679373017],[115.12350618614518,4.5627664602196765],[115.12455163663049,4.559404903471384],[115.12511903882677,4.556940924508733],[115.12540831139121,4.55284480645396],[115.1255170239973,4.5498298180860495],[115.12512008670238,4.546033355089107],[115.12498217039989,4.545389971651462],[115.12330271462338,4.541113126101433],[115.11910338558984,4.534723877808331],[115.11509273823674,4.531165725635293],[115.11286960543686,4.529351620857787],[115.11035015870675,4.527861566839868],[115.109893450881,4.528230252942323],[115.09864380787042,4.543302722529572],[115.09855352485839,4.543763159204882],[115.09876875885693,4.550637941016334],[115.0893384401582,4.551480770937394],[115.0788585856962,4.552641476070292],[115.07857191723046,4.5571502409252735],[115.07886970063532,4.559906514253041],[115.0794801915876,4.560197157808754],[115.07938459495998,4.561213974248791],[115.07946833742243,4.562936382917591],[115.07570147475946,4.563353638643978],[115.07580656899242,4.564314561152672],[115.07505487382383,4.564247691293429],[115.07503703963422,4.563896338094496],[115.07383570579194,4.562852265507718],[115.07321198025053,4.561964552746487],[115.0735444160891,4.561075743381336],[115.07352295065873,4.560251330651148],[115.07301502479336,4.560096999681383],[115.07193701767446,4.559305759035859],[115.07171841268128,4.558799276670338],[115.07336330431087,4.557015059793843],[115.07299040875785,4.556128591875074],[115.07256200941212,4.555956000700025],[115.07022949387226,4.556932662804113],[115.06958640900842,4.556540189162362],[115.06926599984361,4.555798617520667],[115.06972647080423,4.554707604631176],[115.0716015429953,4.5539923062576895],[115.07290096002255,4.5539558865975165],[115.07311638971707,4.552541804697757],[115.0735116326351,4.551816400295785],[115.07413438847854,4.549269513435932],[115.0740628127628,4.548362960249414],[115.07451099506318,4.547156217998994],[115.07324684597795,4.546842506135181],[115.07292546702439,4.546544564774525],[115.0730180430896,4.5456474161484675],[115.07381270639621,4.544589931215624],[115.07515648513517,4.544263938061255],[115.07580159634793,4.542787197088974],[115.0762791222408,4.5427179569619245],[115.0768902927388,4.545074522251515],[115.0776414081191,4.5458138424713725],[115.07799980319663,4.5452848239320796],[115.07693323638789,4.542768057416214],[115.07711105921864,4.541623078018539],[115.07892995895317,4.541893604383836],[115.07983163302586,4.540903496312587],[115.08141113531397,4.540920847657309],[115.0812694008809,4.5400590272751025],[115.08023178541416,4.539593801715018],[115.08086851828708,4.539185316803723],[115.08094781247114,4.538553571682454],[115.08178498575926,4.536757007144186],[115.08309269697747,4.535995089306566],[115.08324872421183,4.535457239875816],[115.08297143010194,4.534728099523274],[115.08345246017356,4.534276445360805],[115.08445688802504,4.533864921879471],[115.08459735223127,4.5333907090100185],[115.0836453365081,4.532537737769356],[115.08389518296201,4.532027071471412],[115.08531501712147,4.531977655642306],[115.08551018396756,4.53163865389329],[115.08408714740504,4.530884030800983],[115.08380122289081,4.529725854018923],[115.08483881067772,4.5293427077842185],[115.08461060957399,4.528551178670719],[115.08354993288552,4.528439401707322],[115.08390952764155,4.527405239266747],[115.08537150624396,4.526832824030769],[115.08477414196575,4.525845629298182],[115.08450780178046,4.524614125824269],[115.08377795383817,4.523707233489328],[115.08361643557652,4.523021662684456],[115.08378165108334,4.521477138700452],[115.08308597015605,4.521198180251948],[115.08230709724833,4.5214616173711075],[115.08147496840475,4.522815626399657],[115.0808745698931,4.522897580158711],[115.08117135492081,4.521321146024602],[115.08027618224773,4.520591347836841],[115.08029328585594,4.5200951163424055],[115.08131097006293,4.519392135525088],[115.08168044056974,4.518701447978127],[115.08095845878968,4.518154315487325],[115.08007530204006,4.5192835622293615],[115.07970834840519,4.5186388304145275],[115.0799990060238,4.51817867808615],[115.08100984523863,4.51747852761354],[115.08125237907657,4.517019798801046],[115.08109268096786,4.515984201892117],[115.08151461892523,4.515544139669504],[115.08233850617958,4.515486583256351],[115.08173461247044,4.514593108756986],[115.08249169752919,4.513631060675422],[115.08176917561032,4.5126740379760015],[115.08182244211653,4.512239816950581],[115.08290814233047,4.511532539275197],[115.08244681753928,4.511072633010431],[115.08183685022104,4.511092936923744],[115.08057863286236,4.51059453040732],[115.07983476664734,4.510048736067499],[115.08128943404945,4.509399742710892],[115.0810815806591,4.508491198516648],[115.08115221238683,4.507259112496436],[115.08085268128046,4.506723776123031],[115.07968006255513,4.507335379906031],[115.07900957622272,4.506958378995653],[115.07967182442614,4.506206842987085],[115.07975968626884,4.505251637045968],[115.0820319802737,4.506797534354578],[115.08231125236095,4.507745545153295],[115.08269076811871,4.50775025055006],[115.08359341916794,4.506742040363025],[115.08467276307243,4.5064318322547345],[115.08418383860798,4.504958133421125],[115.08369923227498,4.50435214706336],[115.08459441091959,4.5038374231195775],[115.08523172348292,4.503803277695208],[115.08642133816112,4.5044070904951345],[115.08657968594282,4.5025605922306],[115.08709943306671,4.501425768099349],[115.0874587210182,4.501310335936497],[115.08813150302531,4.502216237874457],[115.08884708606908,4.502630704189226],[115.08986650436806,4.5025130647448215],[115.09010984612023,4.501758395094194],[115.0884960288364,4.500746291183278],[115.0877727672632,4.499809444555499],[115.08803414513037,4.4994650643405185],[115.08978509283116,4.498596005698544],[115.08960367695188,4.497618727108358],[115.08991247459623,4.497007735312231],[115.09179333075967,4.496344544315431],[115.09236448426955,4.4955773771566285],[115.09208900093743,4.494768461395331],[115.08931298383926,4.493477520506471],[115.08887927589726,4.4931088723722326],[115.0892616300019,4.49253182222469],[115.09052183658116,4.493038889551951],[115.0911174471295,4.492608006905959],[115.09121515386919,4.491881139253814],[115.09237937732682,4.492277911401846],[115.09243399434804,4.493417599160702],[115.094399818036,4.492942238492511],[115.09480437535406,4.492431136468245],[115.09525775299555,4.490639718132348],[115.09398819962091,4.4892996071331215],[115.09416865560647,4.488823805326283],[115.09493000068132,4.489127316772798],[115.09531978669723,4.4886188875435735],[115.09403319065154,4.486598688519731],[115.09385047611813,4.485502297087167],[115.09386920282513,4.484250841889401],[115.09205796532403,4.484079187232585],[115.09210843546346,4.482725153334185],[115.09261462032963,4.481204351362444],[115.09148338813446,4.480805115011647],[115.09124204908842,4.480153818442374],[115.09145990632878,4.479027595254697],[115.09235627408722,4.4797483307728365],[115.09325400871839,4.477466476822416],[115.09196509166325,4.477179743945217],[115.0910837452921,4.476639576086433],[115.09017110235224,4.47546793524712],[115.09096184080634,4.475291635458255],[115.09233201202494,4.4764093748986085],[115.09319128672053,4.476572280094386],[115.0939595428801,4.476220677286783],[115.0941177927384,4.4752201903196145],[115.09342702571952,4.4743755815186725],[115.09393566251242,4.473837811469427],[115.09461005165028,4.473687310706632],[115.09538431496303,4.475276360135503],[115.09602182453644,4.475687373968038],[115.09637397537925,4.475326854805856],[115.09556000487365,4.474723063563704],[115.09584533798258,4.4742694316282146],[115.09670053898857,4.474237891692906],[115.0973213111159,4.473790999647218],[115.09735806783391,4.473138136420433],[115.0964069827855,4.47268313396088],[115.0979339048344,4.471755380374793],[115.09725510317391,4.470960208712101],[115.09680553377295,4.469804837569652],[115.09703659538393,4.469372187785279],[115.0984980190274,4.4703982607772765],[115.09905575433397,4.4699386371801095],[115.11899159778191,4.472801156742705],[115.11909207181658,4.472828993471649]]]},"properties":{"id":12,"name":"Kg. Temada","mukim":"MUKIM BOKOK","area":42809232,"district":"Temburong","mukimDisplayName":"Bokok"},"id":12},{"type":"Feature","geometry":{"type":"Polygon","coordinates":[[[115.13546335258617,4.373388714100422],[115.13557727943198,4.405152243449753],[115.13573426040452,4.448933977172331],[115.119002348711,4.467080672218178],[115.11909207181658,4.472828993471649],[115.11899159778191,4.472801156742705],[115.09905575433397,4.4699386371801095],[115.09891832343038,4.4686413171805075],[115.09813995882101,4.468687706732991],[115.09732271434962,4.468316731916771],[115.09626544741468,4.467149110749434],[115.09628776660173,4.466491048944621],[115.0972479519009,4.466569770373534],[115.09758848848404,4.465294891351831],[115.09660430899511,4.464316416696117],[115.09647893096285,4.462280018492353],[115.09706932146419,4.462183340711662],[115.09720118638731,4.461515143065383],[115.09815752905864,4.460469826018294],[115.09804410072907,4.460072792552365],[115.09681504508832,4.460084155165081],[115.09643400111013,4.459803425377535],[115.09670647186395,4.459088358523329],[115.09746013315086,4.4592843545525955],[115.09853575152647,4.458985349719273],[115.09868125013315,4.4585948617681135],[115.09792145446683,4.45807346595961],[115.09681575942716,4.457729597595429],[115.09623307554342,4.457271008627319],[115.09698900745587,4.455958921429133],[115.09760339012531,4.456464793818743],[115.09804271151876,4.456223730785176],[115.09811275647135,4.455258538510341],[115.09699618132674,4.4549209496069055],[115.09625632366946,4.4552961566440255],[115.09619867836908,4.454385117243185],[115.09740190438725,4.454171063058396],[115.0972818708772,4.4533599057566216],[115.09654143039572,4.453154638047621],[115.09586105381018,4.453720212859912],[115.09560034573288,4.4544494411306825],[115.09425116355443,4.454185979167319],[115.09283752616571,4.454430037176411],[115.09244707103318,4.45419012782141],[115.09352128682664,4.453038330482512],[115.09372354143262,4.451885833071009],[115.09318635306052,4.451178003958141],[115.09403116742077,4.451119727872356],[115.09414029469356,4.450307436759592],[115.09357471086302,4.450138122508021],[115.09352753961608,4.449305316886058],[115.09403797336158,4.448872698285572],[115.0948078174933,4.448770571029586],[115.09469673336997,4.448137062600354],[115.09378501712283,4.447425153781841],[115.09325433452372,4.447471157199351],[115.09258638394985,4.448204103744809],[115.09224047971615,4.447607595677365],[115.09266144949238,4.446966648193473],[115.0921951104491,4.4462279258066655],[115.09299272978383,4.44563799378743],[115.09377530312149,4.446618144650789],[115.0943614943009,4.446157441208427],[115.09405646166455,4.44494116435431],[115.09426514150314,4.443715929783559],[115.09341697054141,4.4435750564776235],[115.09296562487683,4.443883992678241],[115.09231960039125,4.4435327900946415],[115.09217207769242,4.442582889371098],[115.09231315896581,4.4416240597232095],[115.09289727777961,4.440757717864201],[115.09357302983359,4.440267500929936],[115.09405299451785,4.439515467934],[115.09469433981151,4.440735320402586],[115.09523358574558,4.440953201784216],[115.09686450229108,4.440099531423094],[115.09679112300795,4.439740079043902],[115.09558320381763,4.439269025391132],[115.09570940674989,4.438768711841399],[115.09798173081897,4.4382885045630704],[115.09848486577064,4.437406784147527],[115.0972098839911,4.4372272830738],[115.09555124416956,4.437520557392469],[115.09554355961231,4.436702327178626],[115.0937166380204,4.437632625031033],[115.09332804194405,4.4367043333544185],[115.09234307520853,4.436912404282971],[115.09238026415632,4.437526222107654],[115.09302010475068,4.438240761417466],[115.09265191868622,4.438679388363089],[115.09194011635579,4.438165877054975],[115.09123195480961,4.438124475472738],[115.09079347800932,4.436665255334291],[115.09082935449163,4.435910551659756],[115.09177468823856,4.435030338336283],[115.09174856873578,4.434764155905943],[115.09010992403356,4.433237144360344],[115.09027696933005,4.43257986320834],[115.09110918263698,4.43255934544009],[115.09215328622822,4.433415889234142],[115.09285733362874,4.433116415159568],[115.09292946661395,4.432234668230336],[115.09251289085155,4.430995368521591],[115.09270920164445,4.430441183767951],[115.09343701274875,4.430296924750374],[115.09454726096477,4.431262409980413],[115.0955104605396,4.431096194737958],[115.09527484012966,4.430480784258635],[115.09439894746001,4.429264159755122],[115.09516564118113,4.428782681157257],[115.09537229305934,4.428167592807641],[115.0969938369846,4.42794281832201],[115.09670141453856,4.4269680777360385],[115.0971376940712,4.426036381896062],[115.09826821162699,4.425946750849197],[115.0993883724847,4.4263718779632715],[115.10029274745943,4.425348885758749],[115.09921762929318,4.425243604264626],[115.09876754335741,4.424656770925177],[115.09972865320563,4.423893346612667],[115.09972496725338,4.423329524781002],[115.09899187071294,4.422102927005736],[115.0989577223219,4.42156398970782],[115.09964607998157,4.42134677723895],[115.09990092673956,4.421998029974023],[115.10045963204784,4.421677964687229],[115.10132200191255,4.421786853631533],[115.10166094279451,4.42149882024303],[115.10148377461951,4.420282655963883],[115.10227449252848,4.419173667993635],[115.10235074320146,4.41810000637313],[115.10319884702228,4.418147618247968],[115.10402834907983,4.417563261347005],[115.10434766573272,4.416770245805727],[115.10405505579466,4.4154174477113015],[115.10432356595393,4.414764613086698],[115.10416371883618,4.413554719484012],[115.1050976652707,4.412893130769887],[115.10405744611961,4.412251851464017],[115.10419417652652,4.411399395585575],[115.10572984092718,4.41053860780645],[115.10536379751667,4.410264523393942],[115.10390955141425,4.410870615123268],[115.10218328249546,4.410863224333041],[115.10207843137752,4.409444761622922],[115.10292845121174,4.408774048996781],[115.102523568764,4.408283842455639],[115.10181430026661,4.4084147540960865],[115.10151686928646,4.407369301102472],[115.10038230222816,4.407317768045161],[115.10056231237972,4.406229735921086],[115.10177396657629,4.406214079960605],[115.10242614642866,4.405691370345889],[115.10211289123315,4.405141884937335],[115.10125686793057,4.404904816439693],[115.10088520614762,4.404000164734167],[115.10159170866379,4.403230628259245],[115.10136646930567,4.402809549033958],[115.10019197012836,4.403075612893882],[115.10000859352216,4.401994774065921],[115.09908013358557,4.400869229377425],[115.09829620003383,4.399443099244964],[115.09705515244411,4.398829257019384],[115.09614592004952,4.399332385728357],[115.09586573404948,4.3984561864042515],[115.09643598026022,4.397738121165043],[115.09617151917315,4.39709178360176],[115.09531855043254,4.397362457769393],[115.09443489032948,4.3961569829407905],[115.09499254760492,4.395716903158768],[115.09563113120225,4.395684728421906],[115.09515808488608,4.394557015688924],[115.09396038419918,4.395508725148521],[115.09388441837513,4.39464269283355],[115.09347650816291,4.393293712724417],[115.09400451754792,4.392582576053629],[115.09398881393658,4.391953489545271],[115.09489626320328,4.39148501122928],[115.09501413852317,4.390921139007297],[115.0932458694091,4.391167841194326],[115.09233163525384,4.392305367091516],[115.09208131734104,4.391656627127182],[115.0909152408707,4.391470512531799],[115.09094054725342,4.390870954479179],[115.0918236583327,4.390696960345584],[115.0915085161323,4.389739385848882],[115.09079433041389,4.389174054773971],[115.09146416911513,4.388490483273302],[115.0912343009401,4.388056301879171],[115.0900762575885,4.388414549190736],[115.09081103015981,4.386746169087576],[115.09152354789768,4.386324203919598],[115.09140233283837,4.385668880439813],[115.09207227962848,4.384585900223492],[115.09302662237234,4.385293327417095],[115.09386847629925,4.38466642743946],[115.09382302779241,4.3836283561571285],[115.09441891714813,4.383929166812188],[115.09537415045547,4.384876720814795],[115.09581988379594,4.38489512300285],[115.09623589778116,4.383892309600323],[115.0969776404907,4.38313007515454],[115.09862547189913,4.383304340330336],[115.09939305195626,4.383210679411991],[115.0995002100682,4.38410790051018],[115.10044737467962,4.383527669226665],[115.10091361946151,4.3826734715159255],[115.10192088059918,4.382821847043623],[115.10314697821123,4.382555151668091],[115.10278124786187,4.381589249387005],[115.1036414317858,4.380626633763663],[115.10457532722265,4.378857715794967],[115.10508162404068,4.378422591751386],[115.10654003554926,4.377814130745328],[115.10760051791092,4.377927044227258],[115.10854764655406,4.37752932581935],[115.10868591348373,4.376843278614954],[115.10953346607904,4.375906294550331],[115.10860523774699,4.374898606778066],[115.10889542011802,4.374318957255673],[115.11055272213457,4.373775747911388],[115.11005146614116,4.372782358014269],[115.11031115636105,4.372085138105519],[115.10943021063756,4.371714846223955],[115.10767282526966,4.3723451266272],[115.10697974543909,4.372833973007465],[115.10597679612137,4.372087201504338],[115.10601561350643,4.371516267199503],[115.10942634909061,4.370374815227167],[115.1102959768002,4.371051488460291],[115.11341105588636,4.371704915734187],[115.11525413771705,4.371828649941855],[115.11589421588103,4.371603806505106],[115.11627702024683,4.370943974199658],[115.11747339716858,4.3698581887563215],[115.11885707272214,4.3693794737968705],[115.11995091785332,4.370010784676359],[115.1181443135749,4.370443631864773],[115.11784216438497,4.371079756952981],[115.11835875974533,4.371861999350331],[115.1197926681606,4.371689451998314],[115.12076690117978,4.372281188987675],[115.12121326060229,4.372085941889878],[115.12165536522146,4.371296838045312],[115.12226638895962,4.371168051205755],[115.12349730052065,4.37140092994537],[115.12351225168837,4.372361503979047],[115.12388244924128,4.372801623205126],[115.12689628479005,4.373459232568121],[115.12964443581376,4.3733264249712684],[115.13107893572858,4.373542951757446],[115.13193383087574,4.373853254137974],[115.13317678883428,4.373169862359472],[115.13372219213423,4.373114369065197],[115.13546335258617,4.373388714100422]]]},"properties":{"id":13,"name":"Hutan Simpan Batu Apoi","mukim":"MUKIM BOKOK","area":43206468,"district":"Temburong","mukimDisplayName":"Bokok"},"id":13},{"type":"Feature","geometry":{"type":"Polygon","coordinates":[[[114.80277579653637,4.860917510758575],[114.80297991272246,4.86124091222071],[114.80272148021383,4.861413949820117],[114.80422433877372,4.8629382105244305],[114.80211182671421,4.863741938447466],[114.80062904848381,4.867854723169018],[114.7999472687985,4.870720115765409],[114.79977520748018,4.8729752988939845],[114.79792371172495,4.875940799657288],[114.7966650543123,4.877371108915284],[114.79514160733507,4.878241485408513],[114.79314966930386,4.878681569815838],[114.79277819810248,4.879674607300223],[114.79350759617435,4.880344318400393],[114.79441433880966,4.8817599099301665],[114.79531307488031,4.883919208749818],[114.79542384389059,4.8848051539194515],[114.79502302656397,4.885526420871435],[114.79441725576274,4.88727529110934],[114.79491535895896,4.889200111343375],[114.7945015728684,4.8906952001133135],[114.7935604885638,4.892313249694215],[114.79322353044698,4.892836033564082],[114.79265627600917,4.895044311020243],[114.79249816215517,4.896096647092268],[114.7921242115969,4.896949684172486],[114.77790471942512,4.861912051478148],[114.79719836145553,4.858861835631905],[114.80196994881331,4.860862822077652],[114.80277579653637,4.860917510758575]]]},"properties":{"id":14,"name":"Kg. Ikas","mukim":"MUKIM KERIAM","area":5583832,"district":"Tutong","mukimDisplayName":"Keriam"},"id":14},{"type":"Feature","geometry":{"type":"Polygon","coordinates":[[[114.92976013802294,4.927142923693098],[114.93128065223439,4.927073233388456],[114.93270004363066,4.9266420892931215],[114.93340613572501,4.928092543234044],[114.93364525063978,4.92906286528815],[114.93474923802643,4.930886261227063],[114.93006511671018,4.93112402450666],[114.92976013802294,4.927142923693098]]]},"properties":{"id":16,"name":"Kg. Jaya Bakti","mukim":"MUKIM BERAKAS A","area":189973.21875,"district":"Brunei-Muara","mukimDisplayName":"Berakas A"},"id":16},{"type":"Feature","geometry":{"type":"Polygon","coordinates":[[[114.97679768879192,4.984581528622671],[114.97663484895828,4.9866917766793435],[114.97611294026709,4.991161254191831],[114.97549248515043,4.992254092055661],[114.97471847069062,4.993453674187745],[114.97413844607414,4.994271604022091],[114.9691071701108,4.989222985524419],[114.96672103086324,4.987283265713578],[114.96472959526098,4.986119486591933],[114.96290205163663,4.985464456182923],[114.96141062280299,4.985237378307442],[114.96039386362449,4.98522868375882],[114.96012850229474,4.985259473245674],[114.95982216084134,4.98352745140218],[114.95933384998422,4.982543792258577],[114.95840748230859,4.981633391341837],[114.95936717203662,4.980932801412993],[114.96007395067927,4.980759894943949],[114.96264817250645,4.981015463756056],[114.96328701749852,4.980940899095823],[114.96389214956803,4.980342694305125],[114.96398819446004,4.979512643120968],[114.96384125715687,4.97763133487034],[114.96381629566226,4.976222485600339],[114.96434772690826,4.975467793390241],[114.96609144135375,4.975237433050552],[114.967299303597,4.975768731243481],[114.96764512432475,4.976183094610425],[114.96741567625115,4.97711810394078],[114.96822914886008,4.977386247189214],[114.96914804534885,4.9770253513922995],[114.97034425025006,4.979035781371865],[114.97005565075112,4.980300268678653],[114.9719788513541,4.98036771838201],[114.97401626396741,4.980188360664114],[114.97542612541687,4.979926183828728],[114.97555824515129,4.981264222420864],[114.9755483777301,4.983876722867897],[114.97509485359099,4.984474461037356],[114.97526052264776,4.985005815453486],[114.97679768879192,4.984581528622671]]]},"properties":{"id":17,"name":"Perumahan Negara Lambak Kanan Kawasan 2","mukim":"MUKIM BERAKAS B","area":1994734.375,"district":"Brunei-Muara","mukimDisplayName":"Berakas B"},"id":17},{"type":"Feature","geometry":{"type":"Polygon","coordinates":[[[114.94221946124645,4.883137253276998],[114.94329396338578,4.8835296843614255],[114.94308788395756,4.885402498208193],[114.9417249304058,4.885165593678589],[114.94214751264663,4.883432352547105],[114.94221946124645,4.883137253276998]]]},"properties":{"id":33,"name":"Kg. Bakut Berumput","mukim":"MUKIM PERAMU","area":29340.890625,"district":"Brunei-Muara","mukimDisplayName":"Peramu"},"id":33},{"type":"Feature","geometry":{"type":"Polygon","coordinates":[[[114.94107605752583,4.88313754245364],[114.94214751264663,4.883432352547105],[114.9417249304058,4.885165593678589],[114.94058224883412,4.884801176980646],[114.94107605752583,4.88313754245364]]]},"properties":{"id":34,"name":"Kg. Bakut Pengiran Siraja Muda A","mukim":"MUKIM PERAMU","area":24014.71484375,"district":"Brunei-Muara","mukimDisplayName":"Peramu"},"id":34},{"type":"Feature","geometry":{"type":"Polygon","coordinates":[[[114.94127574889009,4.882012543948085],[114.94258195760357,4.882305599547948],[114.94221946124645,4.883137253276998],[114.94214751264663,4.883432352547105],[114.94107605752583,4.88313754245364],[114.94127574889009,4.882012543948085]]]},"properties":{"id":35,"name":"Kg. Bakut Pengiran Siraja Muda B","mukim":"MUKIM PERAMU","area":17717.78515625,"district":"Brunei-Muara","mukimDisplayName":"Peramu"},"id":35},{"type":"Feature","geometry":{"type":"Polygon","coordinates":[[[114.81706847528707,4.765120500738082],[114.81752900184198,4.767426840333585],[114.81736542644778,4.768714421594774],[114.81672070049189,4.7696650240625065],[114.81623573504382,4.769518268405341],[114.81417809503766,4.769521545887872],[114.81343395496837,4.769764541904628],[114.8112252623607,4.771260144947562],[114.81039686899591,4.769807672009344],[114.81178383091427,4.7689543541672],[114.81155574154899,4.764796449998213],[114.81053072488257,4.763611415513108],[114.80927505886241,4.761075598521969],[114.80649027113562,4.761773784770657],[114.80537634599027,4.756141834004697],[114.80897291767012,4.756165936706022],[114.81160855440321,4.754295973115445],[114.81367349457328,4.752196769855147],[114.81411680626644,4.762928954979185],[114.815370016588,4.764571790351661],[114.81706847528707,4.765120500738082]]]},"properties":{"id":36,"name":"Kg. Batang Perhentian","mukim":"MUKIM PANGKALAN BATU","area":1165012.75,"district":"Brunei-Muara","mukimDisplayName":"Pangkalan Batu"},"id":36},{"type":"Feature","geometry":{"type":"Polygon","coordinates":[[[114.82620034429088,4.837860579748699],[114.8262245190188,4.843336007997468],[114.82218507805152,4.839042522498198],[114.82157768151706,4.838739672191892],[114.82189239127966,4.84034702935852],[114.82077392503327,4.840909708662822],[114.81763853492852,4.840186985485697],[114.81012110133996,4.839099679481836],[114.79830021793033,4.8373442213184505],[114.79842429396759,4.836868085167124],[114.79816645596789,4.835789810934279],[114.79734408595567,4.834541376924186],[114.7971393379862,4.83292655532141],[114.79628138697781,4.830874463325815],[114.79552506083704,4.82966370072661],[114.79438549164215,4.826798723267793],[114.79223980501261,4.8204296986935375],[114.80672395102201,4.814540188775875],[114.80821472066886,4.813970235622161],[114.81200808624884,4.811834354671139],[114.81331922796099,4.811296920679887],[114.81311268207776,4.81068712193281],[114.81357061297153,4.810282415373496],[114.81420311117436,4.808553272765053],[114.82153133932725,4.807015013814507],[114.82380925563108,4.814961505700235],[114.82443849915269,4.8165288667714705],[114.826019150209,4.824392216470326],[114.82647997827048,4.826271939365864],[114.82617671884137,4.83245452408642],[114.82620034429088,4.837860579748699]]]},"properties":{"id":37,"name":"Kg. Batong","mukim":"MUKIM PANGKALAN BATU","area":9780677,"district":"Brunei-Muara","mukimDisplayName":"Pangkalan Batu"},"id":37},{"type":"Feature","geometry":{"type":"Polygon","coordinates":[[[114.8963433626506,4.920381653035244],[114.8910673539895,4.920522758668473],[114.89108020922335,4.920807733183142],[114.89104343046881,4.920818960744341],[114.89098889607988,4.9208356088793765],[114.89095512344116,4.920845919298588],[114.89092065354565,4.9208564416522425],[114.89090553378034,4.920861057453178],[114.88917855655644,4.921427982973623],[114.8876247365288,4.921201730074766],[114.88442668502097,4.921210985780164],[114.8844345470039,4.920666390238219],[114.87557296353833,4.9212049817688115],[114.87451126578028,4.921269502949195],[114.86110518762567,4.917892077480955],[114.86471732987148,4.903719407003444],[114.86981994483041,4.905918022663466],[114.87252171623447,4.907177452373328],[114.8734474191758,4.907608965788579],[114.88290459858129,4.908142736740793],[114.88431038663784,4.908250952194055],[114.88537813833176,4.908372989788859],[114.88538932273026,4.908810394354648],[114.8867097687952,4.9088497561986975],[114.88817012294398,4.908686615821562],[114.89159942753126,4.908926919428389],[114.89621534525705,4.908826054826607],[114.89632840096316,4.91742660261598],[114.8963433626506,4.920381653035244]]]},"properties":{"id":15,"name":"Kg. Katok","mukim":"MUKIM GADONG A","area":5380744,"district":"Brunei-Muara","mukimDisplayName":"Gadong A"},"id":15},{"type":"Feature","geometry":{"type":"Polygon","coordinates":[[[114.86996642161598,4.855411537798057],[114.86848324561572,4.857082332522772],[114.86750266278129,4.857426695479809],[114.86675335930661,4.85723911935917],[114.86616616574027,4.856459268097436],[114.86500245742698,4.855433167988372],[114.86350355445809,4.854488829172095],[114.86277100507213,4.8551828735481575],[114.8615907327839,4.856960696589927],[114.86111589448363,4.857964278068879],[114.8600785467372,4.857982663274083],[114.85777336779128,4.856638989417577],[114.85817522769585,4.8529427454180345],[114.85807536023493,4.852811260309558],[114.85816306385111,4.852077417026287],[114.85925746956329,4.85211794051768],[114.85928507272895,4.8514960214649046],[114.86005560545448,4.850424946060659],[114.85999452978751,4.84929163142005],[114.8629787609519,4.849738789513819],[114.86332387087909,4.847916185455849],[114.86261922610062,4.847508383619025],[114.86251807368201,4.845535203570939],[114.86289110124096,4.845577633383886],[114.86591090845137,4.842274153228032],[114.86608886884821,4.841806298748822],[114.8706534969574,4.841789612022488],[114.87103902841662,4.841127302696755],[114.87180974448755,4.841984092451141],[114.87262401466042,4.84129024679321],[114.8739102146159,4.842819242839287],[114.87521648163698,4.8417093446229655],[114.87703005772448,4.841789164321504],[114.87836590106689,4.84062775973368],[114.88406768836862,4.840604856745901],[114.8856622623924,4.840014981273454],[114.88606015115705,4.8421000746466385],[114.88542233913384,4.8425319941868015],[114.88446973907185,4.844526436191358],[114.88486564289649,4.845871210182465],[114.88419174926206,4.846224042576848],[114.88333054633857,4.847093165870339],[114.88192932710393,4.849578803650943],[114.88156299751815,4.850306246740058],[114.88085002732394,4.851001952632975],[114.8800363261447,4.851184736399401],[114.87914443829158,4.85085226212586],[114.8774092829577,4.8496790142773],[114.87606713949964,4.849552526924747],[114.87473676653892,4.849910951914881],[114.87282789557433,4.851490910745082],[114.87084865522584,4.854406154934559],[114.86996642161598,4.855411537798057]]]},"properties":{"id":43,"name":"Kg. Bengkurong","mukim":"MUKIM KILANAS","area":3253259,"district":"Brunei-Muara","mukimDisplayName":"Kilanas"},"id":43},{"type":"Feature","geometry":{"type":"Polygon","coordinates":[[[114.94584191476426,4.95301264654991],[114.94744730034495,4.9547361661652385],[114.94874325923,4.956288201042964],[114.95051896957172,4.958797361322358],[114.95084849895936,4.959423363163729],[114.95150770334192,4.960868664470549],[114.95208122495941,4.963251938160596],[114.95243955398189,4.967135240285961],[114.95274475387973,4.968686958989503],[114.95330537674255,4.970458321010204],[114.95403859831143,4.97227549656332],[114.95476679456397,4.974469123341613],[114.95523677755436,4.976634727597779],[114.95576212074839,4.978475716953749],[114.95664510577964,4.979875281908309],[114.95840748230859,4.981633391341837],[114.95933384998422,4.982543792258577],[114.95982216084134,4.98352745140218],[114.96012850229474,4.985259473245674],[114.95955552841231,4.9853262620036105],[114.95825051918013,4.985601639493843],[114.95687271508466,4.985959109910716],[114.95504881875193,4.986364500746701],[114.95408645938532,4.98644060041439],[114.95416975923445,4.985283477198333],[114.95208333939463,4.9827089477843325],[114.95186267900704,4.9812014805225004],[114.95073628572267,4.980395045668572],[114.94854474165025,4.978296970164493],[114.94821670701478,4.97772648776442],[114.94771254609178,4.975471956790859],[114.94742486448233,4.974692202444926],[114.94571493429183,4.9719057349312505],[114.94554324846581,4.971117712925872],[114.94602152848559,4.967633970933081],[114.94673793950382,4.963405636566239],[114.9467438676402,4.962686279473031],[114.94562776700454,4.961537171469713],[114.94432596554317,4.960956751690091],[114.94379328976318,4.9587002587671645],[114.94456033181176,4.955031691221519],[114.94513578627299,4.95426262866913],[114.94584191476426,4.95301264654991]]]},"properties":{"id":74,"name":"Kg. Lambak B","mukim":"MUKIM BERAKAS A","area":2529104,"district":"Brunei-Muara","mukimDisplayName":"Berakas A"},"id":74},{"type":"Feature","geometry":{"type":"Polygon","coordinates":[[[114.90578306995143,4.96317396113809],[114.90352559841601,4.966220613781062],[114.90275035914868,4.966116717674156],[114.89923813621539,4.966679076069944],[114.8957981126121,4.967359096586752],[114.89457181022328,4.964538029672605],[114.893815612863,4.962798413936792],[114.89342373574921,4.96189690564918],[114.89337692877386,4.961789227263224],[114.89321377684858,4.9614138963773025],[114.8931631470611,4.961297422995603],[114.89681145242206,4.95907181213296],[114.89843827179939,4.957882150712511],[114.90060471333345,4.955671750010662],[114.90157827169391,4.9544580790152875],[114.90190202750874,4.953949986707132],[114.9019344430027,4.953899115211364],[114.90515820180522,4.954546313846216],[114.90392474134154,4.957348810391077],[114.90346520360991,4.958945835866549],[114.90371846328196,4.960873599004373],[114.90578306995143,4.96317396113809]]]},"properties":{"id":22,"name":"Perumahan Negara Rimba Kawasan 1","mukim":"MUKIM GADONG A","area":1193015.625,"district":"Brunei-Muara","mukimDisplayName":"Gadong A"},"id":22},{"type":"Feature","geometry":{"type":"Polygon","coordinates":[[[114.90515820180522,4.954546313846216],[114.90560593809401,4.953655599751722],[114.90692828579219,4.952797505506536],[114.9086013173154,4.9529127798762165],[114.91003546951711,4.95360813721464],[114.91187192100222,4.953902079757924],[114.91358892430279,4.953650943933252],[114.91511115696903,4.953842971809041],[114.91624639309627,4.954439331963098],[114.91694552795806,4.955016925898802],[114.91754706940543,4.956405131877749],[114.91780379945905,4.959528766644222],[114.91741631572428,4.961089406155665],[114.91659280941431,4.96234390220072],[114.91469320871343,4.964081003922821],[114.91394768427897,4.964481771523668],[114.91302459442238,4.964684687946516],[114.91187760325336,4.964465504785559],[114.91069633549216,4.963908420730253],[114.90936315833865,4.963620848354093],[114.90669047813878,4.963559498380042],[114.90578306995143,4.96317396113809],[114.90371846328196,4.960873599004373],[114.90346520360991,4.958945835866549],[114.90392474134154,4.957348810391077],[114.90515820180522,4.954546313846216]]]},"properties":{"id":23,"name":"Perumahan Negara Rimba Kawasan 2","mukim":"MUKIM GADONG A","area":1618196,"district":"Brunei-Muara","mukimDisplayName":"Gadong A"},"id":23},{"type":"Feature","geometry":{"type":"Polygon","coordinates":[[[114.96642980680242,4.959433153132951],[114.9675470633885,4.959148836608001],[114.9674662639149,4.95992662139784],[114.96829814856552,4.960747662803702],[114.96785231924288,4.961322195779242],[114.96868838284884,4.962746961490066],[114.96944834307236,4.963216854616827],[114.96982172391328,4.9669058592399224],[114.96919466348189,4.96757176686304],[114.9677310930792,4.9684971110339475],[114.96482064525313,4.969741253685637],[114.96330132522665,4.967242627684992],[114.96205272350693,4.965892251990729],[114.96055091183769,4.964668714618788],[114.95864169378461,4.963541195705525],[114.95763856670324,4.963140084609505],[114.9555940522044,4.962808212822382],[114.95401565611701,4.962873049767204],[114.95208122495941,4.963251938160596],[114.95150770334192,4.960868664470549],[114.95084849895936,4.959423363163729],[114.95168246808115,4.95838303978163],[114.95018713108946,4.957195089689937],[114.95096044361118,4.956188773346388],[114.95214683488935,4.9560407938172135],[114.95139903432123,4.956912374021717],[114.95301027221713,4.957731363088618],[114.95251604360011,4.958288909675592],[114.95320537947893,4.959017860035474],[114.953515536693,4.9585118343004195],[114.95474462016954,4.959879063746053],[114.95533018716782,4.9592407248577315],[114.95543949134809,4.958347058761829],[114.95706182882437,4.958212993189178],[114.95728253653462,4.95717837459149],[114.95775268131355,4.95805049586244],[114.95946796213464,4.9571529289694345],[114.96005687522332,4.958607802697371],[114.96063791417177,4.9582924046331165],[114.96111549118031,4.958727023386772],[114.96183897115671,4.958411157363005],[114.96309152115111,4.961768101029063],[114.96418879659383,4.962405172442032],[114.96423326566745,4.961187002071249],[114.96518241103703,4.96123845126774],[114.96464606480107,4.9597573812837785],[114.9665734934851,4.9597888429551915],[114.96642980680242,4.959433153132951]]]},"properties":{"id":24,"name":"Perumahan Negara Lambak Kanan Kawasan 3","mukim":"MUKIM BERAKAS B","area":1396574.5,"district":"Brunei-Muara","mukimDisplayName":"Berakas B"},"id":24},{"type":"Feature","geometry":{"type":"Polygon","coordinates":[[[114.82155422014638,4.870125143838754],[114.82128006768167,4.869983262991961],[114.82010616155527,4.870438465904981],[114.8206334400208,4.871312352667777],[114.81995532718562,4.871975354069907],[114.81853940018081,4.871455009520499],[114.81728116501307,4.8722460897767945],[114.81729602657919,4.875581441320317],[114.8157080038927,4.87661126284007],[114.8156868727233,4.877266041679165],[114.81452348676613,4.877447987765296],[114.80799552595114,4.881235654291432],[114.80860160039819,4.871286022883199],[114.8079428977069,4.870750331236301],[114.80845834486624,4.869794809886472],[114.80951391278796,4.869583041435205],[114.81008520648572,4.8686488287802625],[114.81085566821422,4.868242480587878],[114.80787665699316,4.865619421659678],[114.80371943510393,4.862170390368186],[114.80297991272246,4.86124091222071],[114.80277579653637,4.860917510758575],[114.80395746414337,4.859430249809735],[114.80363886231476,4.858915246746733],[114.80400444852779,4.858161900215605],[114.80409788588734,4.856968998491084],[114.80386575786748,4.854471944153138],[114.80317517436654,4.8514720522469945],[114.80242940179117,4.849254031899417],[114.80082597842407,4.8464478657385754],[114.80053175786323,4.8450673114887435],[114.7994577296666,4.841774057303986],[114.79932170270963,4.841116529315164],[114.79816965773821,4.838311293292552],[114.79830021793033,4.8373442213184505],[114.81012110133996,4.839099679481836],[114.81210128705938,4.847010994797902],[114.81453015592629,4.8563080416094895],[114.81354277460973,4.857990243336981],[114.81355523557573,4.859740715837359],[114.81534398499876,4.859427954944459],[114.81590643292097,4.861567935133001],[114.8177519416227,4.861587917191801],[114.81788976832782,4.863112989644683],[114.81965355207693,4.864060268778258],[114.81975778747115,4.864802741208354],[114.81911089121304,4.866115575301959],[114.81948909840902,4.866343127526561],[114.82155422014638,4.870125143838754]]]},"properties":{"id":64,"name":"Kg. Katimahar","mukim":"MUKIM SENGKURONG","area":5331660.5,"district":"Brunei-Muara","mukimDisplayName":"Sengkurong"},"id":64},{"type":"Feature","geometry":{"type":"Polygon","coordinates":[[[114.95266370220935,4.891639162988014],[114.9515273817049,4.892176771591375],[114.94904036765408,4.892308323386502],[114.94928884144717,4.89283943563025],[114.94681482795345,4.892439055815569],[114.94671791394495,4.892807326478295],[114.94680809499775,4.894900294929299],[114.94456667059615,4.893757503642218],[114.94374399185365,4.893843059118566],[114.94320699055096,4.893546060247659],[114.94358796374517,4.892813186252358],[114.9444933076572,4.88734752364368],[114.94448749750934,4.885471972589621],[114.94555235009484,4.885430282815377],[114.94689385896889,4.885202451958282],[114.94800605785622,4.884757770236296],[114.94906620568817,4.8836827949712776],[114.9501446123119,4.884053074485942],[114.9515395740959,4.884492368654547],[114.95140674977443,4.88508967398564],[114.95255628290451,4.885527059524245],[114.9521979279232,4.886738181486118],[114.95235064065791,4.887428921960626],[114.95303834304298,4.887984495383294],[114.95304901997181,4.889389411564847],[114.95198035706076,4.889175789399521],[114.95266370220935,4.891639162988014]]]},"properties":{"id":65,"name":"Kg. Kianggeh","mukim":"MUKIM KIANGGEH","area":841464.125,"district":"Brunei-Muara","mukimDisplayName":"Kianggeh"},"id":65},{"type":"Feature","geometry":{"type":"Polygon","coordinates":[[[114.92054774272773,4.90742662632942],[114.91889383579097,4.907422978015104],[114.91856339827225,4.907018579166122],[114.9184838388611,4.905530898496872],[114.91824935143383,4.905159638974497],[114.91690190716491,4.904701748963556],[114.91589037233162,4.905020616860785],[114.91483779297128,4.906933913242713],[114.91297482717017,4.908201865050899],[114.91163861536761,4.907299004544002],[114.9103197587839,4.9068410324511],[114.91035827527746,4.9062705930106],[114.90992719166222,4.901557374975794],[114.91013077090096,4.899993595007838],[114.91117418724865,4.897808662276555],[114.9112620573226,4.896562880191633],[114.91072023883731,4.893916942153451],[114.90905521302354,4.893983665535456],[114.90768231615434,4.893352750759321],[114.90768129599363,4.891989008562463],[114.907299863226,4.891093347035318],[114.9072678988094,4.889901716186837],[114.90753126324829,4.8883731972901305],[114.90819083049757,4.887349528622732],[114.90805085295382,4.885882683617879],[114.90833519429928,4.883965689217414],[114.90813718524552,4.881747496587115],[114.90809295197393,4.879910061661835],[114.90990970106941,4.88057760765158],[114.91169753096075,4.880582489989296],[114.91233825373781,4.880805841721575],[114.91300168395104,4.881460090624816],[114.91409751973713,4.883431689226829],[114.91796696742189,4.885266773285344],[114.91873467936458,4.886320378210219],[114.91952629215368,4.887897394296881],[114.92118820949013,4.888863438095514],[114.9217114613878,4.889158507943888],[114.92126153368012,4.890193451568781],[114.9223018243444,4.8927246487918925],[114.92192918325996,4.89284559288266],[114.92420224681842,4.898348806942887],[114.92428859086152,4.90032146866333],[114.92405330544591,4.900948114533182],[114.92361216957602,4.903747131674628],[114.9246439046737,4.9045547807585095],[114.92494647506302,4.905194040089496],[114.92307530416784,4.906687020349435],[114.92141869039382,4.907298168596143],[114.92054774272773,4.90742662632942]]]},"properties":{"id":66,"name":"Kg. Kiarong","mukim":"MUKIM GADONG B","area":3834252.5,"district":"Brunei-Muara","mukimDisplayName":"Gadong B"},"id":66},{"type":"Feature","geometry":{"type":"Polygon","coordinates":[[[114.86496235591694,4.884823484252568],[114.86385560342625,4.884293460140939],[114.86298477175329,4.885136752957828],[114.86030657333146,4.8858025593833165],[114.85873417093933,4.885363020377024],[114.85841447721299,4.885679351970348],[114.85535128726761,4.883772468816361],[114.8547014632612,4.884078488172938],[114.85323939522637,4.884068749551086],[114.8529418475831,4.8840662496896465],[114.85292824314273,4.881948878357903],[114.85292715091562,4.877218201732845],[114.85322380822508,4.8766699426992055],[114.85325674791243,4.873028847173044],[114.85322590524989,4.867212224636352],[114.85874772675594,4.8671581414289475],[114.85851298456154,4.861292869252321],[114.85724108724247,4.8608072979969315],[114.85412380726174,4.858840234258497],[114.85225246580201,4.857527784854508],[114.85155435785063,4.857236433142786],[114.85048714706257,4.857432818420345],[114.84943827921603,4.857240332069494],[114.84820521654662,4.856322059154489],[114.85200664885762,4.853715715168672],[114.85414735334949,4.852256014667108],[114.85807536023493,4.852811260309558],[114.85817522769585,4.8529427454180345],[114.85777336779128,4.856638989417577],[114.8600785467372,4.857982663274083],[114.86111589448363,4.857964278068879],[114.8615907327839,4.856960696589927],[114.86277100507213,4.8551828735481575],[114.86350355445809,4.854488829172095],[114.86500245742698,4.855433167988372],[114.86616616574027,4.856459268097436],[114.86675335930661,4.85723911935917],[114.86750266278129,4.857426695479809],[114.86848324561572,4.857082332522772],[114.86996642161598,4.855411537798057],[114.87155630335283,4.855951183305974],[114.87238171062879,4.855149824844066],[114.87437548809149,4.856260700734488],[114.87649009143949,4.856221671490647],[114.87661104520015,4.855966163063864],[114.878247670179,4.855980955336847],[114.88052447516412,4.856157556667904],[114.88052929968963,4.860115612659816],[114.88254463261349,4.869153199358312],[114.88393430580642,4.873553632664175],[114.88345050821142,4.874760396248764],[114.87809612646565,4.874773757289848],[114.8780466150458,4.874208224635962],[114.87619819534639,4.874404838343464],[114.87374951366947,4.87380866544104],[114.87291731419144,4.8728501389775545],[114.87234089368306,4.873633722190884],[114.87121734719645,4.873290564317951],[114.86979471204965,4.8737375588613014],[114.87018113460327,4.874057259160909],[114.86878446718308,4.875166975368513],[114.8675964076983,4.876543236517722],[114.86694958781484,4.876398233831513],[114.86522823586367,4.879935368958896],[114.86493528830026,4.881088755992483],[114.86561048991432,4.88222047115769],[114.86553135276388,4.8830554674242475],[114.86496235591694,4.884823484252568]]]},"properties":{"id":67,"name":"Kg. Kilanas","mukim":"MUKIM KILANAS","area":7930339,"district":"Brunei-Muara","mukimDisplayName":"Kilanas"},"id":67},{"type":"Feature","geometry":{"type":"Polygon","coordinates":[[[114.93280409250437,4.899277343047825],[114.93176902622308,4.899733650348855],[114.93083605637332,4.900564110256337],[114.92988625933421,4.9022612878099165],[114.92812070053513,4.904879779745338],[114.92746756284639,4.906108507360383],[114.92642059338806,4.9050508422350845],[114.92494647506302,4.905194040089496],[114.9246439046737,4.9045547807585095],[114.92361216957602,4.903747131674628],[114.92405330544591,4.900948114533182],[114.92428859086152,4.90032146866333],[114.92420224681842,4.898348806942887],[114.92192918325996,4.89284559288266],[114.9223018243444,4.8927246487918925],[114.92126153368012,4.890193451568781],[114.9217114613878,4.889158507943888],[114.92312731490308,4.888912605737376],[114.92402763438183,4.8895522065214925],[114.9256030313612,4.887884895159717],[114.92623351389612,4.888787619161685],[114.93007469430499,4.891601765625994],[114.93099207116784,4.890307184883143],[114.9317869312554,4.889523770798939],[114.93285409541035,4.890188951583826],[114.93325421158674,4.8906687739714005],[114.93375639305248,4.891929224645117],[114.9343250924686,4.892539724017896],[114.93539682921589,4.893171681393901],[114.93396726057772,4.897439474712724],[114.93351228419611,4.898424144843074],[114.93280409250437,4.899277343047825]]]},"properties":{"id":68,"name":"Kg. Kiulap","mukim":"MUKIM GADONG B","area":1765308.125,"district":"Brunei-Muara","mukimDisplayName":"Gadong B"},"id":68},{"type":"Feature","geometry":{"type":"Polygon","coordinates":[[[114.97129311623415,4.88394473757984],[114.97002195544881,4.88616055484837],[114.96857729718988,4.888371229316273],[114.96615110092446,4.886651886054397],[114.9643975506036,4.885060548252118],[114.96327002891425,4.885531320185144],[114.96185260341167,4.885194105037175],[114.96056142410298,4.8842088610568615],[114.96026347724097,4.884598068074241],[114.95868428174306,4.883708197474859],[114.95717959068124,4.882339564893013],[114.95610740034421,4.882198543842514],[114.95463722583861,4.880686507581138],[114.95512390759393,4.879293678859721],[114.9554247992648,4.8793938548181215],[114.95589601203683,4.878022164556472],[114.95640343915682,4.877033624371624],[114.95616748828061,4.8762814691080925],[114.95549296813917,4.876309356467511],[114.9550025234272,4.875683506309248],[114.95579090001519,4.875219823775052],[114.95648857974844,4.873857790673209],[114.95777306012145,4.874461584560922],[114.95839972386811,4.873509522726246],[114.95944693622288,4.874878716000532],[114.96059919532946,4.875708031234907],[114.96099523383856,4.876463077399852],[114.96249365719848,4.877609298126558],[114.96410437593886,4.877901079809681],[114.96566141351741,4.878998893177013],[114.96737867909711,4.879636050436943],[114.9680651512141,4.880288299252966],[114.96817463633299,4.881002413198829],[114.96950122586824,4.882279627000624],[114.97093835985316,4.884017406453116],[114.97129311623415,4.88394473757984]]]},"properties":{"id":69,"name":"Kg. Kota Batu","mukim":"MUKIM KOTA BATU","area":1408302.375,"district":"Brunei-Muara","mukimDisplayName":"Kota Batu"},"id":69},{"type":"Feature","geometry":{"type":"Polygon","coordinates":[[[114.93951115359611,4.885674907534607],[114.93882759916298,4.885578777535696],[114.93921252766856,4.88417268057697],[114.9395160467735,4.88432878657947],[114.94007159020947,4.884570902175028],[114.93951115359611,4.885674907534607]]]},"properties":{"id":70,"name":"Kg. Kuala Peminyak","mukim":"MUKIM SUNGAI KEDAYAN","area":13236.8779296875,"district":"Brunei-Muara","mukimDisplayName":"Sungai Kedayan"},"id":70},{"type":"Feature","geometry":{"type":"Polygon","coordinates":[[[114.82589536507372,4.864249537714139],[114.82492193933342,4.864291618926843],[114.82525957082848,4.865908911789246],[114.82227636212257,4.869853912521563],[114.82155422014638,4.870125143838754],[114.81948909840902,4.866343127526561],[114.81911089121304,4.866115575301959],[114.81975778747115,4.864802741208354],[114.81965355207693,4.864060268778258],[114.81788976832782,4.863112989644683],[114.8177519416227,4.861587917191801],[114.81590643292097,4.861567935133001],[114.81534398499876,4.859427954944459],[114.81355523557573,4.859740715837359],[114.81354277460973,4.857990243336981],[114.81453015592629,4.8563080416094895],[114.81210128705938,4.847010994797902],[114.81012110133996,4.839099679481836],[114.81763853492852,4.840186985485697],[114.82077392503327,4.840909708662822],[114.82189239127966,4.84034702935852],[114.82157768151706,4.838739672191892],[114.82218507805152,4.839042522498198],[114.8262245190188,4.843336007997468],[114.82973183076408,4.847063339062363],[114.82881061937093,4.848362901274253],[114.8290187820991,4.853633696227966],[114.83442812716542,4.856952649757334],[114.83051519388815,4.859856046972346],[114.82589536507372,4.864249537714139]]]},"properties":{"id":71,"name":"Kg. Kulapis","mukim":"MUKIM SENGKURONG","area":4867108.5,"district":"Brunei-Muara","mukimDisplayName":"Sengkurong"},"id":71},{"type":"Feature","geometry":{"type":"Polygon","coordinates":[[[114.93527039363211,4.901667712257984],[114.93427455807041,4.902104428601842],[114.93241614004708,4.902331971274907],[114.93177812252101,4.902999292808901],[114.93084835676304,4.905295850332511],[114.93089652266082,4.9058209762265514],[114.931839209748,4.907720701016622],[114.93183822347861,4.908345194033843],[114.93101708643555,4.911907898141006],[114.93104529726097,4.913512802624011],[114.93146066171752,4.914989456166342],[114.92921356127637,4.915269167308862],[114.92822637281824,4.913916544368524],[114.92951539504989,4.91264287094433],[114.9298367130877,4.911223756328258],[114.92987924144217,4.909664020651451],[114.92884206209901,4.908751809094522],[114.92727187351063,4.908655198708448],[114.92694879908416,4.9083011907656875],[114.92704279291773,4.907176844137842],[114.92746756284639,4.906108507360383],[114.92812070053513,4.904879779745338],[114.92988625933421,4.9022612878099165],[114.93083605637332,4.900564110256337],[114.93176902622308,4.899733650348855],[114.93280409250437,4.899277343047825],[114.93521200369312,4.900312886177443],[114.93609751988475,4.900798273475962],[114.93527039363211,4.901667712257984]]]},"properties":{"id":72,"name":"Kg. Kumbang Pasang","mukim":"MUKIM KIANGGEH","area":568641.75,"district":"Brunei-Muara","mukimDisplayName":"Kianggeh"},"id":72},{"type":"Feature","geometry":{"type":"Polygon","coordinates":[[[114.94513578627299,4.95426262866913],[114.94456033181176,4.955031691221519],[114.94379328976318,4.9587002587671645],[114.94432596554317,4.960956751690091],[114.94562776700454,4.961537171469713],[114.9467438676402,4.962686279473031],[114.94673793950382,4.963405636566239],[114.94602152848559,4.967633970933081],[114.94554324846581,4.971117712925872],[114.94571493429183,4.9719057349312505],[114.94742486448233,4.974692202444926],[114.94771254609178,4.975471956790859],[114.94821670701478,4.97772648776442],[114.94854474165025,4.978296970164493],[114.95073628572267,4.980395045668572],[114.95186267900704,4.9812014805225004],[114.95208333939463,4.9827089477843325],[114.95416975923445,4.985283477198333],[114.95408645938532,4.98644060041439],[114.95212356908347,4.9863114344443815],[114.95030053578837,4.986014714387984],[114.946429017775,4.9852348735655045],[114.94428402981966,4.984708518480906],[114.94297468001736,4.984306750693459],[114.93984069697264,4.983081140668086],[114.93776313404945,4.9824016350129305],[114.93632354512414,4.982106481998714],[114.9350575674285,4.982023669242232],[114.93379939903069,4.982131916230465],[114.93294317274838,4.978603049599433],[114.93245600685022,4.977245760340646],[114.93152697326538,4.975700486591651],[114.93007048428188,4.973975950688176],[114.93301312189647,4.972244958506858],[114.9340400244625,4.972032345389324],[114.93525407974998,4.972060242507053],[114.93615240178825,4.97186415740027],[114.93705509450123,4.97133156733941],[114.93966407473896,4.968740039039465],[114.94012042298219,4.9694202843179305],[114.94142278099288,4.967379743685515],[114.94154644107057,4.966935569178645],[114.94385127298051,4.965664552875885],[114.93972280839763,4.958966444223548],[114.93964887057916,4.9586495040432235],[114.94184636444739,4.95722159146918],[114.9403015646859,4.9546573697160365],[114.94167357814868,4.9543512600592505],[114.94213666149939,4.954633147944375],[114.9428230970249,4.953757502271025],[114.94328196603088,4.954037101904978],[114.94373345868448,4.953424727856975],[114.94513578627299,4.95426262866913]]]},"properties":{"id":73,"name":"Kg. Lambak A","mukim":"MUKIM BERAKAS A","area":3504150,"district":"Brunei-Muara","mukimDisplayName":"Berakas A"},"id":73},{"type":"Feature","geometry":{"type":"Polygon","coordinates":[[[114.95687271508466,4.985959109910716],[114.95432489337496,4.9925627966977],[114.95271723847102,4.992464202387312],[114.95223068449232,4.991808431005151],[114.95011424742728,4.993414996047741],[114.94889964195038,4.991921114739803],[114.94672250087727,4.993767669874666],[114.94477022917785,4.991277264935784],[114.94555257486508,4.990516757177757],[114.94634654478098,4.989190547081891],[114.94534651051192,4.988577303309759],[114.94324115778792,4.985646374042739],[114.94331800352259,4.984726396204705],[114.94428402981966,4.984708518480906],[114.946429017775,4.9852348735655045],[114.95030053578837,4.986014714387984],[114.95212356908347,4.9863114344443815],[114.95408645938532,4.98644060041439],[114.95504881875193,4.986364500746701],[114.95687271508466,4.985959109910716]]]},"properties":{"id":75,"name":"Kg. Lambak Kiri","mukim":"MUKIM BERAKAS A","area":892871.9375,"district":"Brunei-Muara","mukimDisplayName":"Berakas A"},"id":75},{"type":"Feature","geometry":{"type":"Polygon","coordinates":[[[114.84711254241837,4.764923811331087],[114.84466817729975,4.767846122507526],[114.83490729053312,4.778404566127685],[114.83089845134955,4.78216609809095],[114.83109514574791,4.779868261624738],[114.83135302117398,4.778753963814784],[114.83160213765844,4.7747047859743175],[114.83139257532358,4.774495809839025],[114.82738994107162,4.772228286152509],[114.82643539847685,4.77179882142044],[114.8257938653478,4.771237420094814],[114.82532070157309,4.770203899780036],[114.82483723608064,4.770100534421183],[114.82401820134994,4.7704442031622],[114.82455359364968,4.77186357465988],[114.82340385236093,4.772064829310603],[114.8229571737092,4.770880857237883],[114.82247123003364,4.771080825315739],[114.82002382038728,4.7712423022681705],[114.81933752270598,4.772031918026562],[114.81873492001183,4.771360762721508],[114.81814883142883,4.771703711167064],[114.81534278519948,4.77178883873595],[114.8148934561904,4.7719196715078525],[114.81421367225336,4.771894506565078],[114.81417809503766,4.769521545887872],[114.81623573504382,4.769518268405341],[114.81672070049189,4.7696650240625065],[114.81736542644778,4.768714421594774],[114.81752900184198,4.767426840333585],[114.81706847528707,4.765120500738082],[114.817840975193,4.764370400292588],[114.81786420095405,4.763840135981984],[114.81680790481913,4.762546614013524],[114.81747153348208,4.761371769856414],[114.82181407938405,4.759732668381498],[114.821648689011,4.759056002501612],[114.82442030845162,4.757007804381827],[114.83518328898671,4.750532620096577],[114.83867611089765,4.750340174259772],[114.83943134469764,4.751627061577287],[114.84065236435494,4.754869580966709],[114.84199083893485,4.757441369281754],[114.84470758818648,4.7613763352333685],[114.84623823378529,4.76376553108019],[114.84711254241837,4.764923811331087]]]},"properties":{"id":76,"name":"Kg. Limau Manis","mukim":"MUKIM PANGKALAN BATU","area":6214020,"district":"Brunei-Muara","mukimDisplayName":"Pangkalan Batu"},"id":76},{"type":"Feature","geometry":{"type":"Polygon","coordinates":[[[114.93674497689325,4.887686768475278],[114.93664052525173,4.88831208385846],[114.93503113981417,4.888132705847174],[114.93539553787353,4.887716455687957],[114.93625407182986,4.887426114152691],[114.93674497689325,4.887686768475278]]]},"properties":{"id":77,"name":"Kg. Limbongan","mukim":"MUKIM TAMOI","area":12749.24609375,"district":"Brunei-Muara","mukimDisplayName":"Tamoi"},"id":77},{"type":"Feature","geometry":{"type":"Polygon","coordinates":[[[114.80297991272246,4.86124091222071],[114.80371943510393,4.862170390368186],[114.80787665699316,4.865619421659678],[114.81085566821422,4.868242480587878],[114.81008520648572,4.8686488287802625],[114.80951391278796,4.869583041435205],[114.80845834486624,4.869794809886472],[114.8079428977069,4.870750331236301],[114.80860160039819,4.871286022883199],[114.80799552595114,4.881235654291432],[114.80809136451042,4.900075148232822],[114.80811068335237,4.9019467588336925],[114.80799175053917,4.919123009527433],[114.80717212869732,4.9202599475369],[114.80506270474469,4.915725603828208],[114.80373837900846,4.913245927734221],[114.80257355390556,4.91126248887646],[114.79887977631162,4.9056086651152535],[114.79670014760411,4.902486803770946],[114.7962334379121,4.901420765062205],[114.79407660140663,4.895255140296663],[114.79374629163945,4.893987900920181],[114.7935604885638,4.892313249694215],[114.7945015728684,4.8906952001133135],[114.79491535895896,4.889200111343375],[114.79441725576274,4.88727529110934],[114.79502302656397,4.885526420871435],[114.79542384389059,4.8848051539194515],[114.79531307488031,4.883919208749818],[114.79441433880966,4.8817599099301665],[114.79350759617435,4.880344318400393],[114.79277819810248,4.879674607300223],[114.79314966930386,4.878681569815838],[114.79514160733507,4.878241485408513],[114.7966650543123,4.877371108915284],[114.79792371172495,4.875940799657288],[114.79977520748018,4.8729752988939845],[114.7999472687985,4.870720115765409],[114.80062904848381,4.867854723169018],[114.80211182671421,4.863741938447466],[114.80422433877372,4.8629382105244305],[114.80272148021383,4.861413949820117],[114.80297991272246,4.86124091222071]]]},"properties":{"id":78,"name":"Kg. Lugu","mukim":"MUKIM SENGKURONG","area":6820434,"district":"Brunei-Muara","mukimDisplayName":"Sengkurong"},"id":78},{"type":"Feature","geometry":{"type":"Polygon","coordinates":[[[114.93494393802936,4.834921377447057],[114.92926192618533,4.832244539186113],[114.92051784398255,4.828235262505552],[114.91972616761983,4.830074170419557],[114.91883736260583,4.831846112601891],[114.91799946171606,4.8320290178895],[114.91661863788958,4.832853444403373],[114.9169855605166,4.833435636249824],[114.91418085617427,4.834460024163063],[114.91431038908506,4.834805547823162],[114.9125924108319,4.835476514034013],[114.90989679722094,4.835892195343213],[114.90960705743997,4.835936954659687],[114.90682636016433,4.837816444115411],[114.8856622623924,4.840014981273454],[114.88555091536989,4.838413444182375],[114.88554361379671,4.836002166296558],[114.88542517064482,4.833809347311777],[114.88505006803186,4.831743492329129],[114.88457621869456,4.83093753297067],[114.88373394885346,4.830270124722911],[114.88248219577311,4.829560738152248],[114.88086529860517,4.829219869992677],[114.88006873476525,4.829416794613623],[114.87666794000515,4.831068095170902],[114.8755507315922,4.831687028498224],[114.87405741492118,4.8327768073841],[114.87334334792871,4.8331056794362794],[114.87197953921311,4.833044811855544],[114.87080868401092,4.83268943577561],[114.86991692169492,4.832204334526332],[114.86822329999183,4.8305844112791405],[114.86781515209803,4.829771702979888],[114.86762215930855,4.828551952241279],[114.86772716264234,4.827493509654667],[114.86837261051328,4.8262706482965205],[114.86953040111459,4.8247212240334845],[114.8704525206517,4.823689704966395],[114.87103242846398,4.822783570468122],[114.87127895842053,4.821946272789728],[114.87116870088397,4.8210704883105855],[114.87080802268595,4.82049164901488],[114.86972712283291,4.819876557244285],[114.86883334267955,4.8200250889023835],[114.86615004134761,4.821132031729878],[114.86555368545241,4.821253100617736],[114.86584817818188,4.819443979770866],[114.866354438132,4.8184640658066185],[114.86893313181342,4.816109393438204],[114.87045000363922,4.815423718057837],[114.87125416657437,4.815400328280542],[114.87213408971836,4.816256798965562],[114.87304206408413,4.816023546131497],[114.8745006859814,4.814824701476306],[114.87559763673849,4.8149156660117765],[114.87677611806343,4.8143358314175755],[114.8769297165697,4.813319063626042],[114.87742262537279,4.812281855623652],[114.87932729981617,4.81158929970703],[114.87914560119104,4.810756126101315],[114.8778894384903,4.810048980267555],[114.87746214078396,4.809322149786172],[114.87728720640035,4.8083734607667],[114.87697714646443,4.805268039939851],[114.87673530651877,4.8040151581116755],[114.87848857788009,4.804970082988765],[114.88073317651269,4.806755624535663],[114.88645629982551,4.8100579242114465],[114.89622106722071,4.815642542547185],[114.89988949895437,4.814841440677848],[114.90659217797065,4.812820056194828],[114.91385367599219,4.810086215178471],[114.9142944049866,4.809104093184591],[114.91484160185146,4.808943231471202],[114.91688424263177,4.808827578791449],[114.91796651313604,4.808551651594743],[114.91894975015784,4.808525368560286],[114.92118624080423,4.809938692107772],[114.92296719978711,4.810010138044541],[114.92485161352485,4.810864489851857],[114.92508726621232,4.811232355067257],[114.92780781989087,4.812499368972665],[114.9295879895306,4.81310077445177],[114.93038220793125,4.813580252503194],[114.93097406302547,4.814246844735542],[114.93200357032661,4.814661651141819],[114.93489090878319,4.814667302683414],[114.93488128435982,4.823773335981635],[114.93494393802936,4.834921377447057]]]},"properties":{"id":79,"name":"Kg. Lumapas","mukim":"MUKIM LUMAPAS","area":18216170,"district":"Brunei-Muara","mukimDisplayName":"Lumapas"},"id":79},{"type":"Feature","geometry":{"type":"Polygon","coordinates":[[[114.94338907050755,4.866040256510888],[114.9434857511508,4.86850777631844],[114.943359437659,4.86993426221014],[114.94222920111322,4.871445268458945],[114.94298526380149,4.873208143698799],[114.94275283444289,4.874216118553325],[114.94303238291283,4.87513940843615],[114.94233229843618,4.876168622453357],[114.94322632443134,4.878225596565554],[114.9423713966711,4.87810556326672],[114.94092381131249,4.8773345659999405],[114.93965570366385,4.875997776874679],[114.93914831272811,4.874831015852745],[114.93903079007627,4.871997855027991],[114.93879378837806,4.871386006920683],[114.93745083838459,4.868635944816629],[114.9355931959856,4.866251439442012],[114.93682860071065,4.864373455244132],[114.9338160873325,4.853972288633655],[114.93501925676816,4.854003028081389],[114.93739473989004,4.8541075565491285],[114.93897394272616,4.857473150667453],[114.94338356180587,4.865716957629122],[114.94338907050755,4.866040256510888]]]},"properties":{"id":80,"name":"Kg. Lupak Luas","mukim":"MUKIM LUMAPAS","area":1374833.125,"district":"Brunei-Muara","mukimDisplayName":"Lumapas"},"id":80},{"type":"Feature","geometry":{"type":"Polygon","coordinates":[[[114.93645691815976,4.876975041482562],[114.9367892649365,4.877076793358646],[114.93786992569527,4.879490829826253],[114.93925279935391,4.879489354878471],[114.93881338166423,4.879843006651562],[114.93832708026875,4.880876011305541],[114.93691250735287,4.882463941365061],[114.93663127183349,4.882185990747951],[114.93623008132518,4.881731457420048],[114.93542334510616,4.880826505047871],[114.9344521194303,4.879668323108364],[114.93561986288373,4.878298782084938],[114.93645691815976,4.876975041482562]]]},"properties":{"id":81,"name":"Kg. Lurong Dalam","mukim":"MUKIM BURONG PINGAI AYER","area":144249.625,"district":"Brunei-Muara","mukimDisplayName":"Burong Pingai Ayer"},"id":81},{"type":"Feature","geometry":{"type":"Polygon","coordinates":[[[114.94538997255381,4.883556199089012],[114.94555235009484,4.885430282815377],[114.94448749750934,4.885471972589621],[114.94308788395756,4.885402498208193],[114.94329396338578,4.8835296843614255],[114.94377809033764,4.883511233014399],[114.94538997255381,4.883556199089012]]]},"properties":{"id":82,"name":"Kg. Lurong Sikuna","mukim":"MUKIM PERAMU","area":54429.0625,"district":"Brunei-Muara","mukimDisplayName":"Peramu"},"id":82},{"type":"Feature","geometry":{"type":"Polygon","coordinates":[[[114.95728253653462,4.95717837459149],[114.95706182882437,4.958212993189178],[114.95543949134809,4.958347058761829],[114.95533018716782,4.9592407248577315],[114.95474462016954,4.959879063746053],[114.953515536693,4.9585118343004195],[114.95320537947893,4.959017860035474],[114.95251604360011,4.958288909675592],[114.95301027221713,4.957731363088618],[114.95139903432123,4.956912374021717],[114.95214683488935,4.9560407938172135],[114.95096044361118,4.956188773346388],[114.95018713108946,4.957195089689937],[114.95168246808115,4.95838303978163],[114.95084849895936,4.959423363163729],[114.95051896957172,4.958797361322358],[114.94874325923,4.956288201042964],[114.94744730034495,4.9547361661652385],[114.94584191476426,4.95301264654991],[114.94424746460288,4.950770313822571],[114.94564536906626,4.951030495123969],[114.94903358429664,4.951217216638318],[114.95049763542472,4.951558593066492],[114.95074776058185,4.950054860157764],[114.95551075519663,4.949642734433873],[114.95564413807648,4.951524597461389],[114.95518745611317,4.951881308652252],[114.95571155219776,4.953929394483827],[114.95700648179505,4.953762442074124],[114.95765283890162,4.954284077547804],[114.95872482617388,4.955505098063686],[114.95719051401419,4.956335247298771],[114.95728253653462,4.95717837459149]]]},"properties":{"id":83,"name":"Kg. Madang","mukim":"MUKIM BERAKAS B","area":902666.375,"district":"Brunei-Muara","mukimDisplayName":"Berakas B"},"id":83},{"type":"Feature","geometry":{"type":"Polygon","coordinates":[[[114.91934628934398,4.953214814738885],[114.91848717509998,4.953680765291957],[114.91694552795806,4.955016925898802],[114.91624639309627,4.954439331963098],[114.91511115696903,4.953842971809041],[114.91358892430279,4.953650943933252],[114.91187192100222,4.953902079757924],[114.91003546951711,4.95360813721464],[114.9086013173154,4.9529127798762165],[114.90692828579219,4.952797505506536],[114.90560593809401,4.953655599751722],[114.90515820180522,4.954546313846216],[114.9019344430027,4.953899115211364],[114.90899900139858,4.942434384098151],[114.91123490185345,4.943481869040763],[114.91331837636142,4.944027705632219],[114.91515323589154,4.944884635488015],[114.91611026122912,4.945880089989702],[114.91665415906638,4.946993373634303],[114.91735403178959,4.949089853175023],[114.91801213375909,4.950668620419535],[114.91934628934398,4.953214814738885]]]},"properties":{"id":18,"name":"Perumahan Negara Rimba Kawasan 4","mukim":"MUKIM GADONG A","area":1507586.625,"district":"Brunei-Muara","mukimDisplayName":"Gadong A"},"id":18},{"type":"Feature","geometry":{"type":"Polygon","coordinates":[[[114.9403015646859,4.9546573697160365],[114.94184636444739,4.95722159146918],[114.93964887057916,4.9586495040432235],[114.93972280839763,4.958966444223548],[114.94385127298051,4.965664552875885],[114.94154644107057,4.966935569178645],[114.93961180733298,4.968003118854645],[114.9338412297407,4.958489988057404],[114.92485928842474,4.963870174075301],[114.92376562941597,4.961653759792243],[114.91934628934398,4.953214814738885],[114.91801213375909,4.950668620419535],[114.91735403178959,4.949089853175023],[114.91665415906638,4.946993373634303],[114.91611026122912,4.945880089989702],[114.91515323589154,4.944884635488015],[114.91331837636142,4.944027705632219],[114.91123490185345,4.943481869040763],[114.90899900139858,4.942434384098151],[114.91017197732552,4.9401378672400815],[114.91070042366069,4.938429154687226],[114.91130700870536,4.935799411350121],[114.9115611045468,4.9342629937790745],[114.91167941559328,4.932478456243484],[114.91768339998256,4.929138778843276],[114.9137495446809,4.923846722270245],[114.91580561343322,4.9225503797620265],[114.91676746112817,4.921937435035073],[114.91675552929996,4.921603763289743],[114.9180526366263,4.921383080432536],[114.91809081792967,4.922338784186005],[114.91874712559546,4.92282772051742],[114.91914395635699,4.924320582034313],[114.9200945523739,4.92355211786119],[114.92182038898679,4.922585761293438],[114.92238576549406,4.92226126214691],[114.92338591119935,4.924073070507895],[114.92490174150332,4.923812600639071],[114.92464472688286,4.924660991895419],[114.92480386630118,4.925283379254759],[114.92553832870803,4.926251043048855],[114.92585535330565,4.927086038045976],[114.92591744938385,4.928406216579407],[114.92613745039264,4.9300559035533595],[114.92673029086042,4.93123202669223],[114.9276362292661,4.9321305899240135],[114.93047073049033,4.9337541277017465],[114.93130988672118,4.934334012443613],[114.93394496090733,4.936980876811718],[114.93608434876826,4.938742008375048],[114.93694494715969,4.939701108127243],[114.93785465229806,4.941256076486834],[114.9383800789661,4.942888822114105],[114.93849903529268,4.943272436203161],[114.93830213765784,4.945220154804253],[114.93602348944488,4.945045617108481],[114.93746713289524,4.9490785723269255],[114.93773814585784,4.949032222010744],[114.9382135063906,4.950758001675178],[114.93912575171852,4.951312357411837],[114.93943171248588,4.952120762069969],[114.9391291790669,4.95258966860331],[114.9398145036894,4.953034203069876],[114.93973999091943,4.953708402002408],[114.9403015646859,4.9546573697160365]]]},"properties":{"id":19,"name":"Lapangan Terbang Antarabangsa Brunei","mukim":"MUKIM BERAKAS A","area":9241854,"district":"Brunei-Muara","mukimDisplayName":"Berakas A"},"id":19},{"type":"Feature","geometry":{"type":"Polygon","coordinates":[[[114.92618254562228,4.967167237632614],[114.92728781640336,4.969868597058886],[114.92834341698378,4.971708534935934],[114.93007048428188,4.973975950688176],[114.93152697326538,4.975700486591651],[114.93245600685022,4.977245760340646],[114.93294317274838,4.978603049599433],[114.93379939903069,4.982131916230465],[114.93166390141542,4.98267207358777],[114.92929431385078,4.98388273536432],[114.92480064752543,4.986977589499793],[114.92249253818625,4.988026950439623],[114.92098756216456,4.988341313585288],[114.91997097633131,4.988389652050094],[114.91832865394133,4.988205908228263],[114.91681416110491,4.987802463032077],[114.91033846476704,4.985466574596445],[114.90780822340037,4.984553856186412],[114.90618419832526,4.983968026973723],[114.9061952135275,4.983717068156613],[114.90636102343167,4.981368918605842],[114.90646502704277,4.979896033923902],[114.90656534968291,4.978475284136172],[114.90660599189985,4.977899712586784],[114.90662835022655,4.977583078908333],[114.90360930962542,4.975053043193079],[114.90970220357651,4.973710708489022],[114.90932763736505,4.971593819189412],[114.90971224125684,4.970640502603255],[114.91083558179581,4.970501044152733],[114.91277681626258,4.971719284851736],[114.91442618029643,4.9710932090134],[114.91881490964708,4.9694272809427025],[114.9196698481164,4.970221348322408],[114.92618254562228,4.967167237632614]]]},"properties":{"id":20,"name":"Hutan Simpan","mukim":"MUKIM GADONG A","area":4911623.5,"district":"Brunei-Muara","mukimDisplayName":"Gadong A"},"id":20},{"type":"Feature","geometry":{"type":"Polygon","coordinates":[[[114.97679768879192,4.984581528622671],[114.97526052264776,4.985005815453486],[114.97509485359099,4.984474461037356],[114.9755483777301,4.983876722867897],[114.97555824515129,4.981264222420864],[114.97542612541687,4.979926183828728],[114.97401626396741,4.980188360664114],[114.9719788513541,4.98036771838201],[114.97005565075112,4.980300268678653],[114.97034425025006,4.979035781371865],[114.96914804534885,4.9770253513922995],[114.96822914886008,4.977386247189214],[114.96741567625115,4.97711810394078],[114.96764512432475,4.976183094610425],[114.967299303597,4.975768731243481],[114.96609144135375,4.975237433050552],[114.96434772690826,4.975467793390241],[114.96381629566226,4.976222485600339],[114.96384125715687,4.97763133487034],[114.96318084833429,4.976883481983011],[114.96201338627418,4.974624538538806],[114.9620517767139,4.974465023655457],[114.9625386758335,4.972456953608675],[114.96327702317663,4.971566107116761],[114.9638891277879,4.971739230113642],[114.96541261056599,4.97081267369101],[114.96482064525313,4.969741253685637],[114.9677310930792,4.9684971110339475],[114.96919466348189,4.96757176686304],[114.97024675668068,4.967660018514625],[114.97146034156592,4.968063792848883],[114.972544259263,4.968854833265729],[114.97445812657536,4.970720950866292],[114.97682479508018,4.974202156250381],[114.97739959898797,4.9752689185826],[114.97735671013476,4.975929521375701],[114.97786506452448,4.976142176515016],[114.97834479701041,4.975582785777351],[114.97897174968024,4.972948426471467],[114.98000547463292,4.973547864712122],[114.97961435476624,4.975823309516028],[114.98128533500491,4.976510744414993],[114.98235698369803,4.977369260677727],[114.98063536917806,4.978206801048079],[114.97963530737931,4.978066286037671],[114.97816692422481,4.976556330608205],[114.977349484569,4.9760314641123795],[114.97727377742156,4.977681449616643],[114.9768236137724,4.979003431490419],[114.97672861944581,4.9809188941676314],[114.97679768879192,4.984581528622671]]]},"properties":{"id":21,"name":"Perumahan Negara Lambak Kanan Kawasan 1","mukim":"MUKIM BERAKAS B","area":1700968,"district":"Brunei-Muara","mukimDisplayName":"Berakas B"},"id":21},{"type":"Feature","geometry":{"type":"Polygon","coordinates":[[[114.95277473642224,4.939837054677134],[114.95239964651091,4.941666596743031],[114.95201691812666,4.94161035663607],[114.95174969785631,4.943442839746161],[114.94469917824561,4.942228213903972],[114.9435120367885,4.942066948893299],[114.9431610115417,4.943528447910917],[114.94080224481273,4.941970259039514],[114.94069161590475,4.9417320773722615],[114.94086307119163,4.939779377725907],[114.94386822153149,4.940201748343453],[114.94461471793852,4.936680361624716],[114.94681998326476,4.938716144834493],[114.94853145548878,4.939110975205662],[114.95277473642224,4.939837054677134]]]},"properties":{"id":94,"name":"Kg. Pancha Delima","mukim":"MUKIM BERAKAS A","area":515947.40625,"district":"Brunei-Muara","mukimDisplayName":"Berakas A"},"id":94},{"type":"Feature","geometry":{"type":"Polygon","coordinates":[[[114.82153133932725,4.807015013814507],[114.81420311117436,4.808553272765053],[114.81357061297153,4.810282415373496],[114.81311268207776,4.81068712193281],[114.81331922796099,4.811296920679887],[114.81200808624884,4.811834354671139],[114.80821472066886,4.813970235622161],[114.80672395102201,4.814540188775875],[114.79223980501261,4.8204296986935375],[114.79096768388817,4.816945813617514],[114.78810086884447,4.8111611573203525],[114.78695834027486,4.809666068396501],[114.78602326365947,4.809174793802465],[114.78478485013585,4.808809313804152],[114.78397240041888,4.808051453824935],[114.78343568528295,4.806781250755631],[114.78259646506724,4.805631017357338],[114.80535878499722,4.801253390591363],[114.80807927234405,4.800338728338098],[114.80894192748589,4.800318161375789],[114.80995867222906,4.8003327681599295],[114.81075058078338,4.8000515447351955],[114.81617144598772,4.798502241677933],[114.81678339784905,4.798102462486436],[114.81743404290272,4.798095185371918],[114.82153133932725,4.807015013814507]]]},"properties":{"id":95,"name":"Kg. Panchor Murai","mukim":"MUKIM PANGKALAN BATU","area":5279565,"district":"Brunei-Muara","mukimDisplayName":"Pangkalan Batu"},"id":95},{"type":"Feature","geometry":{"type":"Polygon","coordinates":[[[114.93832708026875,4.880876011305541],[114.93903539480627,4.8815508557390235],[114.93786636636551,4.883340574054869],[114.93691250735287,4.882463941365061],[114.93832708026875,4.880876011305541]]]},"properties":{"id":96,"name":"Kg. Pandai Besi A","mukim":"MUKIM BURONG PINGAI AYER","area":29122.138671875,"district":"Brunei-Muara","mukimDisplayName":"Burong Pingai Ayer"},"id":96},{"type":"Feature","geometry":{"type":"Polygon","coordinates":[[[114.93903539480627,4.8815508557390235],[114.93988987328319,4.8820620647028505],[114.93880933322816,4.883965273880292],[114.93821744614485,4.883597158864789],[114.93786636636551,4.883340574054869],[114.93903539480627,4.8815508557390235]]]},"properties":{"id":97,"name":"Kg. Pandai Besi B","mukim":"MUKIM BURONG PINGAI AYER","area":26847.25,"district":"Brunei-Muara","mukimDisplayName":"Burong Pingai Ayer"},"id":97},{"type":"Feature","geometry":{"type":"Polygon","coordinates":[[[114.83086529646275,4.786142285790147],[114.83155225652291,4.786700296808154],[114.83235425997202,4.786983093726836],[114.83417710954689,4.787269318143478],[114.83670154156377,4.788830308313645],[114.83805604195194,4.7902262710763575],[114.8383950418323,4.7909504925815085],[114.83850110997346,4.792149957235149],[114.83838191939219,4.793349402019624],[114.83871480207326,4.794482674924245],[114.84018515188963,4.795722729488039],[114.84130437594378,4.796211974873583],[114.84208201194176,4.79698743222162],[114.84419465336384,4.801278361069184],[114.84463219682885,4.802839096611598],[114.84455315010027,4.804498609194977],[114.84303531979579,4.807452432652973],[114.8421816153986,4.8079780357619155],[114.84070459738925,4.8082134759616],[114.8392541791345,4.807712464100348],[114.83698080875314,4.806357213139951],[114.83364882058413,4.805568222695226],[114.83229609541033,4.805649266541782],[114.8310574300127,4.8053641854942954],[114.83015851723378,4.804779693757495],[114.82972882772614,4.803871337011849],[114.8294264425034,4.802206981152993],[114.82878577762266,4.802482870166911],[114.82612172354233,4.804187069125041],[114.82153133932725,4.807015013814507],[114.81743404290272,4.798095185371918],[114.81956608826835,4.7967723252335],[114.82114292296878,4.7940676874376535],[114.82394404542246,4.792164021784041],[114.82410051420125,4.792660979105557],[114.82533673115651,4.792510935383876],[114.82610578210513,4.790602810773827],[114.82649640391504,4.790083896644831],[114.82892254783538,4.787781236532571],[114.83086529646275,4.786142285790147]]]},"properties":{"id":98,"name":"Kg. Pangkalan Batu","mukim":"MUKIM PANGKALAN BATU","area":4375045.5,"district":"Brunei-Muara","mukimDisplayName":"Pangkalan Batu"},"id":98},{"type":"Feature","geometry":{"type":"Polygon","coordinates":[[[114.92182038898679,4.922585761293438],[114.9200945523739,4.92355211786119],[114.91914395635699,4.924320582034313],[114.91874712559546,4.92282772051742],[114.91809081792967,4.922338784186005],[114.9180526366263,4.921383080432536],[114.91675552929996,4.921603763289743],[114.91676746112817,4.921937435035073],[114.91580561343322,4.9225503797620265],[114.91407199864834,4.921564692846396],[114.90902159100762,4.9188802063529735],[114.90709222922484,4.91751522855856],[114.90598878998438,4.916423569306963],[114.90552626067576,4.915465654878976],[114.90546443842427,4.913493774073521],[114.90566168964384,4.913005706602866],[114.90783132467827,4.9104913325097606],[114.90881484491226,4.908665678060584],[114.90925038222171,4.907630324701815],[114.9103197587839,4.9068410324511],[114.91163861536761,4.907299004544002],[114.91297482717017,4.908201865050899],[114.91483779297128,4.906933913242713],[114.91589037233162,4.905020616860785],[114.91690190716491,4.904701748963556],[114.91824935143383,4.905159638974497],[114.9184838388611,4.905530898496872],[114.91856339827225,4.907018579166122],[114.91889383579097,4.907422978015104],[114.92054774272773,4.90742662632942],[114.92110345349118,4.9111735891838695],[114.92195689265544,4.91770777993748],[114.92182038898679,4.922585761293438]]]},"properties":{"id":99,"name":"Kg. Pangkalan Gadong","mukim":"MUKIM GADONG B","area":2544861.25,"district":"Brunei-Muara","mukimDisplayName":"Gadong B"},"id":99},{"type":"Feature","geometry":{"type":"Polygon","coordinates":[[[115.04050501233368,4.962535152190109],[115.03937423601002,4.963780291498811],[115.03827067369214,4.964781790723865],[115.037365928685,4.964731348894344],[115.03538667236317,4.963126098408249],[115.03350593610273,4.96237437318123],[115.03188310525805,4.962400946550193],[115.03132510357244,4.962621544023158],[115.02694880134287,4.963738732133339],[115.02626149382691,4.962843556173461],[115.02533986024838,4.961645344730284],[115.02208583908553,4.958584012411284],[115.02117470478828,4.958080014128711],[115.01999662342541,4.957844133970646],[115.02025949460905,4.95501478000002],[115.02168993126023,4.95508498766029],[115.02166222658012,4.954313293309764],[115.02368328489608,4.954253386849843],[115.02359846835952,4.952428186843191],[115.02194464139421,4.952490369989978],[115.02188692790968,4.950085341363428],[115.02508641033008,4.947652198372875],[115.02634445459334,4.949676127414383],[115.02768126202514,4.951225812113386],[115.02985212859967,4.952366744916899],[115.03064479147275,4.953064102621831],[115.03283272055866,4.954396774056568],[115.03408275514086,4.954975339913754],[115.03523276939158,4.956138362869998],[115.03550136656136,4.957124835493293],[115.03637077454098,4.958221888465875],[115.03674280075457,4.959084362861622],[115.03761567881591,4.960171557224566],[115.0383313497379,4.961400488901467],[115.03865197689267,4.962316666462607],[115.03947693005831,4.962525169850761],[115.0397714588199,4.962222974174833],[115.04050501233368,4.962535152190109]]]},"properties":{"id":100,"name":"Kg. Pangkalan Sibabau","mukim":"MUKIM MENTIRI","area":1968074.75,"district":"Brunei-Muara","mukimDisplayName":"Mentiri"},"id":100},{"type":"Feature","geometry":{"type":"Polygon","coordinates":[[[114.85323939522637,4.884068749551086],[114.85335739578794,4.885469028425799],[114.85209525559779,4.887839660800061],[114.85124266136907,4.8871467105792865],[114.84905290746626,4.887059471162486],[114.84732654526869,4.886956109691225],[114.84593348609998,4.887511371080168],[114.84497556876562,4.8867743499016685],[114.84499923232333,4.885657938568955],[114.84290580899224,4.886534293862832],[114.8425797984248,4.886556141759316],[114.84089342837787,4.885624511970567],[114.84008728211442,4.886380272549555],[114.83810172896472,4.885210292564905],[114.83893380720417,4.88340511532936],[114.83833754658772,4.883032939079831],[114.83855821425675,4.882567851937588],[114.83946013083525,4.88232481751641],[114.83954041847267,4.881810553604519],[114.84148378292727,4.881275123534708],[114.84226606998168,4.881334081053252],[114.84255095039026,4.882030159143036],[114.84509245537178,4.882109754740329],[114.84557667342936,4.88194824940319],[114.85292824314273,4.881948878357903],[114.8529418475831,4.8840662496896465],[114.85323939522637,4.884068749551086]]]},"properties":{"id":101,"name":"Kg. Pasai","mukim":"MUKIM SENGKURONG","area":844430.8125,"district":"Brunei-Muara","mukimDisplayName":"Sengkurong"},"id":101},{"type":"Feature","geometry":{"type":"Polygon","coordinates":[[[114.94111154972975,4.880302030577903],[114.94154755288906,4.880431807818487],[114.94127574889009,4.882012543948085],[114.94107605752583,4.88313754245364],[114.94058224883412,4.884801176980646],[114.94007159020947,4.884570902175028],[114.9395160467735,4.88432878657947],[114.94045042024773,4.881901589005916],[114.94021983666221,4.8815866970667505],[114.94111154972975,4.880302030577903]]]},"properties":{"id":102,"name":"Kg. Pekan Lama","mukim":"MUKIM BURONG PINGAI AYER","area":51630.05859375,"district":"Brunei-Muara","mukimDisplayName":"Burong Pingai Ayer"},"id":102},{"type":"Feature","geometry":{"type":"Polygon","coordinates":[[[114.94586242068254,4.880063392480571],[114.94643611152863,4.880914556472865],[114.9467376872475,4.881899509367401],[114.94555545965716,4.882292361627572],[114.94462691551584,4.882178518374767],[114.9445873216015,4.880477697087136],[114.94586242068254,4.880063392480571]]]},"properties":{"id":103,"name":"Kg. Pekilong Muara","mukim":"MUKIM PERAMU","area":41423.0625,"district":"Brunei-Muara","mukimDisplayName":"Peramu"},"id":103},{"type":"Feature","geometry":{"type":"Polygon","coordinates":[[[114.97129311623415,4.88394473757984],[114.97239181211134,4.884565671345782],[114.97316558587053,4.885437358505214],[114.9735235627034,4.886351052971756],[114.9743719121123,4.886951775208952],[114.97438624401428,4.8874676789802445],[114.97512017019625,4.887951736994661],[114.9757998894197,4.888832626979565],[114.97686196100969,4.88892522753061],[114.977882304714,4.89060255887758],[114.97542260135029,4.894415647242092],[114.96815377127977,4.88905596764345],[114.96857729718988,4.888371229316273],[114.97002195544881,4.88616055484837],[114.97129311623415,4.88394473757984]]]},"properties":{"id":104,"name":"Kg. Pelambaian","mukim":"MUKIM KOTA BATU","area":588633.6875,"district":"Brunei-Muara","mukimDisplayName":"Kota Batu"},"id":104},{"type":"Feature","geometry":{"type":"Polygon","coordinates":[[[114.83086529646275,4.786142285790147],[114.82892254783538,4.787781236532571],[114.82649640391504,4.790083896644831],[114.82610578210513,4.790602810773827],[114.82533673115651,4.792510935383876],[114.82410051420125,4.792660979105557],[114.82394404542246,4.792164021784041],[114.82323356709124,4.789233301968187],[114.82400160502354,4.788989295667128],[114.82318823954891,4.786759970113378],[114.82099145143941,4.7828973181047925],[114.82048533469755,4.783183893788763],[114.81912082080464,4.780985459262844],[114.81785537917254,4.779446046199433],[114.81881267537999,4.7790812092771136],[114.81775401185276,4.777110188823418],[114.81743739128558,4.7760764590941385],[114.81718089605872,4.774257210294316],[114.81602209025066,4.774424805688006],[114.81561611202254,4.774076955238193],[114.8148934561904,4.7719196715078525],[114.81534278519948,4.77178883873595],[114.81814883142883,4.771703711167064],[114.81873492001183,4.771360762721508],[114.81933752270598,4.772031918026562],[114.82002382038728,4.7712423022681705],[114.82247123003364,4.771080825315739],[114.8229571737092,4.770880857237883],[114.82340385236093,4.772064829310603],[114.82455359364968,4.77186357465988],[114.82401820134994,4.7704442031622],[114.82483723608064,4.770100534421183],[114.82532070157309,4.770203899780036],[114.8257938653478,4.771237420094814],[114.82643539847685,4.77179882142044],[114.82738994107162,4.772228286152509],[114.83139257532358,4.774495809839025],[114.83160213765844,4.7747047859743175],[114.83135302117398,4.778753963814784],[114.83109514574791,4.779868261624738],[114.83089845134955,4.78216609809095],[114.83074231824318,4.784205094642818],[114.83086529646275,4.786142285790147]]]},"properties":{"id":38,"name":"Kg. Batu Ampar","mukim":"MUKIM PANGKALAN BATU","area":2502916.5,"district":"Brunei-Muara","mukimDisplayName":"Pangkalan Batu"},"id":38},{"type":"Feature","geometry":{"type":"Polygon","coordinates":[[[115.04029828609268,4.982603167966971],[115.04235308005129,4.981903567438755],[115.04366711490714,4.981988623215715],[115.04540923079698,4.982693483094115],[115.04547660908003,4.983139797989621],[115.04479324968754,4.983756979168808],[115.04293076874418,4.984180709040492],[115.04122524899701,4.985745124762908],[115.04052505171794,4.986736539452609],[115.0398391788651,4.988152959505515],[115.03948539923968,4.98960956502021],[115.03909997813686,4.990515741115392],[115.03717740038563,4.99294451508066],[115.0356813628051,4.992174973709237],[115.0345125666967,4.993800944498722],[115.03543574041642,4.994672944486496],[115.03549664865047,4.995036756836443],[115.03658932410299,4.996390911162603],[115.03748944972973,4.997279375671444],[115.03837226674497,4.9971651795783085],[115.0391167723627,4.9976827889649735],[115.0385906287501,4.998647070645349],[115.03634197867846,4.99905449964567],[115.03571593985345,4.999315687180335],[115.0351295794578,4.999047588634089],[115.03416733291694,4.999031108753156],[115.03439014569632,4.9980275582251865],[115.03428439225421,4.997216211860415],[115.03364722926518,4.996478194270594],[115.03218406889204,4.99550409898422],[115.03097673994323,4.995126011593436],[115.0292787230972,4.994854012665366],[115.02564198517082,4.994968842726456],[115.02579421927172,4.99112826384158],[115.02632823125892,4.989567291060002],[115.02628850617202,4.988486329747175],[115.02727790440414,4.985862964100047],[115.0255928471529,4.984245228021891],[115.02558536352058,4.9826126363584144],[115.02556162358492,4.975043147273295],[115.0265426945633,4.975614703921412],[115.02608040005445,4.976155490196306],[115.02609568930316,4.976868707623243],[115.02682334724021,4.976785853845456],[115.02823439947112,4.975791304656256],[115.02836393117184,4.9762912124708985],[115.02796572174647,4.977162793978285],[115.02859491954528,4.978639496814914],[115.02975091795365,4.9794055861917705],[115.03103398594618,4.979223142977156],[115.03160065587629,4.98013029734717],[115.03229955360997,4.980391894574415],[115.0338412217687,4.979852983001118],[115.03491836356145,4.979963498952304],[115.03561989391143,4.979336684488882],[115.0362017352415,4.980104654113588],[115.03684529496982,4.9804321067711435],[115.03659441989483,4.981112320749286],[115.03708266876845,4.9818681540667455],[115.03761518122778,4.982015092540947],[115.03749050092901,4.9832558390173265],[115.03856008504096,4.983371270914207],[115.04029828609268,4.982603167966971]]]},"properties":{"id":39,"name":"Kg. Batu Marang","mukim":"MUKIM MENTIRI","area":2768003.5,"district":"Brunei-Muara","mukimDisplayName":"Mentiri"},"id":39},{"type":"Feature","geometry":{"type":"Polygon","coordinates":[[[114.84820521654662,4.856322059154489],[114.84727972696182,4.8558681299017925],[114.84499646880673,4.855877792727897],[114.84350288235215,4.856527756326728],[114.84191908289831,4.85621602412138],[114.84069786746147,4.856173636405454],[114.83845158076362,4.854872590791282],[114.83711499091608,4.854970398544442],[114.83442812716542,4.856952649757334],[114.8290187820991,4.853633696227966],[114.82881061937093,4.848362901274253],[114.82973183076408,4.847063339062363],[114.8262245190188,4.843336007997468],[114.82620034429088,4.837860579748699],[114.83507222959079,4.837817786387843],[114.83914040808813,4.844217630846342],[114.84211290155022,4.848803510635207],[114.8436901614917,4.849386878784657],[114.84531315321375,4.8496253948751225],[114.84544158019523,4.850169965990063],[114.84803727881791,4.8517353463518775],[114.84927561472007,4.852231300371809],[114.85200664885762,4.853715715168672],[114.84820521654662,4.856322059154489]]]},"properties":{"id":40,"name":"Kg. BebatIk","mukim":"MUKIM PANGKALAN BATU","area":3161866.75,"district":"Brunei-Muara","mukimDisplayName":"Pangkalan Batu"},"id":40},{"type":"Feature","geometry":{"type":"Polygon","coordinates":[[[114.7859553307473,4.731017886845765],[114.78639730518229,4.729762025013534],[114.78800511074567,4.729134974736969],[114.78945161337455,4.730187162334429],[114.7906957174177,4.730804704348334],[114.79146832096605,4.73183060635328],[114.7941419622931,4.733279931543577],[114.79604334866771,4.734400290628914],[114.79790581394212,4.734925565108291],[114.79951807798314,4.735049118670363],[114.80247640456284,4.7348171137540005],[114.80353525310365,4.734889163313447],[114.80575723755328,4.735322442978673],[114.79109186776796,4.751865492408201],[114.78753828360405,4.755682300151156],[114.77455089532089,4.770302694039314],[114.77390175006539,4.768693131525293],[114.77329506102842,4.7675661245211485],[114.77161125638617,4.766298684471539],[114.771458545849,4.765793989196298],[114.7714609438214,4.76478202820194],[114.77253555771613,4.7628910147851675],[114.78010594366627,4.745509934868999],[114.78057608049673,4.744239032756002],[114.78030469820237,4.7435259318325285],[114.77940248824754,4.742490792059725],[114.77962465296388,4.741583499678382],[114.7859553307473,4.731017886845765]]]},"properties":{"id":41,"name":"Kg. Bebuloh","mukim":"MUKIM PANGKALAN BATU","area":6289628.5,"district":"Brunei-Muara","mukimDisplayName":"Pangkalan Batu"},"id":41},{"type":"Feature","geometry":{"type":"Polygon","coordinates":[[[114.98770482145608,4.904645066815371],[114.98879635248507,4.9056489905174905],[114.98989262062787,4.90591290961778],[114.98963998317451,4.906408825475025],[114.99198210047328,4.908551905747608],[114.99795437163567,4.914012875370362],[115.00072904625931,4.916602423882838],[115.00247529301909,4.918139381105239],[115.00404682788117,4.920737274961357],[114.98300788751664,4.940299615065597],[114.97689466693323,4.934431483518011],[114.97513111394643,4.932702656331092],[114.9792129169407,4.930874971132724],[114.98053242693386,4.930403924527225],[114.98304650088885,4.9298754013203165],[114.97425244884488,4.921875728676333],[114.97137139756974,4.919301690267726],[114.9673426876759,4.91410969992878],[114.96675683210205,4.913454205192117],[114.96675681129295,4.913454182648244],[114.97516805963664,4.905002704336183],[114.97600521225307,4.903464252081383],[114.97669097008705,4.902991083942454],[114.9784633211516,4.90236461584608],[114.9806452173817,4.901366952130373],[114.98269433751165,4.899954292809227],[114.98357291922213,4.900864804138324],[114.98770482145608,4.904645066815371]]]},"properties":{"id":42,"name":"Kg. Belimbing","mukim":"MUKIM KOTA BATU","area":9098328,"district":"Brunei-Muara","mukimDisplayName":"Kota Batu"},"id":42},{"type":"Feature","geometry":{"type":"Polygon","coordinates":[[[114.95266370220935,4.891639162988014],[114.95481255720887,4.892385056400704],[114.95444233477488,4.894550507766118],[114.95442019341756,4.8987080488347265],[114.95613486791473,4.900185488935686],[114.95665818967717,4.9007926787682585],[114.96557487844237,4.912136374284429],[114.96675681129295,4.913454182648244],[114.96675683210205,4.913454205192117],[114.96285489711123,4.914370542425907],[114.95502371837787,4.903333475635871],[114.95436865510989,4.902926659380134],[114.95208384523102,4.901127949957097],[114.95122599084073,4.9000168912090425],[114.95007680385412,4.898929888103144],[114.94460142913515,4.895635641689443],[114.94375387098317,4.895417597155728],[114.94262898298125,4.894070006209728],[114.94320699055096,4.893546060247659],[114.94374399185365,4.893843059118566],[114.94456667059615,4.893757503642218],[114.94680809499775,4.894900294929299],[114.94671791394495,4.892807326478295],[114.94681482795345,4.892439055815569],[114.94928884144717,4.89283943563025],[114.94904036765408,4.892308323386502],[114.9515273817049,4.892176771591375],[114.95266370220935,4.891639162988014]]]},"properties":{"id":44,"name":"Kg. Berangan","mukim":"MUKIM KIANGGEH","area":1451312.625,"district":"Brunei-Muara","mukimDisplayName":"Kianggeh"},"id":44},{"type":"Feature","geometry":{"type":"Polygon","coordinates":[[[114.90809295197393,4.879910061661835],[114.90813718524552,4.881747496587115],[114.90833519429928,4.883965689217414],[114.90805085295382,4.885882683617879],[114.90819083049757,4.887349528622732],[114.90753126324829,4.8883731972901305],[114.9072678988094,4.889901716186837],[114.907299863226,4.891093347035318],[114.90768129599363,4.891989008562463],[114.90768231615434,4.893352750759321],[114.90905521302354,4.893983665535456],[114.91072023883731,4.893916942153451],[114.9112620573226,4.896562880191633],[114.91117418724865,4.897808662276555],[114.91013077090096,4.899993595007838],[114.90992719166222,4.901557374975794],[114.91035827527746,4.9062705930106],[114.9103197587839,4.9068410324511],[114.90925038222171,4.907630324701815],[114.90881484491226,4.908665678060584],[114.90772890002535,4.908043766790053],[114.9080879892769,4.906697424000984],[114.9056304140358,4.901573295420274],[114.90610378312097,4.9015326756478155],[114.9052905408029,4.899912303955811],[114.9043543663469,4.899004028842573],[114.90250077213635,4.894950482204525],[114.90082151556294,4.895144568933968],[114.90007093358679,4.894971322004382],[114.89931089197906,4.894430303479138],[114.8989424545908,4.89385465043385],[114.89815364573731,4.891424063495533],[114.89438671443102,4.8916116292004785],[114.89308403288949,4.8914878599548155],[114.89126974729359,4.890271927996817],[114.88410934179957,4.890370581213737],[114.88341096530625,4.8889827360742135],[114.88268218198823,4.887650511745138],[114.8805958886808,4.887655354843866],[114.8805684993119,4.889204069226855],[114.87966669649384,4.8891486513467255],[114.87904365469547,4.888815742926173],[114.87939948473166,4.887946091378439],[114.87744648619824,4.887832000130342],[114.87643402036478,4.889780487508268],[114.87528140278913,4.889657747659292],[114.87437580922617,4.890106966507682],[114.87384427922402,4.8907978360014415],[114.87314638806387,4.890352931354403],[114.87818434022614,4.885467674583324],[114.88116866719706,4.879801553303838],[114.88113018710085,4.877625108746841],[114.88345050821142,4.874760396248764],[114.88393430580642,4.873553632664175],[114.88453713791328,4.872945387277868],[114.88548745629694,4.8726869141056515],[114.8864387505625,4.872939559806969],[114.88713706669158,4.873635823927142],[114.88730111770789,4.874242682949611],[114.89166420393067,4.874086113364957],[114.89292517929813,4.874220550091292],[114.89387589225788,4.875516510150406],[114.89506025778219,4.87541478922851],[114.89545862056946,4.876038514176456],[114.89523371703459,4.877132358678057],[114.89478767810517,4.878148874981261],[114.89559277940742,4.878465771389953],[114.89852508411398,4.876164230970124],[114.8991623171215,4.8752036508529635],[114.90055906543571,4.874610677868477],[114.90108908952855,4.87487161437322],[114.90180143315995,4.875819021419429],[114.90204242030774,4.876865093701453],[114.90263847935628,4.8770034469046575],[114.90255132178393,4.878545664313308],[114.90286039918051,4.879373913245659],[114.90347851931011,4.879910684908166],[114.90498446721884,4.880725656165739],[114.90545094764624,4.880133561490028],[114.90650949466502,4.879663995292304],[114.90809295197393,4.879910061661835]]]},"properties":{"id":45,"name":"Kg. Beribi","mukim":"MUKIM GADONG B","area":6343288.5,"district":"Brunei-Muara","mukimDisplayName":"Gadong B"},"id":45},{"type":"Feature","geometry":{"type":"Polygon","coordinates":[[[114.96108581148626,4.848431375438],[114.95921132838978,4.8514081657364],[114.95693478389703,4.855927049818],[114.95586229578916,4.858412941782389],[114.95503137040492,4.859694851985794],[114.95319562212688,4.861800856675046],[114.95121888077468,4.860517081351883],[114.95225347319408,4.860001828013056],[114.95246228774666,4.859378846714862],[114.95310735212513,4.858968726633193],[114.95328350866153,4.85817344923679],[114.95405591598693,4.856855720760468],[114.95387623236479,4.856517704981494],[114.9545581220979,4.8554478316752565],[114.9549871702255,4.855338525992542],[114.95569357784719,4.854180965574856],[114.95577468687618,4.853445898565473],[114.95629497658585,4.852238046961905],[114.95656006151621,4.8510496483781615],[114.95778073642217,4.850369225662161],[114.95854834448693,4.850407513408289],[114.95934845846323,4.850097478996528],[114.95872412698394,4.849314917937471],[114.95933528135508,4.848695756189517],[114.96062457162165,4.848155291068816],[114.96108581148626,4.848431375438]]]},"properties":{"id":46,"name":"Kg. Bolkiah A","mukim":"MUKIM SUNGAI KEBUN","area":369634.46875,"district":"Brunei-Muara","mukimDisplayName":"Sungai Kebun"},"id":46},{"type":"Feature","geometry":{"type":"Polygon","coordinates":[[[114.96467355517325,4.84583048769047],[114.96348424313523,4.846232213760083],[114.96263115769545,4.847935593079565],[114.96174066097377,4.849151263421483],[114.9612485401728,4.85026782640616],[114.96038571540137,4.8513674638918785],[114.96044941640984,4.853612817517268],[114.95998406710386,4.855876893850728],[114.95943108023113,4.856849033849434],[114.95824550849136,4.859639326969533],[114.95756392406261,4.860710950915686],[114.95767292585496,4.861331806739755],[114.95828176091763,4.861432339548732],[114.9594461054922,4.86114344261284],[114.96010293591826,4.862213885582145],[114.96040103007131,4.86340419995893],[114.95964261351206,4.86424973655953],[114.95963816758108,4.8652905314952966],[114.95725574549301,4.865276191120434],[114.95724673499053,4.860608108764744],[114.95503137040492,4.859694851985794],[114.95586229578916,4.858412941782389],[114.95693478389703,4.855927049818],[114.95921132838978,4.8514081657364],[114.96108581148626,4.848431375438],[114.96145819059309,4.848316386154705],[114.96309556523822,4.846208702627603],[114.96444885560975,4.845256242979466],[114.96467355517325,4.84583048769047]]]},"properties":{"id":47,"name":"Kg. Bolkiah B","mukim":"MUKIM SUNGAI KEBUN","area":483312.0625,"district":"Brunei-Muara","mukimDisplayName":"Sungai Kebun"},"id":47},{"type":"Feature","geometry":{"type":"Polygon","coordinates":[[[114.95121888077468,4.860517081351883],[114.95032133275787,4.860947862322195],[114.94961822141181,4.861720483064296],[114.9489141564524,4.8620047368811505],[114.94754953607334,4.8637380963483015],[114.94740075063329,4.864591152907114],[114.94643508342183,4.865093963634014],[114.9449939460848,4.865071511993203],[114.94524116585828,4.865805558966829],[114.94628013343981,4.865940234290323],[114.94648434902996,4.866583118974414],[114.94338907050755,4.866040256510888],[114.94338356180587,4.865716957629122],[114.93897394272616,4.857473150667453],[114.93739473989004,4.8541075565491285],[114.93501925676816,4.854003028081389],[114.93503452685518,4.851102748311819],[114.93833604139179,4.851094166694732],[114.95060485030358,4.850824125112607],[114.95407802610667,4.85056567371518],[114.95934845846323,4.850097478996528],[114.95854834448693,4.850407513408289],[114.95778073642217,4.850369225662161],[114.95656006151621,4.8510496483781615],[114.95629497658585,4.852238046961905],[114.95577468687618,4.853445898565473],[114.95569357784719,4.854180965574856],[114.9549871702255,4.855338525992542],[114.9545581220979,4.8554478316752565],[114.95387623236479,4.856517704981494],[114.95405591598693,4.856855720760468],[114.95328350866153,4.85817344923679],[114.95310735212513,4.858968726633193],[114.95246228774666,4.859378846714862],[114.95225347319408,4.860001828013056],[114.95121888077468,4.860517081351883]]]},"properties":{"id":48,"name":"Kg. Buang Sakar","mukim":"MUKIM LUMAPAS","area":2417071,"district":"Brunei-Muara","mukimDisplayName":"Lumapas"},"id":48},{"type":"Feature","geometry":{"type":"Polygon","coordinates":[[[114.98375570368918,4.877125969400925],[114.98227390197958,4.878640415578965],[114.98235146194833,4.880543890082691],[114.98056024413752,4.885090435778039],[114.97961102511006,4.8831981481813305],[114.97878649104396,4.881998473294616],[114.97890285329947,4.88144100727889],[114.97796418309515,4.879584479146744],[114.97762266300025,4.879676810632684],[114.97540539231763,4.878726010214672],[114.97407764256378,4.877559891603081],[114.97308906582091,4.877532346458827],[114.97279261216568,4.8772368537872985],[114.97079194494854,4.876417215329411],[114.97210155708451,4.874802951067751],[114.97266884830509,4.87528613312774],[114.97573716958291,4.870607014945577],[114.98375570368918,4.877125969400925]]]},"properties":{"id":49,"name":"Kg. Buang Tawar","mukim":"MUKIM KOTA BATU","area":902222.25,"district":"Brunei-Muara","mukimDisplayName":"Kota Batu"},"id":49},{"type":"Feature","geometry":{"type":"Polygon","coordinates":[[[114.9338160873325,4.853972288633655],[114.93682860071065,4.864373455244132],[114.9355931959856,4.866251439442012],[114.93318677597637,4.868799261440831],[114.93392608248023,4.870801291306827],[114.93359419909854,4.871905660310393],[114.93304435206205,4.872317164923812],[114.93243798771621,4.873538809139622],[114.93065778414828,4.8751433788734575],[114.92590903251978,4.868286718717899],[114.92319020512299,4.864988895200326],[114.92148841075475,4.863918531061845],[114.92022530502727,4.863061558726967],[114.91834413815458,4.861165352609387],[114.91809330778779,4.860736272130472],[114.91866062330661,4.859110336102351],[114.91919957659094,4.8589236855949665],[114.91983244944166,4.857696688275139],[114.92039306263746,4.858175135308646],[114.92185589237778,4.856971152748146],[114.92275580539416,4.856775512960557],[114.92477770169225,4.855230324952421],[114.92659919673487,4.854868486646879],[114.92763980428495,4.854054196585419],[114.9338160873325,4.853972288633655]]]},"properties":{"id":50,"name":"Kg. Buang Tekurok","mukim":"MUKIM LUMAPAS","area":2727944.75,"district":"Brunei-Muara","mukimDisplayName":"Lumapas"},"id":50},{"type":"Feature","geometry":{"type":"Polygon","coordinates":[[[114.8909328429931,4.85581367979691],[114.8945666283337,4.858457636930815],[114.89828195163882,4.861560065702971],[114.897038431609,4.863172320502702],[114.89505258170728,4.861441057322553],[114.89476762662446,4.8617051938130675],[114.88491756753946,4.855549885092529],[114.88425223321491,4.855042633508203],[114.88190702885403,4.854133525993095],[114.87970010733434,4.8542340577941285],[114.87660440184133,4.853908270379359],[114.87611811999818,4.853397037313645],[114.8759563671142,4.8522207534365505],[114.87606713949964,4.849552526924747],[114.8774092829577,4.8496790142773],[114.87914443829158,4.85085226212586],[114.8800363261447,4.851184736399401],[114.88085002732394,4.851001952632975],[114.88156299751815,4.850306246740058],[114.88192932710393,4.849578803650943],[114.88494807321337,4.850999866980604],[114.88580840625269,4.851145632138515],[114.88662141103751,4.851769479186835],[114.88634582327663,4.853011044188732],[114.88855153285412,4.854188139479866],[114.8909328429931,4.85581367979691]]]},"properties":{"id":51,"name":"Kg. Bunut","mukim":"MUKIM KILANAS","area":962722.8125,"district":"Brunei-Muara","mukimDisplayName":"Kilanas"},"id":51},{"type":"Feature","geometry":{"type":"Polygon","coordinates":[[[114.89827774887631,4.851163585996217],[114.89744935601375,4.851331168612399],[114.89646542596918,4.851058453027625],[114.89325540943611,4.849842306608565],[114.89279838515341,4.851745011198728],[114.89252769150207,4.853531412592643],[114.89249016699151,4.854720213608332],[114.8909328429931,4.85581367979691],[114.88855153285412,4.854188139479866],[114.88634582327663,4.853011044188732],[114.88662141103751,4.851769479186835],[114.88580840625269,4.851145632138515],[114.88494807321337,4.850999866980604],[114.88192932710393,4.849578803650943],[114.88333054633857,4.847093165870339],[114.88419174926206,4.846224042576848],[114.88486564289649,4.845871210182465],[114.88446973907185,4.844526436191358],[114.88542233913384,4.8425319941868015],[114.88606015115705,4.8421000746466385],[114.88703096920533,4.843361524718254],[114.88966357120123,4.84484119252447],[114.89218684063125,4.845940222547093],[114.89599496712339,4.84725179922371],[114.89557523829933,4.84838920260218],[114.89594228193036,4.8493845889911436],[114.89649455490672,4.849770649280071],[114.89806341929487,4.850357653729075],[114.89827774887631,4.851163585996217]]]},"properties":{"id":52,"name":"Kg. Bunut Perpindahan","mukim":"MUKIM KILANAS","area":1218430.875,"district":"Brunei-Muara","mukimDisplayName":"Kilanas"},"id":52},{"type":"Feature","geometry":{"type":"Polygon","coordinates":[[[114.86991692169492,4.832204334526332],[114.86535715288656,4.833865060165326],[114.86430947666459,4.834482480006175],[114.86357919995729,4.835285492630224],[114.86307809525447,4.835066294197082],[114.86305067600112,4.833920377320063],[114.86025606762094,4.83398731653676],[114.85983169439027,4.829678237978621],[114.86208275869357,4.828868879142852],[114.86205037120948,4.827588027392257],[114.86152723579855,4.827585038320821],[114.86155123886655,4.826241652730366],[114.8610586933496,4.826270139224419],[114.86036779978234,4.822862157132174],[114.86035777754714,4.821773544448005],[114.86066790281541,4.820906105127764],[114.86208547501404,4.819319421626946],[114.86368264472765,4.82114909687142],[114.86429973643955,4.821367110727237],[114.86555368545241,4.821253100617736],[114.86615004134761,4.821132031729878],[114.86883334267955,4.8200250889023835],[114.86972712283291,4.819876557244285],[114.87080802268595,4.82049164901488],[114.87116870088397,4.8210704883105855],[114.87127895842053,4.821946272789728],[114.87103242846398,4.822783570468122],[114.8704525206517,4.823689704966395],[114.86953040111459,4.8247212240334845],[114.86837261051328,4.8262706482965205],[114.86772716264234,4.827493509654667],[114.86762215930855,4.828551952241279],[114.86781515209803,4.829771702979888],[114.86822329999183,4.8305844112791405],[114.86991692169492,4.832204334526332]]]},"properties":{"id":53,"name":"Kg. Burong Lepas","mukim":"MUKIM KILANAS","area":1388292.5,"district":"Brunei-Muara","mukimDisplayName":"Kilanas"},"id":53},{"type":"Feature","geometry":{"type":"Polygon","coordinates":[[[114.93581334396234,4.874391461947869],[114.93486766756828,4.875896788702393],[114.93567615264294,4.876362445934318],[114.93609913521489,4.8758034806606485],[114.93679682550676,4.876318810800317],[114.93645691815976,4.876975041482562],[114.93561986288373,4.878298782084938],[114.9344521194303,4.879668323108364],[114.93357168581852,4.878605941535551],[114.93065778414828,4.8751433788734575],[114.93243798771621,4.873538809139622],[114.93329862130608,4.873453063907717],[114.93500023675988,4.8735704339229065],[114.93581334396234,4.874391461947869]]]},"properties":{"id":54,"name":"Kg. Burong Pingai Ayer","mukim":"MUKIM BURONG PINGAI AYER","area":251780.265625,"district":"Brunei-Muara","mukimDisplayName":"Burong Pingai Ayer"},"id":54},{"type":"Feature","geometry":{"type":"Polygon","coordinates":[[[114.92591744938385,4.928406216579407],[114.92624633124036,4.928330593451834],[114.92792729883386,4.927190989690459],[114.92976013802294,4.927142923693098],[114.93006511671018,4.93112402450666],[114.92673029086042,4.93123202669223],[114.92613745039264,4.9300559035533595],[114.92591744938385,4.928406216579407]]]},"properties":{"id":55,"name":"Kg. Burong Pingai Berakas","mukim":"MUKIM BERAKAS A","area":171406.515625,"district":"Brunei-Muara","mukimDisplayName":"Berakas A"},"id":55},{"type":"Feature","geometry":{"type":"Polygon","coordinates":[[[114.977882304714,4.89060255887758],[114.97855895445804,4.8909625856393255],[114.97949471294622,4.8922620213589525],[114.98016344105943,4.892684718296536],[114.98122843050756,4.893988693243145],[114.9826615229613,4.8944473769415575],[114.98519817379633,4.89637161685413],[114.98269433751165,4.899954292809227],[114.97756268256232,4.8959900033816135],[114.97542260135029,4.894415647242092],[114.977882304714,4.89060255887758]]]},"properties":{"id":56,"name":"Kg. Dato Gandi","mukim":"MUKIM KOTA BATU","area":484490.4375,"district":"Brunei-Muara","mukimDisplayName":"Kota Batu"},"id":56},{"type":"Feature","geometry":{"type":"Polygon","coordinates":[[[114.97573716958291,4.870607014945577],[114.97266884830509,4.87528613312774],[114.97210155708451,4.874802951067751],[114.97079194494854,4.876417215329411],[114.96886406087751,4.874489974432954],[114.96751267049714,4.873300088362232],[114.96721376269284,4.873351855222092],[114.96384129849989,4.870262278840395],[114.96812102136569,4.86441568078617],[114.97573716958291,4.870607014945577]]]},"properties":{"id":57,"name":"Kg. Gadong Batu","mukim":"MUKIM KOTA BATU","area":885710.375,"district":"Brunei-Muara","mukimDisplayName":"Kota Batu"},"id":57},{"type":"Feature","geometry":{"type":"Polygon","coordinates":[[[114.80894192748589,4.800318161375789],[114.80807927234405,4.800338728338098],[114.80535878499722,4.801253390591363],[114.78259646506724,4.805631017357338],[114.78254827934451,4.803490240141906],[114.7814308333015,4.801403743158122],[114.78051581223312,4.799960080702136],[114.77908166238582,4.796983795458874],[114.77682460980887,4.793521543746647],[114.77421601188193,4.7885087479047215],[114.77415259361874,4.788175447521453],[114.7776349634098,4.788256403996085],[114.77782053932695,4.780160497022702],[114.80234538772345,4.78048157899446],[114.80325825524432,4.781156990034714],[114.80431939383288,4.78229732574028],[114.8054376319438,4.783879868302728],[114.80573952353635,4.784757239193819],[114.80931653920587,4.796912067211962],[114.80856102419268,4.797511313742738],[114.80841825506856,4.798025985343635],[114.80903577355485,4.799105927220419],[114.80865225974763,4.799535515254616],[114.80894192748589,4.800318161375789]]]},"properties":{"id":58,"name":"Kg. Imang","mukim":"MUKIM PANGKALAN BATU","area":8159675,"district":"Brunei-Muara","mukimDisplayName":"Pangkalan Batu"},"id":58},{"type":"Feature","geometry":{"type":"Polygon","coordinates":[[[114.88345050821142,4.874760396248764],[114.88113018710085,4.877625108746841],[114.88116866719706,4.879801553303838],[114.87818434022614,4.885467674583324],[114.87314638806387,4.890352931354403],[114.86836879511704,4.89496962433518],[114.86425480938634,4.892420742051004],[114.8640681296907,4.889827510443663],[114.86453474629329,4.887787589685796],[114.86477862239556,4.88725605694711],[114.8642803147064,4.886599614600782],[114.86496235591694,4.884823484252568],[114.86553135276388,4.8830554674242475],[114.86561048991432,4.88222047115769],[114.86493528830026,4.881088755992483],[114.86522823586367,4.879935368958896],[114.86694958781484,4.876398233831513],[114.8675964076983,4.876543236517722],[114.86878446718308,4.875166975368513],[114.87018113460327,4.874057259160909],[114.86979471204965,4.8737375588613014],[114.87121734719645,4.873290564317951],[114.87234089368306,4.873633722190884],[114.87291731419144,4.8728501389775545],[114.87374951366947,4.87380866544104],[114.87619819534639,4.874404838343464],[114.8780466150458,4.874208224635962],[114.87809612646565,4.874773757289848],[114.88345050821142,4.874760396248764]]]},"properties":{"id":59,"name":"Kg. Jangsak","mukim":"MUKIM KILANAS","area":3004746.25,"district":"Brunei-Muara","mukimDisplayName":"Kilanas"},"id":59},{"type":"Feature","geometry":{"type":"Polygon","coordinates":[[[114.9412427186461,4.933736443092474],[114.94123813157672,4.934526810062679],[114.94086307119163,4.939779377725907],[114.94069161590475,4.9417320773722615],[114.94080224481273,4.941970259039514],[114.9383800789661,4.942888822114105],[114.93785465229806,4.941256076486834],[114.93694494715969,4.939701108127243],[114.93608434876826,4.938742008375048],[114.93394496090733,4.936980876811718],[114.93130988672118,4.934334012443613],[114.93047073049033,4.9337541277017465],[114.9276362292661,4.9321305899240135],[114.92673029086042,4.93123202669223],[114.93006511671018,4.93112402450666],[114.93474923802643,4.930886261227063],[114.9357916925383,4.932491670588417],[114.93641434621311,4.9331488805695045],[114.93704350994953,4.932362374818446],[114.93878290494546,4.933719949671018],[114.93969006454938,4.933877189328164],[114.9412427186461,4.933736443092474]]]},"properties":{"id":60,"name":"Kg. Jaya Setia","mukim":"MUKIM BERAKAS A","area":902437.4375,"district":"Brunei-Muara","mukimDisplayName":"Berakas A"},"id":60},{"type":"Feature","geometry":{"type":"Polygon","coordinates":[[[114.85552539712963,4.962951223889039],[114.85602032716902,4.963166528401627],[114.85700984055794,4.9635969856447915],[114.86111264605655,4.965381764308691],[114.86223325510255,4.9658334069901455],[114.86432695211639,4.96697056352391],[114.86711872472397,4.96860357414141],[114.86711123552313,4.968621555242714],[114.86709040095757,4.968671580512902],[114.86705685488948,4.968752126022225],[114.86702521491293,4.968828095211959],[114.86696063584996,4.968983151163744],[114.86669265539184,4.969626577840915],[114.86660278956589,4.969830106006817],[114.86405256268243,4.969609424716796],[114.86279575541347,4.969856128068481],[114.86188716768882,4.970594000698593],[114.8613005977392,4.970321135034081],[114.86008991404768,4.970979510191402],[114.85992091765462,4.971462003635095],[114.86083926374171,4.972046354905688],[114.86102791426484,4.973084015997289],[114.85991304463737,4.972544620420082],[114.85958111807092,4.971726457822846],[114.85905862764116,4.971562712417776],[114.8598573790873,4.969988569438953],[114.85962373209829,4.968800742429128],[114.85886081052624,4.967506938181364],[114.8566622260973,4.967268533122573],[114.85565925057956,4.967879519742793],[114.8557201561941,4.9687121508258265],[114.8549188725221,4.96958977166568],[114.85432288896355,4.970671431184239],[114.85392045449922,4.9706433309552835],[114.85298359840044,4.971750875655819],[114.85302130302173,4.970022197271519],[114.85198470832967,4.969515600991277],[114.85157168177231,4.968895910798501],[114.85136843364448,4.967770698333688],[114.8506665347705,4.967897388377177],[114.85064882643853,4.967071165044076],[114.85010426060555,4.9660782020318965],[114.84904279728455,4.965706480332548],[114.84770660368545,4.965845320407378],[114.8469845458806,4.967198922139145],[114.84617130132273,4.966201136553006],[114.84678146468491,4.965245144327959],[114.84730502264749,4.9649470539134715],[114.8471980521558,4.963964345953102],[114.846610779248,4.9633002293624235],[114.84598294059866,4.963064162582195],[114.84516203005971,4.962145140972443],[114.84434093786315,4.962098866422036],[114.8438770528244,4.962901168295035],[114.84315308155762,4.96248475392682],[114.84436430731724,4.961389924554072],[114.84389256811016,4.960262794589963],[114.84272637424951,4.9591593323750045],[114.84160022304553,4.958854898417955],[114.84107886655441,4.959153429434237],[114.84105665250082,4.960135646333693],[114.8403998704881,4.960092826508587],[114.83903829039063,4.958694701564473],[114.84008743020362,4.9588863879595],[114.8405268210377,4.958177729034304],[114.83999851166601,4.95794711070443],[114.84015771819608,4.95716368506148],[114.83958992370177,4.956323021876745],[114.83797789769827,4.95556644907751],[114.83721364131831,4.955655113017669],[114.8366450868198,4.954555262993253],[114.83584124827519,4.9540014802372605],[114.83434619222612,4.954127849094636],[114.83348025451083,4.954633350229688],[114.83274675342676,4.9544264256396815],[114.83249120487669,4.955404522727779],[114.8339038268995,4.956096897711641],[114.83303667706431,4.956370103466555],[114.83207718003463,4.95597530259928],[114.83184679614922,4.954596942168592],[114.83237451750217,4.953785092216152],[114.83236768518906,4.952810949637105],[114.83200857871188,4.951936967765533],[114.8304917949425,4.950485367847033],[114.82989197107943,4.950267211675809],[114.82913584445278,4.950577978306434],[114.82915262401197,4.951597390267903],[114.82842148108355,4.9513749263659115],[114.82949776826533,4.949954761101983],[114.82910479672289,4.949055758047475],[114.8284004776445,4.948766340100837],[114.82836697943617,4.948255251734879],[114.8269768592694,4.947653357141182],[114.82617991493132,4.947040526943319],[114.8250335849627,4.9471367740434085],[114.82433963503583,4.947697394851742],[114.82284953570652,4.946095136518225],[114.82196800322063,4.944976671478912],[114.82020664940559,4.943320284437472],[114.81858964826289,4.9432449699380125],[114.81765489334936,4.944398813837745],[114.81755641245356,4.9448495316539365],[114.81888832705006,4.946407092349455],[114.81867116583925,4.9472285111005485],[114.8181126068557,4.94734026080205],[114.81718284677547,4.946792470799148],[114.81598178985034,4.945614883610311],[114.81535945659516,4.944395557492266],[114.81512462050699,4.942584524760454],[114.81230138746066,4.942973183326687],[114.81048660296904,4.943519022720032],[114.81166908303544,4.941753879241705],[114.81239549180414,4.941021054970687],[114.81334385262775,4.9411083549031],[114.81424006242705,4.9404250737570115],[114.81457710256468,4.939092654750229],[114.81374685289742,4.937626037444645],[114.81260613337285,4.937280035689596],[114.81210241342433,4.93830553636364],[114.81146233221027,4.938044353428349],[114.81214886994441,4.9373682017009415],[114.81219758799122,4.936702680269743],[114.81177468017428,4.935971686347029],[114.81069419563623,4.935256593898582],[114.80939850329457,4.93527716166281],[114.80876420493037,4.936359590948768],[114.8079039407733,4.936601587317213],[114.80729574307668,4.936301921615033],[114.80828937054389,4.935315198620026],[114.80780971834508,4.935003523240554],[114.80802134755827,4.934369926658089],[114.80764861761232,4.932997392972993],[114.80672855242344,4.93200561187539],[114.8059320603705,4.931952006884941],[114.80463688228683,4.93301239214953],[114.80446176881489,4.932465939308456],[114.80522976627893,4.932329965810157],[114.80537675884088,4.931732848092504],[114.8050987515354,4.9309660467092336],[114.80439676573926,4.930377629571068],[114.80378104244936,4.930252733556583],[114.80309571093616,4.929430470606712],[114.80213164381092,4.929287223872645],[114.80148284575141,4.928866504713755],[114.80085754805879,4.928010594187135],[114.79993114548466,4.927630611763743],[114.7990969577407,4.926732237113814],[114.79795365373681,4.92675111802377],[114.798159593806,4.92616630364616],[114.7979591400948,4.925427243592534],[114.79732805105363,4.924708087586829],[114.79662078837936,4.924433563603573],[114.79603004170953,4.92373604372404],[114.7957631212536,4.923581436609612],[114.79552739852505,4.923501323557103],[114.79557871151606,4.922998118511484],[114.79563556273777,4.922131520552902],[114.79566863392027,4.921627393731774],[114.79567927742082,4.921465143105003],[114.79568312746684,4.921406457648371],[114.79568984841549,4.921304008650603],[114.79545516570911,4.918108954829766],[114.79522209983872,4.9158595014031095],[114.79468951849499,4.912542660782169],[114.7946786722986,4.911761981186327],[114.79467273969034,4.911335000754553],[114.7946672925836,4.91094293045744],[114.79626891623766,4.909672476882904],[114.79703970466164,4.909061062005475],[114.7921242115969,4.896949684172486],[114.79249816215517,4.896096647092268],[114.79265627600917,4.895044311020243],[114.79322353044698,4.892836033564082],[114.7935604885638,4.892313249694215],[114.79374629163945,4.893987900920181],[114.79407660140663,4.895255140296663],[114.7962334379121,4.901420765062205],[114.79670014760411,4.902486803770946],[114.79887977631162,4.9056086651152535],[114.80257355390556,4.91126248887646],[114.80373837900846,4.913245927734221],[114.80506270474469,4.915725603828208],[114.80717212869732,4.9202599475369],[114.80799175053917,4.919123009527433],[114.80811068335237,4.9019467588336925],[114.80809136451042,4.900075148232822],[114.82281763248355,4.90004095059737],[114.82570845242101,4.900053792646547],[114.82665201508537,4.900328717170095],[114.82771971550946,4.900605293550911],[114.82812060587621,4.901445724572074],[114.82868488038206,4.901722443214585],[114.82844805178337,4.903180600947797],[114.83026032953492,4.903199911771115],[114.82988983359802,4.904977348746318],[114.83163939442264,4.904972521227384],[114.83138109923603,4.906135965804522],[114.83552254635488,4.905172453207713],[114.83513892250201,4.906731247582226],[114.83520876008,4.909543536485505],[114.8372046647338,4.9212698207332854],[114.8374755476347,4.923029429288464],[114.83844126375156,4.927922532250509],[114.83879459321733,4.92889230394081],[114.84036110028433,4.930954832790425],[114.84085586512946,4.931781909987233],[114.84249527812278,4.935919771848314],[114.84248121561826,4.9368069462358966],[114.8412028969055,4.9419075691343135],[114.84105732305515,4.943473031927467],[114.84149580901415,4.94784042270029],[114.8415628999557,4.950777794051916],[114.84450725300879,4.953154241111566],[114.84633158585433,4.954906327950143],[114.84988142691098,4.958845978395091],[114.85133774442762,4.960306230666902],[114.85309415632429,4.96165678802333],[114.85552539712963,4.962951223889039]]]},"properties":{"id":61,"name":"Kg. Jerudong","mukim":"MUKIM SENGKURONG","area":22312918,"district":"Brunei-Muara","mukimDisplayName":"Sengkurong"},"id":61},{"type":"Feature","geometry":{"type":"Polygon","coordinates":[[[114.87673530651877,4.8040151581116755],[114.87697714646443,4.805268039939851],[114.87728720640035,4.8083734607667],[114.87746214078396,4.809322149786172],[114.8778894384903,4.810048980267555],[114.87914560119104,4.810756126101315],[114.87932729981617,4.81158929970703],[114.87742262537279,4.812281855623652],[114.8769297165697,4.813319063626042],[114.87677611806343,4.8143358314175755],[114.87559763673849,4.8149156660117765],[114.8745006859814,4.814824701476306],[114.87304206408413,4.816023546131497],[114.87213408971836,4.816256798965562],[114.87125416657437,4.815400328280542],[114.87045000363922,4.815423718057837],[114.86893313181342,4.816109393438204],[114.866354438132,4.8184640658066185],[114.86584817818188,4.819443979770866],[114.86555368545241,4.821253100617736],[114.86429973643955,4.821367110727237],[114.86368264472765,4.82114909687142],[114.86208547501404,4.819319421626946],[114.86035307790145,4.817574988887075],[114.85726357387625,4.8155031050227395],[114.8556730366359,4.8146057817842935],[114.85454409282842,4.814311303665434],[114.85305282111338,4.814197654537962],[114.8517742672374,4.814557598643299],[114.85091983714742,4.815428933012083],[114.85006474622504,4.817603800012151],[114.84938304544207,4.818359876290948],[114.84867985276419,4.818722019635488],[114.84758961650627,4.818732084396328],[114.84644188358158,4.818226990609799],[114.84482228293129,4.816760848531449],[114.8444053507512,4.815614868616332],[114.84462325423911,4.815017916720382],[114.84524875087466,4.8146012253550525],[114.84610768472109,4.814462539095319],[114.8469394949333,4.813896147877668],[114.84720803958562,4.812949039950833],[114.84676342514976,4.811187401561929],[114.84573727105828,4.809414537860579],[114.84444733601985,4.8080183969806205],[114.84303531979579,4.807452432652973],[114.84455315010027,4.804498609194977],[114.84463219682885,4.802839096611598],[114.84419465336384,4.801278361069184],[114.84208201194176,4.79698743222162],[114.84130437594378,4.796211974873583],[114.84018515188963,4.795722729488039],[114.83871480207326,4.794482674924245],[114.83838191939219,4.793349402019624],[114.83850110997346,4.792149957235149],[114.8383950418323,4.7909504925815085],[114.83805604195194,4.7902262710763575],[114.83670154156377,4.788830308313645],[114.83417710954689,4.787269318143478],[114.83235425997202,4.786983093726836],[114.83155225652291,4.786700296808154],[114.83086529646275,4.786142285790147],[114.83074231824318,4.784205094642818],[114.83089845134955,4.78216609809095],[114.83490729053312,4.778404566127685],[114.84466817729975,4.767846122507526],[114.84711254241837,4.764923811331087],[114.84766521151437,4.7663415640782105],[114.84765422133364,4.770205581734524],[114.84687310907712,4.774103568175558],[114.84619856697238,4.777842392194808],[114.8464136402669,4.780996915046309],[114.84696123571361,4.784559663983785],[114.84727369163045,4.785983692825559],[114.84777253950591,4.787182761119607],[114.84903419992553,4.789103038619564],[114.85102434257249,4.79138005111951],[114.85315885476528,4.793506836760875],[114.85713683278303,4.79670653200559],[114.85789311629921,4.79712535284991],[114.8671870562384,4.800601741229647],[114.87020265001023,4.801339848927176],[114.87187135725834,4.802001203947833],[114.87566649144298,4.803653761685149],[114.87673530651877,4.8040151581116755]]]},"properties":{"id":62,"name":"Kg. Junjongan","mukim":"MUKIM PANGKALAN BATU","area":11343643,"district":"Brunei-Muara","mukimDisplayName":"Pangkalan Batu"},"id":62},{"type":"Feature","geometry":{"type":"Polygon","coordinates":[[[115.05432745612669,5.032689170305754],[115.05350872853704,5.033571641209394],[115.05179369398783,5.0348689510286775],[115.0497275162068,5.035791055080111],[115.04706240208651,5.0365574278885745],[115.04583572992672,5.036749562883321],[115.04498780884106,5.034650550287594],[115.04297384824976,5.034280044517596],[115.04193078921266,5.033653749147134],[115.04135736837164,5.032537020215324],[115.04132858926997,5.031294183103052],[115.04109710841139,5.029945175069642],[115.04037243111662,5.02876392860052],[115.03912338750033,5.027703072317029],[115.03788981371102,5.027246951360156],[115.03715540229693,5.027249315297347],[115.03658526269115,5.026543416881065],[115.03778876002623,5.025508378151416],[115.03801263934729,5.02436168604806],[115.03882030108016,5.023196609407467],[115.03854081110953,5.022233279900001],[115.03793159829142,5.022617245714818],[115.0371434590723,5.022032164119624],[115.0349454170224,5.019214866173906],[115.0335143390272,5.016967960354095],[115.03313685459024,5.016559349253236],[115.03224780880556,5.017444211455756],[115.03163246933106,5.016835269252017],[115.0321412016054,5.016291937994222],[115.0311739606469,5.015335149575922],[115.03176730807317,5.0147175248814495],[115.03094976586002,5.013807633039255],[115.03125150055794,5.013523929436872],[115.03028705631071,5.012467692444338],[115.02849899045255,5.014300545436057],[115.02803232240804,5.013604825662614],[115.02558028074196,5.012040011951284],[115.02513860100686,5.009935948900415],[115.0262568548982,5.009268608474308],[115.02751346924212,5.008183318356677],[115.02800722917584,5.008808978467331],[115.03028703864283,5.006645374304045],[115.03305488550411,5.005235246942445],[115.03335884225946,5.0056317263439425],[115.03479599371357,5.008567012238101],[115.0357890053799,5.010082437545968],[115.03639413560008,5.010698236980488],[115.03783210774186,5.010899518775528],[115.03843411060438,5.010537228366795],[115.03912412810391,5.00960838419132],[115.03998580264069,5.010184740903861],[115.04121105885494,5.012085506706895],[115.04172566356463,5.012482805336507],[115.04292443680404,5.01412626081323],[115.0420077799966,5.014782325905455],[115.04195089390633,5.015321169934038],[115.04452887579428,5.017759711169686],[115.04970236362048,5.017753623688582],[115.0502870989638,5.01802325818902],[115.05157292414148,5.017788989670936],[115.05368468311015,5.017788218979485],[115.05377547339259,5.017966775103584],[115.05377543526444,5.023280283714763],[115.05414240394389,5.024272848489449],[115.05434929803903,5.026473001529086],[115.05501050583824,5.02740792287806],[115.05571175723223,5.0283406163514535],[115.05682847617773,5.0302985717745115],[115.05560299731336,5.03106260814533],[115.05432745612669,5.032689170305754]]]},"properties":{"id":63,"name":"Kg. Kapok","mukim":"MUKIM SERASA","area":4876712.5,"district":"Brunei-Muara","mukimDisplayName":"Serasa"},"id":63},{"type":"Feature","geometry":{"type":"Polygon","coordinates":[[[114.93879378837806,4.871386006920683],[114.93781238570298,4.871632662961553],[114.93779557877048,4.87249816511274],[114.93674688820268,4.873125818558512],[114.93581334396234,4.874391461947869],[114.93500023675988,4.8735704339229065],[114.93329862130608,4.873453063907717],[114.93243798771621,4.873538809139622],[114.93304435206205,4.872317164923812],[114.93359419909854,4.871905660310393],[114.93392608248023,4.870801291306827],[114.93318677597637,4.868799261440831],[114.9355931959856,4.866251439442012],[114.93745083838459,4.868635944816629],[114.93879378837806,4.871386006920683]]]},"properties":{"id":141,"name":"Kg. Sungai Asam","mukim":"MUKIM LUMAPAS","area":334315.15625,"district":"Brunei-Muara","mukimDisplayName":"Lumapas"},"id":141},{"type":"Feature","geometry":{"type":"Polygon","coordinates":[[[114.99583613082135,4.903492062033899],[114.99648726727052,4.903771312681591],[115.00141322204361,4.904901555790318],[115.00232924495909,4.904780500821954],[115.00383516435238,4.90535392890636],[115.00404512580332,4.905633619388607],[115.00419353650615,4.907294374444908],[115.00494530043322,4.9088898988652945],[115.00529948581156,4.909333041265823],[115.00572702089583,4.910867988679767],[115.00658801732722,4.911899055683907],[115.00636669127064,4.912478564031287],[115.00686170431267,4.91290203888873],[115.00729340426565,4.913972348346568],[115.00748238629632,4.915097693305389],[115.00739206371354,4.916468114090608],[115.00765693093923,4.917177201402144],[115.00853668520026,4.91841397192102],[115.00476064871765,4.92191633960176],[115.00404682788117,4.920737274961357],[115.00247529301909,4.918139381105239],[115.00072904625931,4.916602423882838],[114.99795437163567,4.914012875370362],[114.99198210047328,4.908551905747608],[114.99592550260964,4.903732939266395],[114.99583613082135,4.903492062033899]]]},"properties":{"id":142,"name":"Kg. Sungai Belukut","mukim":"MUKIM KOTA BATU","area":1793071.875,"district":"Brunei-Muara","mukimDisplayName":"Kota Batu"},"id":142},{"type":"Feature","geometry":{"type":"Polygon","coordinates":[[[115.02508641033008,4.947652198372875],[115.02188692790968,4.950085341363428],[115.02194464139421,4.952490369989978],[115.02359846835952,4.952428186843191],[115.02368328489608,4.954253386849843],[115.02166222658012,4.954313293309764],[115.02168993126023,4.95508498766029],[115.02025949460905,4.95501478000002],[115.01887711136649,4.954940731915377],[115.01603546450868,4.954497178211662],[115.01263910583107,4.953967026578111],[115.0133752753919,4.952590592615715],[115.01397690752992,4.9517962141716945],[115.01509611835935,4.950714735249611],[115.01602332957894,4.950222275209081],[115.01396912843353,4.937127318805963],[115.00476064871765,4.92191633960176],[115.00853668520026,4.91841397192102],[115.00916067783565,4.919718217491689],[115.0094826543105,4.919776537375099],[115.00961046897083,4.92080598655589],[115.01023800321795,4.921075858493094],[115.01045342689123,4.92165283939664],[115.01122167274163,4.922398753377697],[115.01257367972254,4.924445647521309],[115.01282796604069,4.925132875175458],[115.01387980552742,4.926555687948993],[115.01440409998402,4.927669511422016],[115.01601196484836,4.930203843766896],[115.01653714428073,4.930513566174691],[115.01675022388473,4.931746052430624],[115.01715808524955,4.93229699302228],[115.01730554946286,4.933243477612838],[115.01773704432384,4.933531260481936],[115.01788960455178,4.934680454494081],[115.01839671467052,4.936582797853434],[115.01878627588243,4.936889793555352],[115.01942828411254,4.939208672409789],[115.02101426731474,4.940888996044372],[115.02115310262535,4.941727833392748],[115.02159194621784,4.941833025100347],[115.0226655911915,4.943801655857565],[115.02301688496156,4.945110846130684],[115.02377692973167,4.9455418991901725],[115.02506927016859,4.947335406526853],[115.02508641033008,4.947652198372875]]]},"properties":{"id":143,"name":"Kg. Sungai Besar","mukim":"MUKIM KOTA BATU","area":2853299.75,"district":"Brunei-Muara","mukimDisplayName":"Kota Batu"},"id":143},{"type":"Feature","geometry":{"type":"Polygon","coordinates":[[[114.98000547463292,4.973547864712122],[114.97897174968024,4.972948426471467],[114.97834479701041,4.975582785777351],[114.97786506452448,4.976142176515016],[114.97735671013476,4.975929521375701],[114.97739959898797,4.9752689185826],[114.97682479508018,4.974202156250381],[114.97445812657536,4.970720950866292],[114.972544259263,4.968854833265729],[114.97146034156592,4.968063792848883],[114.97024675668068,4.967660018514625],[114.96919466348189,4.96757176686304],[114.96982172391328,4.9669058592399224],[114.96944834307236,4.963216854616827],[114.9701841523622,4.962261885186248],[114.97049902189254,4.963226363076886],[114.97310313361692,4.962830332740334],[114.97300100158283,4.96248182137528],[114.97500717814356,4.962603820078618],[114.97525432397917,4.962877743542184],[114.97645461933055,4.9625257583922275],[114.97752512034168,4.963136381025239],[114.97840866783014,4.962726727088413],[114.97886282228735,4.961747863915923],[114.97992806687398,4.961616164063162],[114.98198530389695,4.960929107948859],[114.98538685597542,4.9581623119404],[114.99129470467481,4.956494880892774],[114.99348550980254,4.961698138456676],[114.99463856353653,4.9636519074881065],[114.995305519749,4.96445923023447],[114.99280090582866,4.966249879729414],[114.98889363226664,4.968785991616686],[114.98876614484793,4.9688056412700545],[114.98637633645319,4.968603565186342],[114.9856273480696,4.96932200654277],[114.98599684499894,4.969711610576767],[114.98562425903691,4.970670632048591],[114.98219571111582,4.9729608415766595],[114.98151971666543,4.972419902420313],[114.9807017603336,4.974086904275048],[114.98000547463292,4.973547864712122]]]},"properties":{"id":144,"name":"Kg. Sungai Hanching","mukim":"MUKIM BERAKAS B","area":2969960,"district":"Brunei-Muara","mukimDisplayName":"Berakas B"},"id":144},{"type":"Feature","geometry":{"type":"Polygon","coordinates":[[[114.94691195228899,4.878300657481614],[114.94701692805035,4.879448109808798],[114.94586242068254,4.880063392480571],[114.9445873216015,4.880477697087136],[114.94367832149315,4.880643916604155],[114.94154755288906,4.880431807818487],[114.94111154972975,4.880302030577903],[114.93973758256976,4.879722419322443],[114.93925279935391,4.879489354878471],[114.93786992569527,4.879490829826253],[114.9367892649365,4.877076793358646],[114.93645691815976,4.876975041482562],[114.93679682550676,4.876318810800317],[114.93609913521489,4.8758034806606485],[114.93567615264294,4.876362445934318],[114.93486766756828,4.875896788702393],[114.93581334396234,4.874391461947869],[114.93674688820268,4.873125818558512],[114.93779557877048,4.87249816511274],[114.93781238570298,4.871632662961553],[114.93879378837806,4.871386006920683],[114.93903079007627,4.871997855027991],[114.93914831272811,4.874831015852745],[114.93965570366385,4.875997776874679],[114.94092381131249,4.8773345659999405],[114.9423713966711,4.87810556326672],[114.94322632443134,4.878225596565554],[114.94416306462536,4.877905268628109],[114.94540634792304,4.878579183766884],[114.94537834765498,4.877680560366855],[114.94691195228899,4.878300657481614]]]},"properties":{"id":145,"name":"Kg. Sungai Kebun","mukim":"MUKIM SUNGAI KEBUN","area":479970.5625,"district":"Brunei-Muara","mukimDisplayName":"Sungai Kebun"},"id":145},{"type":"Feature","geometry":{"type":"Polygon","coordinates":[[[114.93862580379648,4.8881443547871],[114.93779163526172,4.8889887015164675],[114.93664052525173,4.88831208385846],[114.93674497689325,4.887686768475278],[114.93743596154064,4.885639148180614],[114.93821512684794,4.886165737082723],[114.93785627237422,4.886913054726311],[114.9385289536536,4.88741790885615],[114.93862580379648,4.8881443547871]]]},"properties":{"id":146,"name":"Kg. Sungai Kedayan A","mukim":"MUKIM SUNGAI KEDAYAN","area":44723.15625,"district":"Brunei-Muara","mukimDisplayName":"Sungai Kedayan"},"id":146},{"type":"Feature","geometry":{"type":"Polygon","coordinates":[[[114.93974930075525,4.886466491721867],[114.93912845426489,4.88706408087874],[114.93895587639348,4.88802413766583],[114.93862580379648,4.8881443547871],[114.9385289536536,4.88741790885615],[114.93785627237422,4.886913054726311],[114.93821512684794,4.886165737082723],[114.93906694071512,4.886549960035946],[114.93926395834747,4.8861618565632465],[114.93974930075525,4.886466491721867]]]},"properties":{"id":147,"name":"Kg. Sungai Kedayan B","mukim":"MUKIM SUNGAI KEDAYAN","area":21494.23046875,"district":"Brunei-Muara","mukimDisplayName":"Sungai Kedayan"},"id":147},{"type":"Feature","geometry":{"type":"Polygon","coordinates":[[[114.98519817379633,4.89637161685413],[114.98819783990871,4.899432675996714],[114.99064170942535,4.900930594919739],[114.98884530334146,4.902944660242377],[114.98770482145608,4.904645066815371],[114.98357291922213,4.900864804138324],[114.98269433751165,4.899954292809227],[114.98519817379633,4.89637161685413]]]},"properties":{"id":148,"name":"Kg. Sungai Matan","mukim":"MUKIM KOTA BATU","area":367879.71875,"district":"Brunei-Muara","mukimDisplayName":"Kota Batu"},"id":148},{"type":"Feature","geometry":{"type":"Polygon","coordinates":[[[114.98876614484793,4.9688056412700545],[114.98877781582692,4.972115032979032],[114.986949656788,4.973708421552195],[114.98789377677258,4.974225923724932],[114.98701601315422,4.974969297297286],[114.98749143480816,4.975287444243236],[114.98599098425953,4.97639319407678],[114.98614029206257,4.976975231230683],[114.98433104870513,4.978449805184154],[114.98383664633596,4.978254438564917],[114.98343830282136,4.980337585759771],[114.98275391470793,4.980249193345525],[114.98237127825178,4.981682289825951],[114.97679768879192,4.984581528622671],[114.97672861944581,4.9809188941676314],[114.9768236137724,4.979003431490419],[114.97727377742156,4.977681449616643],[114.977349484569,4.9760314641123795],[114.97816692422481,4.976556330608205],[114.97963530737931,4.978066286037671],[114.98063536917806,4.978206801048079],[114.98235698369803,4.977369260677727],[114.98128533500491,4.976510744414993],[114.97961435476624,4.975823309516028],[114.98000547463292,4.973547864712122],[114.9807017603336,4.974086904275048],[114.98151971666543,4.972419902420313],[114.98219571111582,4.9729608415766595],[114.98562425903691,4.970670632048591],[114.98599684499894,4.969711610576767],[114.9856273480696,4.96932200654277],[114.98637633645319,4.968603565186342],[114.98876614484793,4.9688056412700545]]]},"properties":{"id":149,"name":"Kg. Sungai Orok","mukim":"MUKIM BERAKAS B","area":1002937.875,"district":"Brunei-Muara","mukimDisplayName":"Berakas B"},"id":149},{"type":"Feature","geometry":{"type":"Polygon","coordinates":[[[114.93925279935391,4.879489354878471],[114.93973758256976,4.879722419322443],[114.93908898028594,4.881093112867515],[114.94021983666221,4.8815866970667505],[114.93988987328319,4.8820620647028505],[114.93903539480627,4.8815508557390235],[114.93832708026875,4.880876011305541],[114.93881338166423,4.879843006651562],[114.93925279935391,4.879489354878471]]]},"properties":{"id":150,"name":"Kg. Sungai Pandan A","mukim":"MUKIM BURONG PINGAI AYER","area":25559.703125,"district":"Brunei-Muara","mukimDisplayName":"Burong Pingai Ayer"},"id":150},{"type":"Feature","geometry":{"type":"Polygon","coordinates":[[[114.93973758256976,4.879722419322443],[114.94111154972975,4.880302030577903],[114.94021983666221,4.8815866970667505],[114.93908898028594,4.881093112867515],[114.93973758256976,4.879722419322443]]]},"properties":{"id":151,"name":"Kg. Sungai Pandan B","mukim":"MUKIM BURONG PINGAI AYER","area":24843.890625,"district":"Brunei-Muara","mukimDisplayName":"Burong Pingai Ayer"},"id":151},{"type":"Feature","geometry":{"type":"Polygon","coordinates":[[[114.89827774887631,4.851163585996217],[114.89829049070903,4.851832217618496],[114.89932944619864,4.853388126582034],[114.89944902705172,4.8551301260670945],[114.90062218464941,4.857602526708277],[114.90027184814446,4.858158473625516],[114.89941541903997,4.858559588258058],[114.89917597250798,4.859429524002284],[114.89938356838523,4.860014254174518],[114.89878520160246,4.860578027978091],[114.89828195163882,4.861560065702971],[114.8945666283337,4.858457636930815],[114.8909328429931,4.85581367979691],[114.89249016699151,4.854720213608332],[114.89252769150207,4.853531412592643],[114.89279838515341,4.851745011198728],[114.89325540943611,4.849842306608565],[114.89646542596918,4.851058453027625],[114.89744935601375,4.851331168612399],[114.89827774887631,4.851163585996217]]]},"properties":{"id":84,"name":"Kg. Madewa","mukim":"MUKIM KILANAS","area":745360.5625,"district":"Brunei-Muara","mukimDisplayName":"Kilanas"},"id":84},{"type":"Feature","geometry":{"type":"Polygon","coordinates":[[[114.96642980680242,4.959433153132951],[114.9665734934851,4.9597888429551915],[114.96464606480107,4.9597573812837785],[114.96518241103703,4.96123845126774],[114.96423326566745,4.961187002071249],[114.96418879659383,4.962405172442032],[114.96309152115111,4.961768101029063],[114.96183897115671,4.958411157363005],[114.96111549118031,4.958727023386772],[114.96063791417177,4.9582924046331165],[114.96005687522332,4.958607802697371],[114.95946796213464,4.9571529289694345],[114.95775268131355,4.95805049586244],[114.95728253653462,4.95717837459149],[114.95719051401419,4.956335247298771],[114.95872482617388,4.955505098063686],[114.95765283890162,4.954284077547804],[114.95700648179505,4.953762442074124],[114.95571155219776,4.953929394483827],[114.95518745611317,4.951881308652252],[114.95564413807648,4.951524597461389],[114.95551075519663,4.949642734433873],[114.95875924861926,4.949423930462665],[114.95900314426937,4.947374612636212],[114.95958610013903,4.947476372271755],[114.96071710845659,4.947976473735513],[114.96158655968084,4.948836858608942],[114.9628942026494,4.949429642708721],[114.96389527799468,4.949663901593846],[114.96457060443234,4.948812813164879],[114.96688402221899,4.945001572791438],[114.96772855240418,4.945293010334524],[114.96891568779243,4.94452423281169],[114.96863065680549,4.947324497639637],[114.97132752000041,4.948556574827589],[114.97194939396485,4.948990486629839],[114.96759973021771,4.955433058890557],[114.96802535256158,4.956867982021677],[114.9666550113143,4.9581252679023065],[114.96601722219016,4.958436028755276],[114.96642980680242,4.959433153132951]]]},"properties":{"id":85,"name":"Kg. Manggis","mukim":"MUKIM BERAKAS B","area":1729804.875,"district":"Brunei-Muara","mukimDisplayName":"Berakas B"},"id":85},{"type":"Feature","geometry":{"type":"Polygon","coordinates":[[[114.85807536023493,4.852811260309558],[114.85414735334949,4.852256014667108],[114.85200664885762,4.853715715168672],[114.84927561472007,4.852231300371809],[114.84803727881791,4.8517353463518775],[114.84544158019523,4.850169965990063],[114.84531315321375,4.8496253948751225],[114.8436901614917,4.849386878784657],[114.84211290155022,4.848803510635207],[114.83914040808813,4.844217630846342],[114.83507222959079,4.837817786387843],[114.82620034429088,4.837860579748699],[114.82617671884137,4.83245452408642],[114.83137577591232,4.830763970989395],[114.83184935097346,4.830661942580876],[114.83561228691339,4.828774157457537],[114.83814779744117,4.82379536517999],[114.8391327251334,4.822181983388225],[114.83904741630695,4.821600632764098],[114.8402701356541,4.821242644598519],[114.84126848765035,4.821204618520976],[114.84274065408484,4.82057279236037],[114.84358586080263,4.820384306257579],[114.84390354311401,4.819683863076907],[114.84618645681056,4.819709496827042],[114.84615342620798,4.818628337816662],[114.84644188358158,4.818226990609799],[114.84758961650627,4.818732084396328],[114.84867985276419,4.818722019635488],[114.84938304544207,4.818359876290948],[114.85006474622504,4.817603800012151],[114.85091983714742,4.815428933012083],[114.8517742672374,4.814557598643299],[114.85305282111338,4.814197654537962],[114.85454409282842,4.814311303665434],[114.8556730366359,4.8146057817842935],[114.85726357387625,4.8155031050227395],[114.86035307790145,4.817574988887075],[114.86208547501404,4.819319421626946],[114.86066790281541,4.820906105127764],[114.86035777754714,4.821773544448005],[114.86036779978234,4.822862157132174],[114.8610586933496,4.826270139224419],[114.86155123886655,4.826241652730366],[114.86152723579855,4.827585038320821],[114.86205037120948,4.827588027392257],[114.86208275869357,4.828868879142852],[114.85983169439027,4.829678237978621],[114.86025606762094,4.83398731653676],[114.86305067600112,4.833920377320063],[114.86307809525447,4.835066294197082],[114.86357919995729,4.835285492630224],[114.86257045295108,4.836820976043544],[114.86430177399562,4.837805654271065],[114.864872963429,4.837829384357166],[114.86654898775471,4.838439816997938],[114.86608886884821,4.841806298748822],[114.86591090845137,4.842274153228032],[114.86289110124096,4.845577633383886],[114.86251807368201,4.845535203570939],[114.86261922610062,4.847508383619025],[114.86332387087909,4.847916185455849],[114.8629787609519,4.849738789513819],[114.85999452978751,4.84929163142005],[114.86005560545448,4.850424946060659],[114.85928507272895,4.8514960214649046],[114.85925746956329,4.85211794051768],[114.85816306385111,4.852077417026287],[114.85807536023493,4.852811260309558]]]},"properties":{"id":86,"name":"Kg. Masin","mukim":"MUKIM PANGKALAN BATU","area":11004462,"district":"Brunei-Muara","mukimDisplayName":"Pangkalan Batu"},"id":86},{"type":"Feature","geometry":{"type":"Polygon","coordinates":[[[114.90546443842427,4.913493774073521],[114.90429527380168,4.913300829131683],[114.90218341534859,4.913739969488651],[114.9007344393963,4.913918774372265],[114.89924119900665,4.915081485112285],[114.89798789309701,4.916386463475883],[114.89632840096316,4.91742660261598],[114.89621534525705,4.908826054826607],[114.89159942753126,4.908926919428389],[114.88817012294398,4.908686615821562],[114.8867097687952,4.9088497561986975],[114.88538932273026,4.908810394354648],[114.88537813833176,4.908372989788859],[114.88431038663784,4.908250952194055],[114.88426832804713,4.905144592231555],[114.88220684883157,4.905120891284769],[114.88213636605991,4.90155565161533],[114.88339097639756,4.901432017673173],[114.88341753618671,4.900858589645446],[114.88529544819723,4.901342584498487],[114.88864103687581,4.901495762651005],[114.88905092228467,4.899324605734692],[114.88878637058157,4.898495654737426],[114.88800101855824,4.898378217351651],[114.8898689301085,4.896457205761403],[114.88977118250732,4.895621298856076],[114.88827837726822,4.89502404520808],[114.88834986510489,4.89451486266018],[114.88529049662245,4.894123374802791],[114.88503079698896,4.892903971921206],[114.88417974681526,4.893102319278941],[114.88410934179957,4.890370581213737],[114.89126974729359,4.890271927996817],[114.89308403288949,4.8914878599548155],[114.89438671443102,4.8916116292004785],[114.89815364573731,4.891424063495533],[114.8989424545908,4.89385465043385],[114.89931089197906,4.894430303479138],[114.90007093358679,4.894971322004382],[114.90082151556294,4.895144568933968],[114.90250077213635,4.894950482204525],[114.9043543663469,4.899004028842573],[114.9052905408029,4.899912303955811],[114.90610378312097,4.9015326756478155],[114.9056304140358,4.901573295420274],[114.9080879892769,4.906697424000984],[114.90772890002535,4.908043766790053],[114.90881484491226,4.908665678060584],[114.90783132467827,4.9104913325097606],[114.90566168964384,4.913005706602866],[114.90546443842427,4.913493774073521]]]},"properties":{"id":87,"name":"Kg. Mata-Mata","mukim":"MUKIM GADONG B","area":4812038,"district":"Brunei-Muara","mukimDisplayName":"Gadong B"},"id":87},{"type":"Feature","geometry":{"type":"Polygon","coordinates":[[[114.93527039363211,4.901667712257984],[114.93596147838319,4.902378526312249],[114.93553777325364,4.903499565580858],[114.93623648629813,4.9039749194289985],[114.93669570831615,4.905098969176937],[114.93665249554505,4.9058012915571085],[114.93794304773667,4.906449086770027],[114.93800294589259,4.907536723602477],[114.9400940818266,4.907567810369759],[114.94326248510652,4.908872249477346],[114.94317128120622,4.9081870102986045],[114.94504742206995,4.908870460894583],[114.94633105605979,4.909951533964532],[114.94824751808603,4.911881702673554],[114.94968701532623,4.912376823767981],[114.95096812137547,4.913315485014097],[114.95175557819265,4.914180273142208],[114.95208430767113,4.914867384982794],[114.95221251933468,4.917008289638535],[114.94893749898287,4.917875320852658],[114.94686786205668,4.918494589290918],[114.9433733034077,4.920291384565833],[114.9368262901812,4.923854368065998],[114.93489072037708,4.919833306620738],[114.93427084114876,4.9188372181456765],[114.93210586229326,4.916842061967986],[114.93161436196452,4.915962299364543],[114.93146066171752,4.914989456166342],[114.93104529726097,4.913512802624011],[114.93101708643555,4.911907898141006],[114.93183822347861,4.908345194033843],[114.931839209748,4.907720701016622],[114.93089652266082,4.9058209762265514],[114.93084835676304,4.905295850332511],[114.93177812252101,4.902999292808901],[114.93241614004708,4.902331971274907],[114.93427455807041,4.902104428601842],[114.93527039363211,4.901667712257984]]]},"properties":{"id":88,"name":"Kg. Melabau","mukim":"MUKIM KIANGGEH","area":3058687,"district":"Brunei-Muara","mukimDisplayName":"Kianggeh"},"id":88},{"type":"Feature","geometry":{"type":"Polygon","coordinates":[[[114.92490174150332,4.923812600639071],[114.92338591119935,4.924073070507895],[114.92238576549406,4.92226126214691],[114.92182038898679,4.922585761293438],[114.92195689265544,4.91770777993748],[114.92110345349118,4.9111735891838695],[114.92054774272773,4.90742662632942],[114.92141869039382,4.907298168596143],[114.92307530416784,4.906687020349435],[114.92494647506302,4.905194040089496],[114.92642059338806,4.9050508422350845],[114.92746756284639,4.906108507360383],[114.92704279291773,4.907176844137842],[114.92694879908416,4.9083011907656875],[114.92727187351063,4.908655198708448],[114.92884206209901,4.908751809094522],[114.92987924144217,4.909664020651451],[114.9298367130877,4.911223756328258],[114.92951539504989,4.91264287094433],[114.92822637281824,4.913916544368524],[114.92618390705394,4.915210802895842],[114.9257137961285,4.91597632723169],[114.92554721523152,4.916770202419508],[114.9257193954041,4.917800361626169],[114.92651517422988,4.919357502002989],[114.92647303425088,4.921046064787861],[114.92557237053293,4.92276440399118],[114.92538531927046,4.923497313444145],[114.92490174150332,4.923812600639071]]]},"properties":{"id":89,"name":"Kg. Menglait","mukim":"MUKIM GADONG B","area":1253962.875,"district":"Brunei-Muara","mukimDisplayName":"Gadong B"},"id":89},{"type":"Feature","geometry":{"type":"Polygon","coordinates":[[[115.02626149382691,4.962843556173461],[115.02497794680134,4.963250976106416],[115.02526220467409,4.964904501330999],[115.02491405049742,4.965479323919604],[115.0236430238974,4.965968374326854],[115.02268043724055,4.967314056744376],[115.02281911160868,4.96765558201176],[115.02283253994943,4.969989316138297],[115.02319321806104,4.971852703698592],[115.02373287978574,4.972330705671103],[115.02393914087521,4.973259523038204],[115.02474431142267,4.974495245009535],[115.02556162358492,4.975043147273295],[115.02558536352058,4.9826126363584144],[115.01705586657877,4.984985399386029],[115.01731759213457,4.982184737425501],[115.01527170755836,4.982181667884836],[115.01528865011102,4.979177424524089],[115.01438235794002,4.979171279710548],[115.01437236129053,4.9772664919383],[115.01556490990518,4.968219007970039],[115.01564609285688,4.966809626829148],[115.01381904412644,4.966844299771665],[115.01238180518871,4.96398035400479],[115.0123496368392,4.96095024744489],[115.0159763016146,4.9609454336231416],[115.01606816054704,4.959173708152913],[115.01603546450868,4.954497178211662],[115.01887711136649,4.954940731915377],[115.02025949460905,4.95501478000002],[115.01999662342541,4.957844133970646],[115.02117470478828,4.958080014128711],[115.02208583908553,4.958584012411284],[115.02533986024838,4.961645344730284],[115.02626149382691,4.962843556173461]]]},"properties":{"id":90,"name":"Kg. Mentiri","mukim":"MUKIM MENTIRI","area":3226852.25,"district":"Brunei-Muara","mukimDisplayName":"Mentiri"},"id":90},{"type":"Feature","geometry":{"type":"Polygon","coordinates":[[[114.99041272272378,4.8608005528175],[114.98966616589236,4.862081581352102],[114.98835104908882,4.865445459588682],[114.98751288457478,4.8680391801990925],[114.98723981479793,4.869192594609673],[114.9872622365457,4.87089800931768],[114.98810400840797,4.87264395923745],[114.98902029584298,4.873734326693965],[114.98968268338979,4.874074562350863],[114.99107603278725,4.875547261850654],[114.99191886589743,4.876627037025255],[114.99145276637107,4.876755314112669],[114.99215221329226,4.878108452474132],[114.99290300445908,4.878823363555597],[114.99750015037884,4.882565080476319],[114.99400559621758,4.885672039787848],[114.99253708960407,4.884261354030957],[114.98375570368918,4.877125969400925],[114.97573716958291,4.870607014945577],[114.96812102136569,4.86441568078617],[114.96384129849989,4.870262278840395],[114.96295034005176,4.86957609529137],[114.9621922433527,4.868562496976494],[114.96035844709715,4.866573465166594],[114.95963816758108,4.8652905314952966],[114.95964261351206,4.86424973655953],[114.96040103007131,4.86340419995893],[114.96010293591826,4.862213885582145],[114.9594461054922,4.86114344261284],[114.95828176091763,4.861432339548732],[114.95767292585496,4.861331806739755],[114.95756392406261,4.860710950915686],[114.95824550849136,4.859639326969533],[114.95943108023113,4.856849033849434],[114.95998406710386,4.855876893850728],[114.96044941640984,4.853612817517268],[114.96038571540137,4.8513674638918785],[114.9612485401728,4.85026782640616],[114.96174066097377,4.849151263421483],[114.96263115769545,4.847935593079565],[114.96348424313523,4.846232213760083],[114.96467355517325,4.84583048769047],[114.96465543823793,4.845231081865634],[114.9651690710806,4.844854233819558],[114.96720018666876,4.843991744185354],[114.96820158524382,4.843127883174098],[114.96964511523107,4.841140282241871],[114.97055828802029,4.8411527199917606],[114.97686923496995,4.853204229230095],[114.97943454014508,4.853815615265135],[114.98005213456074,4.85381365921033],[114.9792160233344,4.855824606254069],[114.97953493259953,4.855992601423853],[114.98290321170673,4.856056541225785],[114.99041272272378,4.8608005528175]]]},"properties":{"id":91,"name":"Kg. Menunggul","mukim":"MUKIM KOTA BATU","area":7990545.5,"district":"Brunei-Muara","mukimDisplayName":"Kota Batu"},"id":91},{"type":"Feature","geometry":{"type":"Polygon","coordinates":[[[114.85292824314273,4.881948878357903],[114.84557667342936,4.88194824940319],[114.84509245537178,4.882109754740329],[114.84255095039026,4.882030159143036],[114.84226606998168,4.881334081053252],[114.84148378292727,4.881275123534708],[114.83954041847267,4.881810553604519],[114.83907662768561,4.881053210764499],[114.83863475289176,4.879652149819659],[114.83872606648085,4.878601102465645],[114.83757370835035,4.878251148604682],[114.83674549219838,4.87729784650809],[114.8375530854084,4.875183012061745],[114.83772008644642,4.87430502079826],[114.83483415389988,4.873367985315824],[114.83391991237934,4.87315919833542],[114.83278489189885,4.871684735898722],[114.83174700485196,4.870578314420423],[114.83016256222338,4.869474139903296],[114.82970937628961,4.868569081358467],[114.83021894258403,4.868109635524423],[114.82968229763854,4.867599926177574],[114.82959115848575,4.866017015353279],[114.82906090245832,4.863674553170392],[114.82677056684847,4.864195905348173],[114.82589536507372,4.864249537714139],[114.83051519388815,4.859856046972346],[114.83442812716542,4.856952649757334],[114.83711499091608,4.854970398544442],[114.83845158076362,4.854872590791282],[114.84069786746147,4.856173636405454],[114.84191908289831,4.85621602412138],[114.84350288235215,4.856527756326728],[114.84499646880673,4.855877792727897],[114.84727972696182,4.8558681299017925],[114.84820521654662,4.856322059154489],[114.84943827921603,4.857240332069494],[114.85048714706257,4.857432818420345],[114.85155435785063,4.857236433142786],[114.85225246580201,4.857527784854508],[114.85412380726174,4.858840234258497],[114.85724108724247,4.8608072979969315],[114.85851298456154,4.861292869252321],[114.85874772675594,4.8671581414289475],[114.85322590524989,4.867212224636352],[114.85325674791243,4.873028847173044],[114.85322380822508,4.8766699426992055],[114.85292715091562,4.877218201732845],[114.85292824314273,4.881948878357903]]]},"properties":{"id":92,"name":"Kg. Mulaut","mukim":"MUKIM SENGKURONG","area":6808658,"district":"Brunei-Muara","mukimDisplayName":"Sengkurong"},"id":92},{"type":"Feature","geometry":{"type":"Polygon","coordinates":[[[114.95396129070556,4.934204080081119],[114.95634431756848,4.934627223702913],[114.95761013124229,4.934609111281379],[114.95898085549128,4.9351732184790515],[114.95909667569353,4.937712527428059],[114.95897015349688,4.9397117945543005],[114.95910463421771,4.941183911846637],[114.9581751758239,4.9413219280287635],[114.95696980245638,4.9410690588344615],[114.95559551763976,4.940312816877746],[114.95277473642224,4.939837054677134],[114.95396129070556,4.934204080081119]]]},"properties":{"id":93,"name":"Kg. Orang Kaya Besar Imas","mukim":"MUKIM BERAKAS A","area":423860.46875,"district":"Brunei-Muara","mukimDisplayName":"Berakas A"},"id":93},{"type":"Feature","geometry":{"type":"Polygon","coordinates":[[[114.95783957644714,4.92617965169272],[114.9576845502335,4.927905370141806],[114.95788840947793,4.928531020795654],[114.95896326740595,4.930285586276358],[114.95908467926955,4.930851491677742],[114.95898085549128,4.9351732184790515],[114.95761013124229,4.934609111281379],[114.95634431756848,4.934627223702913],[114.95396129070556,4.934204080081119],[114.9493881292155,4.933429412908815],[114.9491442560536,4.93320804386953],[114.94882673356798,4.931694308688002],[114.95074582548688,4.931245768929841],[114.95158346969914,4.930762709255027],[114.95199977890292,4.9296388564910405],[114.95197121626887,4.928225314731143],[114.95116805197182,4.926804053916465],[114.95528581156466,4.924255131577428],[114.95610177316452,4.9252704685862465],[114.95783957644714,4.92617965169272]]]},"properties":{"id":115,"name":"Kg. Pulaie","mukim":"MUKIM BERAKAS A","area":820990.1875,"district":"Brunei-Muara","mukimDisplayName":"Berakas A"},"id":115},{"type":"Feature","geometry":{"type":"Polygon","coordinates":[[[114.93539682921589,4.893171681393901],[114.93760306415506,4.894369684863343],[114.93976509164352,4.894482610241018],[114.94058545010311,4.8956283645196095],[114.94109803716869,4.895900512118955],[114.94005085613522,4.897750082779466],[114.93988423864639,4.898439290544216],[114.93985061669984,4.900081194608831],[114.93646824115815,4.900212481915532],[114.93609751988475,4.900798273475962],[114.93521200369312,4.900312886177443],[114.93280409250437,4.899277343047825],[114.93351228419611,4.898424144843074],[114.93396726057772,4.897439474712724],[114.93539682921589,4.893171681393901]]]},"properties":{"id":116,"name":"Kg. Pusar Ulak","mukim":"MUKIM KIANGGEH","area":458639.875,"district":"Brunei-Muara","mukimDisplayName":"Kianggeh"},"id":116},{"type":"Feature","geometry":{"type":"Polygon","coordinates":[[[114.97543642804031,4.814561375280059],[114.97563502295344,4.816922345756354],[114.97636211592932,4.819093927922981],[114.9774558668654,4.821489087233737],[114.97864415914887,4.822812876922135],[114.97970161964254,4.823645180264352],[114.98063791986552,4.824709120285969],[114.98127604650394,4.827308303573763],[114.98209731691267,4.8288592577492855],[114.98315201173601,4.830155337465587],[114.98389141711871,4.831332405631626],[114.98474026723525,4.833506304293463],[114.98553856082447,4.834857367304562],[114.98751175925581,4.837650269959438],[114.98780808462075,4.838468884648641],[114.98785716053152,4.839477031012403],[114.98760727837072,4.840345224975168],[114.98594237227566,4.84210738124808],[114.98391225129176,4.844707700403677],[114.98338183267892,4.845908894602255],[114.98243883160474,4.845312211658182],[114.98209460317568,4.844441135580298],[114.98137136003191,4.84167091807677],[114.98088058624683,4.8404295039338985],[114.97961560312741,4.840270159105165],[114.97725140187617,4.841057681558923],[114.97514370237334,4.84223948862288],[114.97348445858253,4.842140164633518],[114.97103557303382,4.840903801988936],[114.97033359198247,4.840739717779031],[114.96970229080915,4.839808617461495],[114.97016008536741,4.83916618869525],[114.97063155664702,4.837854470222038],[114.97019086915596,4.8358667752418265],[114.96942248499238,4.835038861607889],[114.96882698990822,4.8330980044810605],[114.96955514247037,4.832778041676256],[114.96957407601846,4.831988333694055],[114.97035832644464,4.831769371225401],[114.96960398596178,4.829128679381802],[114.96945572167648,4.827131579838091],[114.96837624688004,4.827183031372138],[114.96775714639273,4.823642607783063],[114.97506258232222,4.8151911621368],[114.97543642804031,4.814561375280059]]]},"properties":{"id":117,"name":"Kg. Putat","mukim":"MUKIM LUMAPAS","area":3914018.75,"district":"Brunei-Muara","mukimDisplayName":"Lumapas"},"id":117},{"type":"Feature","geometry":{"type":"Polygon","coordinates":[[[114.91580561343322,4.9225503797620265],[114.9137495446809,4.923846722270245],[114.91768339998256,4.929138778843276],[114.91167941559328,4.932478456243484],[114.9115611045468,4.9342629937790745],[114.91130700870536,4.935799411350121],[114.91070042366069,4.938429154687226],[114.91017197732552,4.9401378672400815],[114.90899900139858,4.942434384098151],[114.9019344430027,4.953899115211364],[114.89838330879407,4.952945674903577],[114.8949534824075,4.951290970627451],[114.89359386965864,4.950077620549585],[114.89309628992693,4.948975253236034],[114.89303507183516,4.938107735291769],[114.89297513618538,4.93774748431845],[114.89442477560662,4.938309449845025],[114.89915818568801,4.939734480692714],[114.90512872394785,4.940408449230724],[114.90334644263744,4.9389862560412],[114.90423509881488,4.937623829401145],[114.903516945096,4.937379018073836],[114.90357995042234,4.936785340742258],[114.90216948331002,4.93613722303738],[114.90261131515945,4.934780341927293],[114.90060241318567,4.934101140546567],[114.89978771371327,4.934168060674937],[114.89906535045876,4.9345794856800005],[114.89816188525147,4.933250010990152],[114.89860462380224,4.932249341028473],[114.89814103927897,4.931392744395153],[114.89873747782103,4.930714350475635],[114.89393128095705,4.928881846278963],[114.89391717023084,4.928391160805318],[114.89421905076289,4.928116787530597],[114.89451047221667,4.927937818216873],[114.89497691206098,4.9276513659665655],[114.89569535497324,4.926961678776046],[114.89617687747905,4.9261721594914105],[114.89670159167582,4.924464673325364],[114.8969144547793,4.924057812403483],[114.89700171905146,4.9238910173981845],[114.89810890915201,4.922431292076525],[114.89828380068575,4.92334092927102],[114.8991285390092,4.923346773007109],[114.89901474330682,4.922646943363069],[114.90033665942383,4.9219294709579815],[114.9008479735774,4.92289823741264],[114.90163732377903,4.9228401952404175],[114.90234960741931,4.922487599716687],[114.90148393784966,4.920560662462188],[114.90310909981017,4.918693661989821],[114.90552626067576,4.915465654878976],[114.90598878998438,4.916423569306963],[114.90709222922484,4.91751522855856],[114.90902159100762,4.9188802063529735],[114.91407199864834,4.921564692846396],[114.91580561343322,4.9225503797620265]]]},"properties":{"id":118,"name":"Kg. Rimba","mukim":"MUKIM GADONG A","area":5831412,"district":"Brunei-Muara","mukimDisplayName":"Gadong A"},"id":118},{"type":"Feature","geometry":{"type":"Polygon","coordinates":[[[114.97055828802029,4.8411527199917606],[114.97234241642704,4.842206087015332],[114.97397504244147,4.842758299788659],[114.97499905730173,4.842725217282955],[114.97790384772826,4.841217637078901],[114.98004568180808,4.840591345738418],[114.98051515458256,4.840739172162242],[114.98107882292472,4.8422820792277514],[114.98194105183674,4.8453535377537715],[114.98273232144183,4.846105920842547],[114.98291218000271,4.847961060421717],[114.98320857818412,4.8494562226310185],[114.98379590347903,4.8509260922547375],[114.98438540627401,4.851500152435226],[114.98561411704951,4.851966785370936],[114.98633912318894,4.852032040355372],[114.98808377568638,4.852559993705503],[114.99081614808873,4.854001939970848],[114.99181895892544,4.854784480642881],[114.99239578495853,4.855716965626042],[114.9923384275205,4.856538963424049],[114.99167587728749,4.858177739860638],[114.99041272272378,4.8608005528175],[114.98290321170673,4.856056541225785],[114.97953493259953,4.855992601423853],[114.9792160233344,4.855824606254069],[114.98005213456074,4.85381365921033],[114.97943454014508,4.853815615265135],[114.97686923496995,4.853204229230095],[114.97055828802029,4.8411527199917606]]]},"properties":{"id":119,"name":"Kg. Riong","mukim":"MUKIM KOTA BATU","area":2005086.125,"district":"Brunei-Muara","mukimDisplayName":"Kota Batu"},"id":119},{"type":"Feature","geometry":{"type":"Polygon","coordinates":[[[114.9466661803357,4.883341687392222],[114.9455420749936,4.883533917769958],[114.94555545965716,4.882292361627572],[114.9467376872475,4.881899509367401],[114.94771615936408,4.881788862988449],[114.94957870999106,4.882370306671903],[114.94952294725576,4.882600861528566],[114.94720497645119,4.882796091096481],[114.9466661803357,4.883341687392222]]]},"properties":{"id":120,"name":"Kg. Saba Darat A","mukim":"MUKIM SABA","area":45070.546875,"district":"Brunei-Muara","mukimDisplayName":"Saba"},"id":120},{"type":"Feature","geometry":{"type":"Polygon","coordinates":[[[115.06452570411527,5.037222606157413],[115.06291319752826,5.037550287481749],[115.06153403904237,5.038275431769575],[115.06114916090182,5.038826646694327],[115.06080859202774,5.040183730558363],[115.05952592830778,5.043388761216837],[115.05924241691326,5.045835405943759],[115.05880189031757,5.045626333207667],[115.05894813045809,5.044178359263916],[115.05807145368689,5.043121589244831],[115.05847952201282,5.040525931626787],[115.05899399834767,5.038925170870392],[115.05735027830731,5.040005088265977],[115.05484843987603,5.035170835419826],[115.05546339443113,5.0348928956770065],[115.05432745612669,5.032689170305754],[115.05560299731336,5.03106260814533],[115.05682847617773,5.0302985717745115],[115.05571175723223,5.0283406163514535],[115.05501050583824,5.02740792287806],[115.05614552350728,5.026720484954732],[115.05715351380066,5.026326605668162],[115.05882609131022,5.025928536022377],[115.05971602267218,5.025035731768234],[115.06140724695581,5.024321774532638],[115.06251190656533,5.024035433283459],[115.06193323360839,5.0257471830489955],[115.06206334565233,5.026796885953603],[115.06310357209782,5.030617313015424],[115.06259622241664,5.030759329161383],[115.06298656902787,5.031829399764679],[115.06347840731071,5.03245802608914],[115.06463811966653,5.035275812630867],[115.06452570411527,5.037222606157413]]]},"properties":{"id":125,"name":"Kg. Sabun","mukim":"MUKIM SERASA","area":1374688.625,"district":"Brunei-Muara","mukimDisplayName":"Serasa"},"id":125},{"type":"Feature","geometry":{"type":"Polygon","coordinates":[[[114.99965006307232,4.984855432003058],[114.99635393329265,4.986583089143156],[114.99612918148233,4.986534943517428],[114.99408722942088,4.987641834752612],[114.99355386150715,4.988437177443665],[114.98916099288863,4.99068608482221],[114.98826026633579,4.992492456751177],[114.98694511921843,4.99425576231284],[114.98538662480622,4.995787740553853],[114.98429655585062,4.997210455657261],[114.98248227591898,5.000400129909169],[114.97883017910816,4.998138812674898],[114.9779381825484,4.997480872646858],[114.97477551237662,4.994872128274821],[114.97413844607414,4.994271604022091],[114.97471847069062,4.993453674187745],[114.97549248515043,4.992254092055661],[114.97611294026709,4.991161254191831],[114.97663484895828,4.9866917766793435],[114.97679768879192,4.984581528622671],[114.98237127825178,4.981682289825951],[114.98275391470793,4.980249193345525],[114.98343830282136,4.980337585759771],[114.98383664633596,4.978254438564917],[114.98433104870513,4.978449805184154],[114.98614029206257,4.976975231230683],[114.98599098425953,4.97639319407678],[114.98749143480816,4.975287444243236],[114.98701601315422,4.974969297297286],[114.98789377677258,4.974225923724932],[114.986949656788,4.973708421552195],[114.98877781582692,4.972115032979032],[114.98876614484793,4.9688056412700545],[114.98889363226664,4.968785991616686],[114.99280090582866,4.966249879729414],[114.995305519749,4.96445923023447],[114.99652281168198,4.965643710244202],[114.99890771288752,4.9668805493064365],[115.00108249064391,4.9674184880024566],[115.00661423876268,4.968385931155902],[115.00284520869899,4.9773032455378345],[115.00130798463347,4.983585473699408],[114.99945614977304,4.984359895023053],[114.99965006307232,4.984855432003058]]]},"properties":{"id":126,"name":"Kg. Salambigar","mukim":"MUKIM BERAKAS B","area":6320990,"district":"Brunei-Muara","mukimDisplayName":"Berakas B"},"id":126},{"type":"Feature","geometry":{"type":"Polygon","coordinates":[[[115.02558028074196,5.012040011951284],[115.0227439748403,5.011485322718785],[115.01991181389855,5.012061233427358],[115.01751555949332,5.013681003012323],[115.01742554455238,5.013083211468296],[115.0173566791772,5.012625882739331],[115.01731602845362,5.012355927013276],[115.01742950407052,5.0118215755266045],[115.01708312142054,5.009793083974304],[115.01701817975582,5.009412770520983],[115.01720729606106,5.007821138967458],[115.01746489905038,5.0056531061881415],[115.01754984991987,5.004938144249939],[115.01759717199558,5.00453987133587],[115.01761586947282,5.004382510173304],[115.0175937571319,4.998870947604747],[115.01724895797743,4.997641143552305],[115.01801526709316,4.997047988951415],[115.01880151903929,4.99560495117787],[115.01921495519109,4.995234604917077],[115.02030220005828,4.994882888267613],[115.02158450635868,4.99557005472775],[115.02280876608496,4.997556784094016],[115.0237139391021,4.998222786790566],[115.02392736730047,4.9978661580035615],[115.02387083052878,4.995866003099701],[115.02424461818849,4.995255115772022],[115.02564198517082,4.994968842726456],[115.0292787230972,4.994854012665366],[115.03097673994323,4.995126011593436],[115.03218406889204,4.99550409898422],[115.03364722926518,4.996478194270594],[115.03428439225421,4.997216211860415],[115.03439014569632,4.9980275582251865],[115.03416733291694,4.999031108753156],[115.03227843960194,4.999988287171147],[115.03153854680454,5.000989930824109],[115.03145800220805,5.002209634963114],[115.03225749870037,5.004002357202529],[115.03305488550411,5.005235246942445],[115.03028703864283,5.006645374304045],[115.02800722917584,5.008808978467331],[115.02751346924212,5.008183318356677],[115.0262568548982,5.009268608474308],[115.02513860100686,5.009935948900415],[115.02558028074196,5.012040011951284]]]},"properties":{"id":127,"name":"Kg. Salar","mukim":"MUKIM MENTIRI","area":2706321.75,"district":"Brunei-Muara","mukimDisplayName":"Mentiri"},"id":127},{"type":"Feature","geometry":{"type":"Polygon","coordinates":[[[114.86110518762567,4.917892077480955],[114.85746124070698,4.9182527791767345],[114.85643731024999,4.918255617986235],[114.85687658945687,4.916804916447807],[114.85082981492737,4.916046481944846],[114.8506610837527,4.917208329977131],[114.85020766854113,4.917088239324195],[114.84984342774722,4.918313255345535],[114.84905637470678,4.918088725164555],[114.84941301371707,4.916878262660124],[114.84990149441639,4.91411264311037],[114.84900874615548,4.9141775594065065],[114.84767880973992,4.913350010936721],[114.84806184462262,4.912193456303831],[114.84714861459616,4.911703521854843],[114.84689283426167,4.910189152336988],[114.84633510321294,4.9096999038521725],[114.84716908437521,4.908175341263744],[114.84766419481073,4.907841016039702],[114.84732467270065,4.904614995148107],[114.8482930005797,4.904484892945315],[114.84786008220397,4.901366195782779],[114.84714096268283,4.900228651719481],[114.84712327359249,4.899390234953839],[114.84665708071245,4.8993233314824804],[114.8450187578733,4.8985600411389285],[114.84699923778531,4.8935603145153905],[114.84809697776257,4.894026502899769],[114.84873402041981,4.894552866925251],[114.84966187239021,4.897223235905442],[114.84963022015462,4.897759161768731],[114.85074350687805,4.897489046187374],[114.85128057700534,4.897878008736723],[114.85123159418482,4.900179885775645],[114.85136876632416,4.9010011796208985],[114.8522634593517,4.900746820572725],[114.85281964554083,4.901309968211936],[114.85652940006678,4.90077223851538],[114.85836603936919,4.900703682758421],[114.86471732987148,4.903719407003444],[114.86110518762567,4.917892077480955]]]},"properties":{"id":128,"name":"Kg. Selayun","mukim":"MUKIM SENGKURONG","area":3310363.25,"district":"Brunei-Muara","mukimDisplayName":"Sengkurong"},"id":128},{"type":"Feature","geometry":{"type":"Polygon","coordinates":[[[114.84905290746626,4.887059471162486],[114.8495869388259,4.888276843433998],[114.84961818095046,4.889403844248783],[114.84872266202741,4.890311522543401],[114.84858918789753,4.890925169493026],[114.846647589743,4.892149978471949],[114.84508428377255,4.890188370455177],[114.84401765739669,4.892436603519528],[114.84309675101406,4.893999950464938],[114.84161101060258,4.896119870134138],[114.84246478781772,4.896635754034228],[114.84171673404708,4.897504280018443],[114.84191292773961,4.897870309622991],[114.84070179395064,4.898246080141924],[114.84077361072842,4.899111480228793],[114.83827762681078,4.899029406186911],[114.83739995828698,4.899765476081976],[114.8367497943951,4.8993459965839286],[114.83634946016456,4.900597911575414],[114.83596024512235,4.903320990982189],[114.83561728981095,4.904068597438245],[114.83552254635488,4.905172453207713],[114.83138109923603,4.906135965804522],[114.83163939442264,4.904972521227384],[114.82988983359802,4.904977348746318],[114.83026032953492,4.903199911771115],[114.82844805178337,4.903180600947797],[114.82868488038206,4.901722443214585],[114.82812060587621,4.901445724572074],[114.82771971550946,4.900605293550911],[114.82665201508537,4.900328717170095],[114.82735274828235,4.8984616573384],[114.82855314938,4.894201899214698],[114.83201251976769,4.8890370826583265],[114.83240052626319,4.888760856980939],[114.8331363036868,4.887617832445565],[114.83389853096706,4.88725702936117],[114.83240776763775,4.886245773098215],[114.83325217737433,4.885918871917266],[114.83492446542213,4.88477292075323],[114.83610728195765,4.885681753282898],[114.83698119666525,4.884512643983603],[114.83810172896472,4.885210292564905],[114.84008728211442,4.886380272549555],[114.84089342837787,4.885624511970567],[114.8425797984248,4.886556141759316],[114.84290580899224,4.886534293862832],[114.84499923232333,4.885657938568955],[114.84497556876562,4.8867743499016685],[114.84593348609998,4.887511371080168],[114.84732654526869,4.886956109691225],[114.84905290746626,4.887059471162486]]]},"properties":{"id":129,"name":"Kg. Sengkurong A","mukim":"MUKIM SENGKURONG","area":3032555.5,"district":"Brunei-Muara","mukimDisplayName":"Sengkurong"},"id":129},{"type":"Feature","geometry":{"type":"Polygon","coordinates":[[[114.8450187578733,4.8985600411389285],[114.84370356885454,4.901908840306911],[114.84312827028059,4.902677789175627],[114.84300807953981,4.904095677516335],[114.84230873456572,4.905525805718508],[114.84218675776744,4.906938504371615],[114.84188790433298,4.907751793910608],[114.84069285784248,4.913045785226222],[114.841845483106,4.919963722873255],[114.8372046647338,4.9212698207332854],[114.83520876008,4.909543536485505],[114.83513892250201,4.906731247582226],[114.83552254635488,4.905172453207713],[114.83561728981095,4.904068597438245],[114.83596024512235,4.903320990982189],[114.83634946016456,4.900597911575414],[114.8367497943951,4.8993459965839286],[114.83739995828698,4.899765476081976],[114.83827762681078,4.899029406186911],[114.84077361072842,4.899111480228793],[114.84070179395064,4.898246080141924],[114.84191292773961,4.897870309622991],[114.84171673404708,4.897504280018443],[114.84246478781772,4.896635754034228],[114.84161101060258,4.896119870134138],[114.84309675101406,4.893999950464938],[114.84401765739669,4.892436603519528],[114.84508428377255,4.890188370455177],[114.846647589743,4.892149978471949],[114.84858918789753,4.890925169493026],[114.84872266202741,4.890311522543401],[114.84961818095046,4.889403844248783],[114.8495869388259,4.888276843433998],[114.84905290746626,4.887059471162486],[114.85124266136907,4.8871467105792865],[114.85209525559779,4.887839660800061],[114.85141882859875,4.889041982364198],[114.85123052493829,4.889877368387731],[114.85252084024086,4.891695296544001],[114.85183696123771,4.89319213911857],[114.85233049680906,4.893981625841019],[114.85237377299163,4.895047293561185],[114.85093050320114,4.89512869952608],[114.84873402041981,4.894552866925251],[114.84809697776257,4.894026502899769],[114.84699923778531,4.8935603145153905],[114.8450187578733,4.8985600411389285]]]},"properties":{"id":130,"name":"Kg. Sengkurong B","mukim":"MUKIM SENGKURONG","area":2295442.5,"district":"Brunei-Muara","mukimDisplayName":"Sengkurong"},"id":130},{"type":"Feature","geometry":{"type":"Polygon","coordinates":[[[115.06251190656533,5.024035433283459],[115.06140724695581,5.024321774532638],[115.05971602267218,5.025035731768234],[115.05882609131022,5.025928536022377],[115.05715351380066,5.026326605668162],[115.05614552350728,5.026720484954732],[115.05501050583824,5.02740792287806],[115.05434929803903,5.026473001529086],[115.05414240394389,5.024272848489449],[115.05377543526444,5.023280283714763],[115.05377547339259,5.017966775103584],[115.05368468311015,5.017788218979485],[115.05157292414148,5.017788989670936],[115.0502870989638,5.01802325818902],[115.04970236362048,5.017753623688582],[115.04452887579428,5.017759711169686],[115.04195089390633,5.015321169934038],[115.0420077799966,5.014782325905455],[115.04292443680404,5.01412626081323],[115.04172566356463,5.012482805336507],[115.04121105885494,5.012085506706895],[115.03998580264069,5.010184740903861],[115.03912412810391,5.00960838419132],[115.03843411060438,5.010537228366795],[115.03783210774186,5.010899518775528],[115.03639413560008,5.010698236980488],[115.0357890053799,5.010082437545968],[115.03479599371357,5.008567012238101],[115.03335884225946,5.0056317263439425],[115.03305488550411,5.005235246942445],[115.03225749870037,5.004002357202529],[115.03145800220805,5.002209634963114],[115.03153854680454,5.000989930824109],[115.03227843960194,4.999988287171147],[115.03416733291694,4.999031108753156],[115.0351295794578,4.999047588634089],[115.03571593985345,4.999315687180335],[115.03579612100933,5.000727636677298],[115.03666692809412,5.001261232555243],[115.03956791335348,5.00232807240945],[115.03961724803604,5.001894383206869],[115.04086060568397,5.001723628539143],[115.04190440175326,5.002066178250099],[115.04296249209618,5.002121543816465],[115.04374455899018,5.002574026943071],[115.04575159766173,5.00151847375786],[115.04676780403494,5.001343922819964],[115.04844440330427,5.0016414575289305],[115.04953114561971,5.001317453370829],[115.0499673376789,5.001477697811631],[115.05118551274221,5.00101252150325],[115.05181232618546,5.000335607104082],[115.05289156285849,4.99978213749413],[115.05386660322877,4.999602056924154],[115.05483516839274,4.999160295154132],[115.0562307809593,4.998841495518541],[115.06085963165485,4.999840466595664],[115.06209013829864,5.000575779570418],[115.06319257056133,5.000573880817606],[115.06400122702942,4.998965431839734],[115.06443068426927,4.997220296942304],[115.0650678814898,4.996099628297384],[115.06523767098342,4.995273836962842],[115.06581477717727,4.994219495314572],[115.06610417629719,4.993258789100619],[115.06772350495206,4.989285579474562],[115.06860405761577,4.988650207599041],[115.06717167271003,4.991698658548571],[115.06615438761202,4.994663788012203],[115.06536259693235,4.996428761397557],[115.06488081883892,4.997855841869898],[115.06388456634805,5.000012052303118],[115.06370259975651,5.0009068392506375],[115.06393270641722,5.001648801373839],[115.06563165728717,5.003622134013679],[115.06591338513898,5.004465668431698],[115.06593957664153,5.012196785130292],[115.06601260949377,5.016028889872407],[115.06614108030087,5.017530433661975],[115.06635924076959,5.018228393998421],[115.0647834200091,5.018619826547733],[115.06303208372736,5.018640024502329],[115.06303208328241,5.0225359464972],[115.06251190656533,5.024035433283459]]]},"properties":{"id":131,"name":"Kg. Serasa","mukim":"MUKIM SERASA","area":7000815,"district":"Brunei-Muara","mukimDisplayName":"Serasa"},"id":131},{"type":"Feature","geometry":{"type":"Polygon","coordinates":[[[114.99583613082135,4.903492062033899],[114.99592550260964,4.903732939266395],[114.99198210047328,4.908551905747608],[114.98963998317451,4.906408825475025],[114.98989262062787,4.90591290961778],[114.98879635248507,4.9056489905174905],[114.98770482145608,4.904645066815371],[114.98884530334146,4.902944660242377],[114.99064170942535,4.900930594919739],[114.99101733330994,4.900942761794407],[114.99149091282278,4.902265228880602],[114.99220149692987,4.902565592071122],[114.993780099295,4.903856162885981],[114.9943916995745,4.90311470877764],[114.99583613082135,4.903492062033899]]]},"properties":{"id":132,"name":"Kg. Serdang","mukim":"MUKIM KOTA BATU","area":356199.1875,"district":"Brunei-Muara","mukimDisplayName":"Kota Batu"},"id":132},{"type":"Feature","geometry":{"type":"Polygon","coordinates":[[[114.94513578627299,4.95426262866913],[114.94373345868448,4.953424727856975],[114.94328196603088,4.954037101904978],[114.9428230970249,4.953757502271025],[114.94213666149939,4.954633147944375],[114.94167357814868,4.9543512600592505],[114.9403015646859,4.9546573697160365],[114.93973999091943,4.953708402002408],[114.9398145036894,4.953034203069876],[114.9391291790669,4.95258966860331],[114.93943171248588,4.952120762069969],[114.93912575171852,4.951312357411837],[114.9382135063906,4.950758001675178],[114.93773814585784,4.949032222010744],[114.93746713289524,4.9490785723269255],[114.93602348944488,4.945045617108481],[114.93830213765784,4.945220154804253],[114.93849903529268,4.943272436203161],[114.9383800789661,4.942888822114105],[114.94080224481273,4.941970259039514],[114.9431610115417,4.943528447910917],[114.94519528572005,4.944353171629152],[114.953912406042,4.9459352227597195],[114.95673086957841,4.9464956070158514],[114.95900314426937,4.947374612636212],[114.95875924861926,4.949423930462665],[114.95551075519663,4.949642734433873],[114.95074776058185,4.950054860157764],[114.95049763542472,4.951558593066492],[114.94903358429664,4.951217216638318],[114.94564536906626,4.951030495123969],[114.94424746460288,4.950770313822571],[114.94584191476426,4.95301264654991],[114.94513578627299,4.95426262866913]]]},"properties":{"id":133,"name":"Kg. Serusop","mukim":"MUKIM BERAKAS A","area":1758285.125,"district":"Brunei-Muara","mukimDisplayName":"Berakas A"},"id":133},{"type":"Feature","geometry":{"type":"Polygon","coordinates":[[[114.9461880905388,4.870615904462468],[114.94675596518346,4.870735344389171],[114.94935106913427,4.870866605931242],[114.94936218149783,4.87525813662961],[114.94723951504712,4.87529189948928],[114.94724967962816,4.875726748457438],[114.94629168201773,4.875899996544008],[114.94548813287929,4.87478165845698],[114.9455639911923,4.874039081611334],[114.94527349729327,4.873304996321884],[114.94533728236739,4.871820114093912],[114.94579090193967,4.8715982035579275],[114.9461880905388,4.870615904462468]]]},"properties":{"id":134,"name":"Kg. Setia A","mukim":"MUKIM SUNGAI KEBUN","area":216182.640625,"district":"Brunei-Muara","mukimDisplayName":"Sungai Kebun"},"id":134},{"type":"Feature","geometry":{"type":"Polygon","coordinates":[[[114.95319562212688,4.861800856675046],[114.95068565018177,4.864666552409582],[114.95003542615422,4.866320210963043],[114.94951868651927,4.868496857162664],[114.94935106913427,4.870866605931242],[114.94675596518346,4.870735344389171],[114.9461880905388,4.870615904462468],[114.94599527886977,4.869767434258926],[114.94612946457035,4.868777626392384],[114.94651985851827,4.868802958694749],[114.94648434902996,4.866583118974414],[114.94628013343981,4.865940234290323],[114.94524116585828,4.865805558966829],[114.9449939460848,4.865071511993203],[114.94643508342183,4.865093963634014],[114.94740075063329,4.864591152907114],[114.94754953607334,4.8637380963483015],[114.9489141564524,4.8620047368811505],[114.94961822141181,4.861720483064296],[114.95032133275787,4.860947862322195],[114.95121888077468,4.860517081351883],[114.95319562212688,4.861800856675046]]]},"properties":{"id":135,"name":"Kg. Setia B","mukim":"MUKIM SUNGAI KEBUN","area":434823.21875,"district":"Brunei-Muara","mukimDisplayName":"Sungai Kebun"},"id":135},{"type":"Feature","geometry":{"type":"Polygon","coordinates":[[[114.94555545965716,4.882292361627572],[114.9455420749936,4.883533917769958],[114.94538997255381,4.883556199089012],[114.94377809033764,4.883511233014399],[114.94414012378509,4.882195115655455],[114.94462691551584,4.882178518374767],[114.94555545965716,4.882292361627572]]]},"properties":{"id":136,"name":"Kg. Setia Pahlawan","mukim":"MUKIM PERAMU","area":24859.291015625,"district":"Brunei-Muara","mukimDisplayName":"Peramu"},"id":136},{"type":"Feature","geometry":{"type":"Polygon","coordinates":[[[114.95422510389868,4.872868725855242],[114.95488275739913,4.872896248428562],[114.9548156761139,4.873618145560676],[114.95505124377345,4.8750300526841],[114.95462073398033,4.874944485535778],[114.95412362620297,4.876809127832808],[114.95313770968102,4.8763284380789775],[114.95270530588215,4.87560817559896],[114.9519526537895,4.874960106135437],[114.95312678860226,4.87437843984262],[114.95349543869654,4.873653360483222],[114.95422510389868,4.872868725855242]]]},"properties":{"id":137,"name":"Kg. Sungai Lampai","mukim":"MUKIM KOTA BATU","area":76936.9921875,"district":"Brunei-Muara","mukimDisplayName":"Kota Batu"},"id":137},{"type":"Feature","geometry":{"type":"Polygon","coordinates":[[[114.8856622623924,4.840014981273454],[114.88406768836862,4.840604856745901],[114.87836590106689,4.84062775973368],[114.87703005772448,4.841789164321504],[114.87521648163698,4.8417093446229655],[114.8739102146159,4.842819242839287],[114.87262401466042,4.84129024679321],[114.87180974448755,4.841984092451141],[114.87103902841662,4.841127302696755],[114.8706534969574,4.841789612022488],[114.86608886884821,4.841806298748822],[114.86654898775471,4.838439816997938],[114.864872963429,4.837829384357166],[114.86430177399562,4.837805654271065],[114.86257045295108,4.836820976043544],[114.86357919995729,4.835285492630224],[114.86430947666459,4.834482480006175],[114.86535715288656,4.833865060165326],[114.86991692169492,4.832204334526332],[114.87080868401092,4.83268943577561],[114.87197953921311,4.833044811855544],[114.87334334792871,4.8331056794362794],[114.87405741492118,4.8327768073841],[114.8755507315922,4.831687028498224],[114.87666794000515,4.831068095170902],[114.88006873476525,4.829416794613623],[114.88086529860517,4.829219869992677],[114.88248219577311,4.829560738152248],[114.88373394885346,4.830270124722911],[114.88457621869456,4.83093753297067],[114.88505006803186,4.831743492329129],[114.88542517064482,4.833809347311777],[114.88554361379671,4.836002166296558],[114.88555091536989,4.838413444182375],[114.8856622623924,4.840014981273454]]]},"properties":{"id":138,"name":"Kg. Sinarubai","mukim":"MUKIM KILANAS","area":2453036.75,"district":"Brunei-Muara","mukimDisplayName":"Kilanas"},"id":138},{"type":"Feature","geometry":{"type":"Polygon","coordinates":[[[114.96857729718988,4.888371229316273],[114.96815377127977,4.88905596764345],[114.97542260135029,4.894415647242092],[114.97756268256232,4.8959900033816135],[114.98269433751165,4.899954292809227],[114.9806452173817,4.901366952130373],[114.9784633211516,4.90236461584608],[114.97669097008705,4.902991083942454],[114.97600521225307,4.903464252081383],[114.97516805963664,4.905002704336183],[114.96675681129295,4.913454182648244],[114.96557487844237,4.912136374284429],[114.95665818967717,4.9007926787682585],[114.95613486791473,4.900185488935686],[114.95442019341756,4.8987080488347265],[114.95444233477488,4.894550507766118],[114.95481255720887,4.892385056400704],[114.95266370220935,4.891639162988014],[114.95198035706076,4.889175789399521],[114.95304901997181,4.889389411564847],[114.95303834304298,4.887984495383294],[114.95235064065791,4.887428921960626],[114.9521979279232,4.886738181486118],[114.95255628290451,4.885527059524245],[114.95140674977443,4.88508967398564],[114.9515395740959,4.884492368654547],[114.9501446123119,4.884053074485942],[114.95063386423435,4.882274390496352],[114.95065981090764,4.878655105579939],[114.95075667496121,4.876778068735664],[114.95099665666118,4.876166856671304],[114.9519526537895,4.874960106135437],[114.95270530588215,4.87560817559896],[114.95313770968102,4.8763284380789775],[114.95412362620297,4.876809127832808],[114.9535594512812,4.877931408324395],[114.95430863295266,4.877955430789829],[114.95534741698349,4.878771619324849],[114.95512390759393,4.879293678859721],[114.95463722583861,4.880686507581138],[114.95610740034421,4.882198543842514],[114.95717959068124,4.882339564893013],[114.95868428174306,4.883708197474859],[114.96026347724097,4.884598068074241],[114.96056142410298,4.8842088610568615],[114.96185260341167,4.885194105037175],[114.96327002891425,4.885531320185144],[114.9643975506036,4.885060548252118],[114.96615110092446,4.886651886054397],[114.96857729718988,4.888371229316273]]]},"properties":{"id":139,"name":"Kg. Subok","mukim":"MUKIM KOTA BATU","area":6215366,"district":"Brunei-Muara","mukimDisplayName":"Kota Batu"},"id":139},{"type":"Feature","geometry":{"type":"Polygon","coordinates":[[[114.96891568779243,4.94452423281169],[114.96772855240418,4.945293010334524],[114.96688402221899,4.945001572791438],[114.96457060443234,4.948812813164879],[114.96389527799468,4.949663901593846],[114.9628942026494,4.949429642708721],[114.96158655968084,4.948836858608942],[114.96071710845659,4.947976473735513],[114.95958610013903,4.947476372271755],[114.95932077788676,4.944597954026671],[114.95910463421771,4.941183911846637],[114.95897015349688,4.9397117945543005],[114.95909667569353,4.937712527428059],[114.95898085549128,4.9351732184790515],[114.95908467926955,4.930851491677742],[114.95896326740595,4.930285586276358],[114.95788840947793,4.928531020795654],[114.9576845502335,4.927905370141806],[114.95783957644714,4.92617965169272],[114.95978061544756,4.9264293804016175],[114.96313423827084,4.926526497256217],[114.96456982523564,4.926643075676585],[114.96640860392161,4.927013991020745],[114.96783187151966,4.927480382490932],[114.96955779771712,4.928221606972017],[114.97214518386431,4.9299220182027295],[114.97513111394643,4.932702656331092],[114.97689466693323,4.934431483518011],[114.97515962942563,4.936696071958663],[114.97499794396879,4.937097682245539],[114.97134294294631,4.942125028983419],[114.9697711005011,4.943989968628534],[114.96891568779243,4.94452423281169]]]},"properties":{"id":140,"name":"Kg. Sungai Akar","mukim":"MUKIM BERAKAS B","area":3416407.5,"district":"Brunei-Muara","mukimDisplayName":"Berakas B"},"id":140},{"type":"Feature","geometry":{"type":"Polygon","coordinates":[[[115.00404682788117,4.920737274961357],[115.00476064871765,4.92191633960176],[115.01396912843353,4.937127318805963],[115.01602332957894,4.950222275209081],[115.01509611835935,4.950714735249611],[115.01397690752992,4.9517962141716945],[115.0133752753919,4.952590592615715],[115.01263910583107,4.953967026578111],[115.01073270908645,4.957933126767563],[115.00661423876268,4.968385931155902],[115.00108249064391,4.9674184880024566],[114.99890771288752,4.9668805493064365],[114.99652281168198,4.965643710244202],[114.995305519749,4.96445923023447],[114.99463856353653,4.9636519074881065],[114.99348550980254,4.961698138456676],[114.99129470467481,4.956494880892774],[114.98691018816015,4.9459788269723175],[114.98614726752936,4.944373592541217],[114.98510260419704,4.942749065552532],[114.98300788751664,4.940299615065597],[115.00404682788117,4.920737274961357]]]},"properties":{"id":173,"name":"Mengkubau","mukim":"MUKIM KOTA BATU","area":11253425,"district":"Brunei-Muara","mukimDisplayName":"Kota Batu"},"id":173},{"type":"Feature","geometry":{"type":"Polygon","coordinates":[[[115.06635924076959,5.018228393998421],[115.0663820752946,5.0195457476682055],[115.06695282457675,5.020667385776026],[115.06621709227221,5.021129877021814],[115.06689032464963,5.021594775176426],[115.0665829798074,5.022284179119518],[115.06728429715024,5.022713833478382],[115.06776226463016,5.023640669135027],[115.06835699802954,5.024017435023877],[115.06935751887058,5.022601077555712],[115.07570003927411,5.027125939786644],[115.07493363047075,5.026823223907844],[115.07469807977428,5.027532222350241],[115.07562186319822,5.028737660643902],[115.07673861514705,5.029136668287881],[115.0770318966117,5.029543018549496],[115.07861116557739,5.030217252211775],[115.08092195887922,5.031557184125915],[115.08167552354405,5.031469536927272],[115.08193381739252,5.032251580858404],[115.08263542093748,5.032762206845132],[115.08353672552421,5.032597273991396],[115.08557486254027,5.0334603067162025],[115.0859661490478,5.032805616409934],[115.08694289894156,5.032962934797717],[115.08703398850936,5.0339303056529054],[115.09113621499412,5.0363433395277974],[115.09206475588567,5.0376131777512585],[115.0929564840799,5.039360681337412],[115.09084256563825,5.039155305115441],[115.08905104093593,5.038684586415741],[115.0834761216016,5.038242777344675],[115.081349073208,5.03793356595496],[115.07969631161124,5.037487475413479],[115.0782451342747,5.037322843724659],[115.07733053249879,5.037521955273376],[115.07564930954419,5.037349326879579],[115.0747476767293,5.037407082197078],[115.07303898891864,5.0371934281879875],[115.06991979479514,5.037049870240335],[115.06653642326003,5.037029745554929],[115.06452570411527,5.037222606157413],[115.06463811966653,5.035275812630867],[115.06347840731071,5.03245802608914],[115.06298656902787,5.031829399764679],[115.06259622241664,5.030759329161383],[115.06310357209782,5.030617313015424],[115.06206334565233,5.026796885953603],[115.06193323360839,5.0257471830489955],[115.06251190656533,5.024035433283459],[115.06303208328241,5.0225359464972],[115.06303208372736,5.018640024502329],[115.0647834200091,5.018619826547733],[115.06635924076959,5.018228393998421]]]},"properties":{"id":174,"name":"PEKAN MUARA","mukim":"MUKIM SERASA","area":3321791.75,"district":"Brunei-Muara","mukimDisplayName":"Serasa"},"id":174},{"type":"Feature","geometry":{"type":"Polygon","coordinates":[[[114.94672250087727,4.993767669874666],[114.9441325104829,4.995854193922732],[114.94245943282218,4.9965240096869294],[114.94094952045992,4.995788707634022],[114.93996376198206,4.994687321938878],[114.93988077652742,4.994275533446209],[114.93874863416846,4.994321424582874],[114.9383173583617,4.994650022674032],[114.9379064550365,4.995554513408391],[114.93668770420199,4.995661717774629],[114.93554148796596,4.994794819760254],[114.93470670762144,4.994768007220298],[114.93384490426995,4.9956699363076975],[114.93280324683559,4.996367238165487],[114.93190068413699,4.9964762829037275],[114.93077346252504,4.996289277395539],[114.92811877256109,4.994780410657104],[114.9272741754624,4.9944930490645465],[114.9258858854877,4.994633542358929],[114.92428391026209,4.995437748395119],[114.92204835376596,4.994648162086298],[114.91950581671958,4.993499530971252],[114.91222147895948,4.990422189771227],[114.91090251931907,4.9907349173589735],[114.9109460632091,4.990224360910468],[114.90978859141366,4.989568611614118],[114.90904678374928,4.989469258380712],[114.90828758330993,4.988856280683608],[114.9072624302,4.988594509860925],[114.90699070769487,4.988220596280091],[114.90527386312093,4.987635811757496],[114.90483015615574,4.987116351077492],[114.90359605203331,4.986949915572655],[114.90224132998549,4.986110737654631],[114.90108766294749,4.986390077860368],[114.90094390352287,4.985817520382161],[114.89997751423739,4.985913338635506],[114.89893895659299,4.985373257032196],[114.89905762614151,4.984806954564843],[114.89852102331687,4.984459056753887],[114.89740084724801,4.984328434250529],[114.89728801341214,4.983869568349768],[114.89690057266407,4.983573537464787],[114.89656511469543,4.983425950205038],[114.89618889803144,4.9833028970828],[114.89699300458673,4.981446946741591],[114.90325342055924,4.983095520352493],[114.9059004601073,4.983865673154282],[114.90618419832526,4.983968026973723],[114.90780822340037,4.984553856186412],[114.91033846476704,4.985466574596445],[114.91681416110491,4.987802463032077],[114.91832865394133,4.988205908228263],[114.91997097633131,4.988389652050094],[114.92098756216456,4.988341313585288],[114.92249253818625,4.988026950439623],[114.92480064752543,4.986977589499793],[114.92929431385078,4.98388273536432],[114.93166390141542,4.98267207358777],[114.93379939903069,4.982131916230465],[114.9350575674285,4.982023669242232],[114.93632354512414,4.982106481998714],[114.93776313404945,4.9824016350129305],[114.93984069697264,4.983081140668086],[114.94297468001736,4.984306750693459],[114.94428402981966,4.984708518480906],[114.94331800352259,4.984726396204705],[114.94324115778792,4.985646374042739],[114.94534651051192,4.988577303309759],[114.94634654478098,4.989190547081891],[114.94555257486508,4.990516757177757],[114.94477022917785,4.991277264935784],[114.94672250087727,4.993767669874666]]]},"properties":{"id":176,"name":"STKRJ Lambak Kiri","mukim":"MUKIM BERAKAS A","area":4524840.5,"district":"Brunei-Muara","mukimDisplayName":"Berakas A"},"id":176},{"type":"Feature","geometry":{"type":"Polygon","coordinates":[[[115.05432745612669,5.032689170305754],[115.05546339443113,5.0348928956770065],[115.05484843987603,5.035170835419826],[115.05735027830731,5.040005088265977],[115.05899399834767,5.038925170870392],[115.05847952201282,5.040525931626787],[115.05807145368689,5.043121589244831],[115.05894813045809,5.044178359263916],[115.05880189031757,5.045626333207667],[115.05642379712751,5.044348214189019],[115.05546582135203,5.044503504858781],[115.05311581136286,5.043966462171158],[115.05124450381834,5.04325966523206],[115.0457727227538,5.041495920931134],[115.04431279774003,5.040593690375851],[115.0438599728452,5.040803255372319],[115.03944774141945,5.039397638525396],[115.03806679534011,5.039042038589843],[115.03601479924004,5.038236412492308],[115.03440655920315,5.0378340555538985],[115.03149707952004,5.0367926529779945],[115.03078645693617,5.036834498810963],[115.02939864299366,5.03644216435428],[115.02764300885781,5.035771222147648],[115.02573008764487,5.035266387422705],[115.02264521713352,5.034009601119],[115.02136562023317,5.033791561868236],[115.01848598791346,5.032906582008958],[115.015144931418,5.031726320251563],[115.01401849578734,5.031168636034723],[115.01288989039149,5.030813922050754],[115.01296238584543,5.0306623086072],[115.01302415042977,5.030533136644479],[115.01311557035932,5.030341945090213],[115.01400376378913,5.0278203506073496],[115.01572348662721,5.029186677790431],[115.0169384313385,5.0299506790224315],[115.01852074259654,5.026780533301588],[115.01901520602604,5.025789873250188],[115.01918049014407,5.025458725231347],[115.01922179075942,5.025375978071567],[115.01747551114931,5.024193203024762],[115.01589352856307,5.021862610008151],[115.01564544697068,5.02055988424326],[115.01533475660823,5.018928382772254],[115.01588327705002,5.0160481929124625],[115.0163513172906,5.0153694281298495],[115.01706486789837,5.014334612987495],[115.01734505473306,5.013928275387262],[115.01747217995032,5.013743913503609],[115.01751555949332,5.013681003012323],[115.01991181389855,5.012061233427358],[115.0227439748403,5.011485322718785],[115.02558028074196,5.012040011951284],[115.02803232240804,5.013604825662614],[115.02849899045255,5.014300545436057],[115.03028705631071,5.012467692444338],[115.03125150055794,5.013523929436872],[115.03094976586002,5.013807633039255],[115.03176730807317,5.0147175248814495],[115.0311739606469,5.015335149575922],[115.0321412016054,5.016291937994222],[115.03163246933106,5.016835269252017],[115.03224780880556,5.017444211455756],[115.03313685459024,5.016559349253236],[115.0335143390272,5.016967960354095],[115.0349454170224,5.019214866173906],[115.0371434590723,5.022032164119624],[115.03793159829142,5.022617245714818],[115.03854081110953,5.022233279900001],[115.03882030108016,5.023196609407467],[115.03801263934729,5.02436168604806],[115.03778876002623,5.025508378151416],[115.03658526269115,5.026543416881065],[115.03715540229693,5.027249315297347],[115.03788981371102,5.027246951360156],[115.03912338750033,5.027703072317029],[115.04037243111662,5.02876392860052],[115.04109710841139,5.029945175069642],[115.04132858926997,5.031294183103052],[115.04135736837164,5.032537020215324],[115.04193078921266,5.033653749147134],[115.04297384824976,5.034280044517596],[115.04498780884106,5.034650550287594],[115.04583572992672,5.036749562883321],[115.04706240208651,5.0365574278885745],[115.0497275162068,5.035791055080111],[115.05179369398783,5.0348689510286775],[115.05350872853704,5.033571641209394],[115.05432745612669,5.032689170305754]]]},"properties":{"id":177,"name":"Kg. Meragang","mukim":"MUKIM SERASA","area":7533356,"district":"Brunei-Muara","mukimDisplayName":"Serasa"},"id":177},{"type":"Feature","geometry":{"type":"Polygon","coordinates":[[[114.84644188358158,4.818226990609799],[114.84615342620798,4.818628337816662],[114.84618645681056,4.819709496827042],[114.84390354311401,4.819683863076907],[114.84358586080263,4.820384306257579],[114.84274065408484,4.82057279236037],[114.84126848765035,4.821204618520976],[114.8402701356541,4.821242644598519],[114.83904741630695,4.821600632764098],[114.8391327251334,4.822181983388225],[114.83814779744117,4.82379536517999],[114.83561228691339,4.828774157457537],[114.83184935097346,4.830661942580876],[114.83137577591232,4.830763970989395],[114.82617671884137,4.83245452408642],[114.82647997827048,4.826271939365864],[114.826019150209,4.824392216470326],[114.82443849915269,4.8165288667714705],[114.82380925563108,4.814961505700235],[114.82153133932725,4.807015013814507],[114.82612172354233,4.804187069125041],[114.82878577762266,4.802482870166911],[114.8294264425034,4.802206981152993],[114.82972882772614,4.803871337011849],[114.83015851723378,4.804779693757495],[114.8310574300127,4.8053641854942954],[114.83229609541033,4.805649266541782],[114.83364882058413,4.805568222695226],[114.83698080875314,4.806357213139951],[114.8392541791345,4.807712464100348],[114.84070459738925,4.8082134759616],[114.8421816153986,4.8079780357619155],[114.84303531979579,4.807452432652973],[114.84444733601985,4.8080183969806205],[114.84573727105828,4.809414537860579],[114.84676342514976,4.811187401561929],[114.84720803958562,4.812949039950833],[114.8469394949333,4.813896147877668],[114.84610768472109,4.814462539095319],[114.84524875087466,4.8146012253550525],[114.84462325423911,4.815017916720382],[114.8444053507512,4.815614868616332],[114.84482228293129,4.816760848531449],[114.84644188358158,4.818226990609799]]]},"properties":{"id":178,"name":"Kg. Parit","mukim":"MUKIM PANGKALAN BATU","area":5438636,"district":"Brunei-Muara","mukimDisplayName":"Pangkalan Batu"},"id":178},{"type":"Feature","geometry":{"type":"Polygon","coordinates":[[[114.9363881963606,4.88956217285807],[114.9359930603906,4.891398535961371],[114.93544183462392,4.893041372177176],[114.93539682921589,4.893171681393901],[114.9343250924686,4.892539724017896],[114.93375639305248,4.891929224645117],[114.93325421158674,4.8906687739714005],[114.93285409541035,4.890188951583826],[114.9317869312554,4.889523770798939],[114.93099207116784,4.890307184883143],[114.93007469430499,4.891601765625994],[114.92623351389612,4.888787619161685],[114.9256030313612,4.887884895159717],[114.92402763438183,4.8895522065214925],[114.92312731490308,4.888912605737376],[114.9217114613878,4.889158507943888],[114.92118820949013,4.888863438095514],[114.92229563096487,4.885086604238023],[114.9227274122375,4.885789344299527],[114.92387061093326,4.884084744487516],[114.92339756951688,4.88369690281809],[114.92460518926148,4.883093730629966],[114.92619199874198,4.881523953745356],[114.92742903725552,4.882035344414221],[114.92822767833003,4.881734204115214],[114.92985163346454,4.879860330291452],[114.92913398118412,4.879226436470898],[114.92966981142963,4.878649776143141],[114.9297580381526,4.878936642843006],[114.93133539850395,4.880057928281687],[114.93173192519875,4.881273417968329],[114.93247287435057,4.882161364164106],[114.93336704444357,4.882627521842189],[114.93296839940902,4.883502257397959],[114.93339948920213,4.883978826634272],[114.93434279653974,4.884762444750385],[114.93482741755739,4.885679421697788],[114.93551187217831,4.886336361316258],[114.93639190315227,4.8868202909191885],[114.93625407182986,4.887426114152691],[114.93539553787353,4.887716455687957],[114.93503113981417,4.888132705847174],[114.93413803010331,4.888173675023385],[114.9341486259702,4.889050883313351],[114.93571388875432,4.88958289704021],[114.9363881963606,4.88956217285807]]]},"properties":{"id":179,"name":"Kg. Parit","mukim":"MUKIM KIANGGEH","area":1290456.125,"district":"Brunei-Muara","mukimDisplayName":"Kianggeh"},"id":179},{"type":"Feature","geometry":{"type":"Polygon","coordinates":[[[115.01705586657877,4.984985399386029],[115.01664437962063,4.989387709377203],[115.00304310679373,4.989444823821622],[115.00209194019794,4.989583253476964],[115.0008333488444,4.988003222938066],[115.00066858621494,4.987189049445081],[114.99965006307232,4.984855432003058],[114.99945614977304,4.984359895023053],[115.00130798463347,4.983585473699408],[115.00284520869899,4.9773032455378345],[115.00661423876268,4.968385931155902],[115.01073270908645,4.957933126767563],[115.01263910583107,4.953967026578111],[115.01603546450868,4.954497178211662],[115.01606816054704,4.959173708152913],[115.0159763016146,4.9609454336231416],[115.0123496368392,4.96095024744489],[115.01238180518871,4.96398035400479],[115.01381904412644,4.966844299771665],[115.01564609285688,4.966809626829148],[115.01556490990518,4.968219007970039],[115.01437236129053,4.9772664919383],[115.01438235794002,4.979171279710548],[115.01528865011102,4.979177424524089],[115.01527170755836,4.982181667884836],[115.01731759213457,4.982184737425501],[115.01705586657877,4.984985399386029]]]},"properties":{"id":180,"name":"Kg. Panchor","mukim":"MUKIM MENTIRI","area":4222988.5,"district":"Brunei-Muara","mukimDisplayName":"Mentiri"},"id":180},{"type":"Feature","geometry":{"type":"Polygon","coordinates":[[[114.96675683210205,4.913454205192117],[114.9673426876759,4.91410969992878],[114.97137139756974,4.919301690267726],[114.97425244884488,4.921875728676333],[114.98304650088885,4.9298754013203165],[114.98053242693386,4.930403924527225],[114.9792129169407,4.930874971132724],[114.97513111394643,4.932702656331092],[114.97214518386431,4.9299220182027295],[114.96955779771712,4.928221606972017],[114.96783187151966,4.927480382490932],[114.96640860392161,4.927013991020745],[114.96456982523564,4.926643075676585],[114.96313423827084,4.926526497256217],[114.95978061544756,4.9264293804016175],[114.95783957644714,4.92617965169272],[114.95610177316452,4.9252704685862465],[114.95528581156466,4.924255131577428],[114.95498347097953,4.923659590850818],[114.9545488616678,4.921925494219525],[114.95415737653768,4.921119530620331],[114.95323684419593,4.920084446832934],[114.95247442700716,4.918332248878881],[114.95221251933468,4.917008289638535],[114.96285489711123,4.914370542425907],[114.96675683210205,4.913454205192117]]]},"properties":{"id":181,"name":"Lingkungan Diplomatik","mukim":"MUKIM KIANGGEH","area":3361992.25,"district":"Brunei-Muara","mukimDisplayName":"Kianggeh"},"id":181},{"type":"Feature","geometry":{"type":"Polygon","coordinates":[[[115.09278387631622,4.6654853080796705],[115.0947252611903,4.665257666784143],[115.09567753259769,4.6662305196510525],[115.09602173560936,4.665924866524787],[115.09857240735612,4.6680297695257345],[115.10039729943735,4.681354286187365],[115.09075127546242,4.681345505030458],[115.08497468616092,4.678383809708989],[115.08071676778376,4.676200770628592],[115.07986194082171,4.6744380020012875],[115.07870229533661,4.672492818179851],[115.07786124752016,4.671318725471429],[115.07689873693782,4.671752082084043],[115.06914995339005,4.665545687448353],[115.07183188485784,4.662888268126215],[115.0774504248806,4.657941386689183],[115.08241415760169,4.659367984484832],[115.08253403870413,4.657767159671723],[115.08452488545814,4.6570412490038775],[115.0864726075421,4.660967741396962],[115.08822707908175,4.6602902014365295],[115.08980654485865,4.664580412520584],[115.09109281020008,4.6640716503904365],[115.09142413221863,4.663733179911071],[115.09213277906862,4.665614652635699],[115.09278387631622,4.6654853080796705]]]},"properties":{"id":182,"name":"Kg. Belaban","mukim":"MUKIM AMO","area":5276037.5,"district":"Temburong","mukimDisplayName":"Amo"},"id":182},{"type":"Feature","geometry":{"type":"Polygon","coordinates":[[[115.10055505632924,4.661066969781547],[115.09950848618769,4.661035323846353],[115.09829295120427,4.659458720522905],[115.09746306099768,4.659113034984671],[115.09686173105672,4.659309885999834],[115.09655336107585,4.6600123522607175],[115.09641030363167,4.661766417864061],[115.09602550406002,4.662845832827002],[115.09565792655661,4.66326272584806],[115.09438742386162,4.663826758155274],[115.0933046692081,4.663766477210688],[115.09297476265324,4.6642069298495175],[115.09278387631622,4.6654853080796705],[115.09213277906862,4.665614652635699],[115.09142413221863,4.663733179911071],[115.09109281020008,4.6640716503904365],[115.08980654485865,4.664580412520584],[115.08822707908175,4.6602902014365295],[115.0864726075421,4.660967741396962],[115.08452488545814,4.6570412490038775],[115.08253403870413,4.657767159671723],[115.08241415760169,4.659367984484832],[115.0774504248806,4.657941386689183],[115.07526509230071,4.651258708355026],[115.07756925092482,4.643389822247284],[115.0801983034508,4.644013089389687],[115.08075937385279,4.644500135951651],[115.08317092576492,4.6453691023696635],[115.08489572691416,4.6456028039641675],[115.08553787045552,4.645155365257806],[115.08605097148829,4.645302174992263],[115.08775265356,4.647616819774386],[115.0881045818069,4.648269779121159],[115.08972154041899,4.6494179444420505],[115.09039230447276,4.650151983228357],[115.09144775894327,4.651655389294889],[115.09153604212938,4.652293275245825],[115.09240521140397,4.653303224962933],[115.0934103488334,4.654202074079447],[115.10024766574233,4.651663791113565],[115.10161876957406,4.655134917668215],[115.09938635385905,4.655991558044874],[115.09943452987768,4.657033478572543],[115.10071907695935,4.657841625053371],[115.10055505632924,4.661066969781547]]]},"properties":{"id":183,"name":"Kg. Sibulu","mukim":"MUKIM AMO","area":3574584,"district":"Temburong","mukimDisplayName":"Amo"},"id":183},{"type":"Feature","geometry":{"type":"Polygon","coordinates":[[[115.10518225932691,4.647181468588082],[115.10469377760646,4.6481604001324985],[115.10336222478654,4.6500015699615],[115.1033238075346,4.650546655436279],[115.10386830594796,4.652038566603383],[115.10419605661298,4.652313207462749],[115.10507451592431,4.652095597970696],[115.10572276134496,4.652373588248343],[115.10603676896875,4.653053601400018],[115.10549894409027,4.654163091748711],[115.10572179043587,4.6549936730692245],[115.10684622669214,4.656379784485146],[115.10719881408163,4.657294365135034],[115.10716276983229,4.658132312234171],[115.10653654461038,4.658628015981686],[115.10377935396116,4.6587151968196805],[115.10279721150069,4.6592413163238895],[115.10157189550992,4.660416364654888],[115.10055505632924,4.661066969781547],[115.10071907695935,4.657841625053371],[115.09943452987768,4.657033478572543],[115.09938635385905,4.655991558044874],[115.10161876957406,4.655134917668215],[115.10024766574233,4.651663791113565],[115.0934103488334,4.654202074079447],[115.09240521140397,4.653303224962933],[115.09153604212938,4.652293275245825],[115.09144775894327,4.651655389294889],[115.09039230447276,4.650151983228357],[115.08972154041899,4.6494179444420505],[115.0881045818069,4.648269779121159],[115.08775265356,4.647616819774386],[115.08605097148829,4.645302174992263],[115.08553787045552,4.645155365257806],[115.08489572691416,4.6456028039641675],[115.08317092576492,4.6453691023696635],[115.08075937385279,4.644500135951651],[115.0801983034508,4.644013089389687],[115.07756925092482,4.643389822247284],[115.0783263827676,4.6408152844088715],[115.07986615203475,4.635580847167781],[115.08995130255933,4.637130644875786],[115.0945989973447,4.638254181064292],[115.09493074471466,4.6387086948058815],[115.09534876126231,4.640281260861648],[115.09625711650769,4.640340354313931],[115.09699911462936,4.640027222425549],[115.09768208138748,4.640584108188677],[115.09867251327786,4.640497954394752],[115.09966590699918,4.641302321632116],[115.10063624943712,4.641381912796885],[115.10145085106949,4.641844309369391],[115.10202126898581,4.642596164605042],[115.1032075088626,4.642425674711395],[115.10397442872639,4.6431875603328825],[115.1039299283202,4.643793213998573],[115.10495603509884,4.6453691402246635],[115.10518225932691,4.647181468588082]]]},"properties":{"id":184,"name":"Kg. Selangan","mukim":"MUKIM AMO","area":4016621.75,"district":"Temburong","mukimDisplayName":"Amo"},"id":184},{"type":"Feature","geometry":{"type":"Polygon","coordinates":[[[115.08338201164892,4.6236268342274505],[115.10530306303754,4.630542660571677],[115.1055542096876,4.631030891670699],[115.10637239414439,4.63076513266123],[115.1068622025716,4.6321469967463],[115.10802943082255,4.631812601726793],[115.10927334913696,4.632077306671307],[115.11925569975604,4.631358750940606],[115.11906840179773,4.64001596817288],[115.1187673695735,4.646731856933327],[115.11292731782233,4.646940009488908],[115.11231876014706,4.648414199083263],[115.11166128171786,4.648732776789696],[115.11066420727826,4.64831014585403],[115.10998104332985,4.646795443553886],[115.10928674784941,4.645590629029224],[115.10809411516924,4.646016550160098],[115.10720376664472,4.645783666662806],[115.10645538996701,4.645115908454773],[115.10579424747492,4.643932051893464],[115.1051946341817,4.643952246959328],[115.10545473222618,4.645024749068167],[115.10548625834626,4.64607233653685],[115.10518225932691,4.647181468588082],[115.10495603509884,4.6453691402246635],[115.1039299283202,4.643793213998573],[115.10397442872639,4.6431875603328825],[115.1032075088626,4.642425674711395],[115.10202126898581,4.642596164605042],[115.10145085106949,4.641844309369391],[115.10063624943712,4.641381912796885],[115.09966590699918,4.641302321632116],[115.09867251327786,4.640497954394752],[115.09768208138748,4.640584108188677],[115.09699911462936,4.640027222425549],[115.09625711650769,4.640340354313931],[115.09534876126231,4.640281260861648],[115.09493074471466,4.6387086948058815],[115.0945989973447,4.638254181064292],[115.08995130255933,4.637130644875786],[115.07986615203475,4.635580847167781],[115.08335799781491,4.623708797032879],[115.08338201164892,4.6236268342274505]]]},"properties":{"id":185,"name":"Kg. Parit","mukim":"MUKIM AMO","area":6078773.5,"district":"Temburong","mukimDisplayName":"Amo"},"id":185},{"type":"Feature","geometry":{"type":"Polygon","coordinates":[[[115.0946017562379,4.766059747847993],[115.09477899113399,4.767524224320236],[115.09456280828503,4.768552965609692],[115.09394889937344,4.769467641384754],[115.09319773775684,4.769984153457396],[115.09223623560293,4.770134212188814],[115.09128432255237,4.770021985112301],[115.08571488609334,4.768026391367841],[115.08307905427085,4.7677833703423325],[115.0808112360827,4.768158030692572],[115.07996396161845,4.768066428854119],[115.07839326597708,4.76738977288451],[115.0764177424809,4.767616591839928],[115.0755387204801,4.767409695383847],[115.07427126625608,4.766732029016697],[115.07368571207073,4.766733962033841],[115.07313352181548,4.7673442065254275],[115.07218811872193,4.769214549059655],[115.0716249162522,4.769656986800852],[115.07060033403661,4.76970232621905],[115.06861293493117,4.769499075253692],[115.0672353735547,4.770321832758926],[115.06667848004172,4.772694403891298],[115.06636691606957,4.7733458109275455],[115.06565745851621,4.7738306854041905],[115.06373560075177,4.774487384707556],[115.06300509095588,4.774930364694828],[115.06260993796222,4.775603023321024],[115.06263667165507,4.77738623140435],[115.06307981749744,4.778601614213973],[115.06314536193258,4.779461578235198],[115.06289892902936,4.78084706583407],[115.06225850019712,4.783261863372638],[115.06230655414443,4.7851708789668],[115.06277219087093,4.7868687279889315],[115.0642024521564,4.790120107765994],[115.06066086615428,4.793124892766261],[115.05912512372535,4.794244042987392],[115.0578867428212,4.794972192386356],[115.0561472643333,4.795538553992943],[115.05433511842114,4.795116091724279],[115.05304759730433,4.79376675832029],[115.05428361996054,4.792614770300357],[115.05509612041803,4.791293943621014],[115.05524816711703,4.79050453251512],[115.05500225758895,4.789100798311781],[115.05416625357908,4.787214142857052],[115.05264736742257,4.785362732478347],[115.04988657388903,4.7834116430834595],[115.04825104343858,4.781754057702294],[115.0456897865359,4.779887859137773],[115.04511618980318,4.7792897466571524],[115.04261494967872,4.777411133673904],[115.03935977947363,4.775782501400091],[115.03644129616328,4.774084659856906],[115.03424747353036,4.772975392096902],[115.03323356109458,4.772173045789683],[115.03252805288625,4.7713684231851134],[115.0314950843204,4.769352330041265],[115.03117059299998,4.768306444456948],[115.0312306524655,4.767557219987052],[115.03197609551124,4.76545585686965],[115.03262058397227,4.763136856003118],[115.03297300981392,4.760630957671077],[115.03264404841708,4.758283914456595],[115.03217475509243,4.756615814590913],[115.0320354927601,4.753325759767342],[115.0317548986552,4.752667992437684],[115.03037746321488,4.752011792904646],[115.02712484992932,4.751807910481287],[115.02590368598588,4.751442958473015],[115.0233656596309,4.7501926950848],[115.02246508763508,4.7498897405089835],[115.02196850403857,4.749006836080053],[115.02199214208912,4.748199122726868],[115.02260689387916,4.746553736058117],[115.02360516789199,4.745590745801476],[115.0244885150283,4.745640973896628],[115.02636702864423,4.747208287095262],[115.02747321987208,4.747984482220895],[115.02855178194258,4.748522453506265],[115.02973345313247,4.7484655307960875],[115.03087284322332,4.7476274235081615],[115.03154793519182,4.746080774198286],[115.03104924195756,4.745077775501325],[115.03030458163711,4.744871725449737],[115.02692136987498,4.74497486330476],[115.02603279718774,4.744756885971686],[115.02547744116026,4.744268134950557],[115.02512585326168,4.743012863062685],[115.0256621485729,4.7410465761026845],[115.0264956631266,4.7396766785590785],[115.02647871444495,4.738361180350801],[115.02601417720601,4.73735164491295],[115.02494179300787,4.735730981935226],[115.02505032001537,4.735028087175105],[115.0283801298919,4.733390251822039],[115.03117356472987,4.730974725203802],[115.03239952363336,4.730571625147937],[115.03361288535045,4.730845876511145],[115.03397772818934,4.731772253612858],[115.03338903626872,4.7337437038950085],[115.03241756782457,4.73615901729615],[115.03270107455593,4.737380928794096],[115.03334946069297,4.7382037696261605],[115.03498207813445,4.737722478520556],[115.03621648057288,4.738155003338277],[115.03628843379897,4.738904617177351],[115.03592293347674,4.740100336230008],[115.03616867491831,4.740840667663029],[115.03711727483088,4.741238660644508],[115.03915544469423,4.740459005439518],[115.04096421870155,4.740267014797222],[115.04160810534363,4.740500334243973],[115.04185455628966,4.741458641655661],[115.04107986511482,4.743771751597435],[115.04001412717781,4.74516312939941],[115.03799440109348,4.746406278548307],[115.03770898099401,4.746834450409554],[115.03805895811769,4.747557001107526],[115.03919857281004,4.747893335665346],[115.0408493682398,4.747739730045808],[115.04212907884666,4.747113042218295],[115.04314808711129,4.746380760956736],[115.04470382071202,4.746393119319027],[115.0463588586755,4.7475473642922905],[115.04904476686018,4.750157887260798],[115.04988856263728,4.75026090169259],[115.05015968125461,4.749758328862173],[115.04998126907537,4.746346977121462],[115.05065506018677,4.7457458824177765],[115.0518771350403,4.7457590147658735],[115.0519811865499,4.745335580161467],[115.05129296377014,4.744438760688901],[115.0501831907752,4.743596200479667],[115.05054922390553,4.742598601675914],[115.05160116614417,4.741952067203766],[115.05144831045533,4.741130831002847],[115.04969809975697,4.740107697247114],[115.04925027344315,4.738696650527507],[115.04924389630077,4.736734851309744],[115.0490796103033,4.734320170616091],[115.04934644848149,4.733525848962401],[115.05007519408412,4.733131098308426],[115.05077982940072,4.733338052521903],[115.05145162844951,4.734138019089701],[115.0525610357937,4.7358782266338295],[115.05320566139352,4.7363382309469415],[115.05432663467388,4.7362909603389545],[115.05547203167137,4.735737896238554],[115.05688567988253,4.734826458699224],[115.05743765017907,4.733636599151389],[115.05710532578019,4.732890071249718],[115.05445733357338,4.73105900545002],[115.05426437673336,4.73051904653293],[115.05433821759617,4.7291760464164145],[115.0547534394611,4.728581777631776],[115.05569100103268,4.728153736012831],[115.05638664346583,4.728375877061882],[115.05780860893012,4.730019140952728],[115.05896624305463,4.730555927880893],[115.061615238179,4.731173071328957],[115.06297317281444,4.733715909800574],[115.06523209546187,4.732760944012861],[115.06615568030413,4.732685822796842],[115.07560475376498,4.7325246445522975],[115.07565046369774,4.733047322206268],[115.07667750019601,4.733387013745181],[115.07945800068167,4.7328959923680545],[115.08124960166712,4.732678506806112],[115.08309600674897,4.733095480222763],[115.0839410088896,4.733568661939735],[115.08562693693825,4.7356446095673626],[115.08590105026201,4.736470944546368],[115.08601171472516,4.738057189660813],[115.08638507952152,4.739378128402866],[115.08686213308464,4.740169849672058],[115.08827837217673,4.740782137338766],[115.09115024168794,4.745655849000784],[115.09169805812896,4.746501913892367],[115.09287952533951,4.746477002861657],[115.09431701171232,4.744825273738503],[115.09493206613381,4.7449044019242645],[115.09540878216852,4.746132897448548],[115.09523764926539,4.747704927849823],[115.0939652477546,4.7485127797148285],[115.0927657751243,4.748707266032801],[115.08852658061585,4.748683902093033],[115.08775355667632,4.748906761111389],[115.08735951221274,4.749904625505071],[115.08743474705292,4.750523291347349],[115.08845193535142,4.751411566174232],[115.09058769104199,4.752222694315741],[115.09233684932475,4.7531190218375],[115.0928305090028,4.753788742902704],[115.09296879780652,4.754501607315055],[115.09254297049925,4.755373698655357],[115.09171793865495,4.755680653157883],[115.09031594243442,4.755423065933817],[115.08877649350856,4.7547043661293324],[115.08744922018145,4.754908086152476],[115.0866977898885,4.755340672267996],[115.08584418468374,4.756497411780143],[115.08572144457645,4.75732653363547],[115.08616409776731,4.758384558986397],[115.08699304720356,4.7592629704705685],[115.09163448497455,4.762069371198106],[115.0928506041034,4.763030410726138],[115.09381698617219,4.764359431161368],[115.0946017562379,4.766059747847993]]]},"properties":{"id":186,"name":"Kg. Kastam Lama","mukim":"MUKIM BANGAR","area":30034886,"district":"Temburong","mukimDisplayName":"Bangar"},"id":186},{"type":"Feature","geometry":{"type":"Polygon","coordinates":[[[115.061615238179,4.731173071328957],[115.05896624305463,4.730555927880893],[115.05780860893012,4.730019140952728],[115.05638664346583,4.728375877061882],[115.05569100103268,4.728153736012831],[115.0547534394611,4.728581777631776],[115.05433821759617,4.7291760464164145],[115.05426437673336,4.73051904653293],[115.05445733357338,4.73105900545002],[115.05710532578019,4.732890071249718],[115.05743765017907,4.733636599151389],[115.05688567988253,4.734826458699224],[115.05547203167137,4.735737896238554],[115.05432663467388,4.7362909603389545],[115.05320566139352,4.7363382309469415],[115.0525610357937,4.7358782266338295],[115.05145162844951,4.734138019089701],[115.05077982940072,4.733338052521903],[115.05007519408412,4.733131098308426],[115.04934644848149,4.733525848962401],[115.0490796103033,4.734320170616091],[115.04924389630077,4.736734851309744],[115.04925027344315,4.738696650527507],[115.04969809975697,4.740107697247114],[115.05144831045533,4.741130831002847],[115.05160116614417,4.741952067203766],[115.05054922390553,4.742598601675914],[115.0501831907752,4.743596200479667],[115.05129296377014,4.744438760688901],[115.0519811865499,4.745335580161467],[115.0518771350403,4.7457590147658735],[115.05065506018677,4.7457458824177765],[115.04998126907537,4.746346977121462],[115.05015968125461,4.749758328862173],[115.04988856263728,4.75026090169259],[115.04904476686018,4.750157887260798],[115.0463588586755,4.7475473642922905],[115.04470382071202,4.746393119319027],[115.04314808711129,4.746380760956736],[115.04212907884666,4.747113042218295],[115.0408493682398,4.747739730045808],[115.03919857281004,4.747893335665346],[115.03805895811769,4.747557001107526],[115.03770898099401,4.746834450409554],[115.03799440109348,4.746406278548307],[115.04001412717781,4.74516312939941],[115.04107986511482,4.743771751597435],[115.04185455628966,4.741458641655661],[115.04160810534363,4.740500334243973],[115.04096421870155,4.740267014797222],[115.03915544469423,4.740459005439518],[115.03711727483088,4.741238660644508],[115.03616867491831,4.740840667663029],[115.03592293347674,4.740100336230008],[115.03628843379897,4.738904617177351],[115.03621648057288,4.738155003338277],[115.03498207813445,4.737722478520556],[115.03334946069297,4.7382037696261605],[115.03270107455593,4.737380928794096],[115.0331323392104,4.737328536003097],[115.03491945495306,4.735106375938787],[115.0360583894019,4.733939326976824],[115.03766277293688,4.7327792583060075],[115.03979257911836,4.73182974089869],[115.04308338701327,4.731326552063596],[115.04319903776384,4.730434515568585],[115.04235807774299,4.729494771604316],[115.04050298199793,4.727003289339695],[115.03980692350353,4.726438450224382],[115.05009291804264,4.721955356994013],[115.05900758747217,4.7181494436129485],[115.06206893214315,4.719335464214401],[115.06234595053978,4.718840314139854],[115.0646049642106,4.71892001663218],[115.06616770478811,4.719085845041911],[115.06641030292035,4.722522111900141],[115.06834238045268,4.722717834674776],[115.0683935108529,4.723607681613007],[115.06467564219811,4.72322717967223],[115.06461201825235,4.722325788388573],[115.0637347677703,4.722239396238169],[115.06124510508891,4.722907857869468],[115.06076748894223,4.7239139740940175],[115.0608517923895,4.725184840827848],[115.06146037593359,4.726238727722815],[115.06260332955885,4.72767810388188],[115.06324035413199,4.728829418799028],[115.06351963061739,4.730366571442456],[115.06291350168343,4.731048665504218],[115.061615238179,4.731173071328957]]]},"properties":{"id":187,"name":"Kg. Parit Belayang","mukim":"MUKIM BANGAR","area":5358283,"district":"Temburong","mukimDisplayName":"Bangar"},"id":187},{"type":"Feature","geometry":{"type":"Polygon","coordinates":[[[115.09493206613381,4.7449044019242645],[115.09431701171232,4.744825273738503],[115.09287952533951,4.746477002861657],[115.09169805812896,4.746501913892367],[115.09115024168794,4.745655849000784],[115.08827837217673,4.740782137338766],[115.08686213308464,4.740169849672058],[115.08638507952152,4.739378128402866],[115.08601171472516,4.738057189660813],[115.08590105026201,4.736470944546368],[115.08562693693825,4.7356446095673626],[115.0839410088896,4.733568661939735],[115.08309600674897,4.733095480222763],[115.08124960166712,4.732678506806112],[115.07945800068167,4.7328959923680545],[115.07667750019601,4.733387013745181],[115.07565046369774,4.733047322206268],[115.07560475376498,4.7325246445522975],[115.07667094370251,4.7313920385349455],[115.07869479386616,4.730584797193797],[115.07956419850646,4.729209562048884],[115.0795220628246,4.727482173800142],[115.08088479637392,4.727336173935641],[115.08184020966954,4.728142008129325],[115.08324169622281,4.726964766894661],[115.08587160442312,4.7265242205494395],[115.08724466054979,4.726904001227435],[115.08856804742014,4.727617215132786],[115.09058601392142,4.726931935870595],[115.09180819334202,4.729358219914318],[115.09190691767841,4.730588180985541],[115.09383711911363,4.733370015669718],[115.09343877063661,4.733455453348767],[115.09432989357074,4.7361154245777835],[115.09414490453165,4.737251082856457],[115.09405707688195,4.739143864061691],[115.09463402491068,4.742548199866129],[115.09493206613381,4.7449044019242645]]]},"properties":{"id":188,"name":"Kg. Peliunan","mukim":"MUKIM BANGAR","area":2093605.75,"district":"Temburong","mukimDisplayName":"Bangar"},"id":188},{"type":"Feature","geometry":{"type":"Polygon","coordinates":[[[115.07560475376498,4.7325246445522975],[115.06615568030413,4.732685822796842],[115.06523209546187,4.732760944012861],[115.06297317281444,4.733715909800574],[115.061615238179,4.731173071328957],[115.06291350168343,4.731048665504218],[115.06351963061739,4.730366571442456],[115.06324035413199,4.728829418799028],[115.06260332955885,4.72767810388188],[115.06146037593359,4.726238727722815],[115.0608517923895,4.725184840827848],[115.06076748894223,4.7239139740940175],[115.06124510508891,4.722907857869468],[115.0637347677703,4.722239396238169],[115.06461201825235,4.722325788388573],[115.06467564219811,4.72322717967223],[115.0683935108529,4.723607681613007],[115.06941342574707,4.723113426681696],[115.0707855643671,4.7215412109589],[115.07125764914564,4.721321984480277],[115.07151540915523,4.722133282443088],[115.07209725960406,4.722739569191089],[115.0728356859646,4.722869342140354],[115.07494495830973,4.722629916126309],[115.07683264248107,4.722788860714016],[115.07786016938437,4.723281032636455],[115.07825425847315,4.723724477424213],[115.07906497897926,4.7255988659585135],[115.0795220628246,4.727482173800142],[115.07956419850646,4.729209562048884],[115.07869479386616,4.730584797193797],[115.07667094370251,4.7313920385349455],[115.07560475376498,4.7325246445522975]]]},"properties":{"id":189,"name":"Kg. Sungai Sulok","mukim":"MUKIM BANGAR","area":2005138.25,"district":"Temburong","mukimDisplayName":"Bangar"},"id":189},{"type":"Feature","geometry":{"type":"Polygon","coordinates":[[[115.09058601392142,4.726931935870595],[115.08856804742014,4.727617215132786],[115.08724466054979,4.726904001227435],[115.08587160442312,4.7265242205494395],[115.08324169622281,4.726964766894661],[115.08184020966954,4.728142008129325],[115.08088479637392,4.727336173935641],[115.0795220628246,4.727482173800142],[115.07906497897926,4.7255988659585135],[115.07825425847315,4.723724477424213],[115.07786016938437,4.723281032636455],[115.07683264248107,4.722788860714016],[115.07494495830973,4.722629916126309],[115.0728356859646,4.722869342140354],[115.07209725960406,4.722739569191089],[115.07151540915523,4.722133282443088],[115.07125764914564,4.721321984480277],[115.07155710468184,4.718774817233689],[115.07179661635335,4.714853322482778],[115.07198362691548,4.713353459470678],[115.0721771113992,4.711843094163295],[115.07374262963482,4.712060170451538],[115.07486568698812,4.712369836076674],[115.07451005583974,4.714670679370619],[115.07514808971412,4.714832994878404],[115.07558022871244,4.718365119727614],[115.07953393673272,4.717516799382165],[115.08185762838548,4.716667897902036],[115.08568472785393,4.717970821715576],[115.0869754771485,4.715822595160842],[115.08916861469291,4.717323604137811],[115.08891133974821,4.718519925732126],[115.09306641483514,4.721746184101567],[115.08924545254747,4.723995787476492],[115.09058601392142,4.726931935870595]]]},"properties":{"id":190,"name":"Kg. Sungai Getahan","mukim":"MUKIM BANGAR","area":2104193.5,"district":"Temburong","mukimDisplayName":"Bangar"},"id":190},{"type":"Feature","geometry":{"type":"Polygon","coordinates":[[[115.06234595053978,4.718840314139854],[115.06206893214315,4.719335464214401],[115.05900758747217,4.7181494436129485],[115.05009291804264,4.721955356994013],[115.03980692350353,4.726438450224382],[115.03741810057994,4.7251716916466275],[115.03468895166054,4.724260067303691],[115.03351098374837,4.723554025877826],[115.03309288731616,4.722493966846548],[115.03401215278566,4.721532752107013],[115.03492779083811,4.720983144297878],[115.03865337383395,4.719214365344256],[115.0400192165946,4.718700909080183],[115.04136645422292,4.718453950131007],[115.04203279230175,4.717892935243806],[115.04247434089929,4.716398228975999],[115.0560950232777,4.709335055484564],[115.05815158312272,4.706130832142938],[115.05916315684215,4.704370988163279],[115.05951058676078,4.703539059453739],[115.05969440974825,4.701154736730883],[115.06539708170276,4.69588162868925],[115.068996078803,4.699027216816016],[115.0698150158787,4.701935985071732],[115.06878931849462,4.703295964142928],[115.06689642315867,4.702854556121679],[115.06546475067046,4.70315556743011],[115.06409140754187,4.703010436500501],[115.06344592498476,4.7040521517084555],[115.06402251718383,4.704387102652675],[115.0648081294783,4.7054465906880685],[115.06414651032756,4.706108675685068],[115.06328428755407,4.707874828843227],[115.06289134390528,4.707677991661785],[115.06260306049471,4.709541555840305],[115.0631197846174,4.709811826326352],[115.06291659061284,4.713378800183231],[115.06279894844465,4.71438624818867],[115.0629655862472,4.715921339819561],[115.06277287252883,4.717246907993885],[115.06234595053978,4.718840314139854]]]},"properties":{"id":191,"name":"Kg. Seri Tanjong Belayang","mukim":"MUKIM BANGAR","area":4005586.5,"district":"Temburong","mukimDisplayName":"Bangar"},"id":191},{"type":"Feature","geometry":{"type":"Polygon","coordinates":[[[114.94940600889275,4.876537860200743],[114.9473962781706,4.876528657216563],[114.94691195228899,4.878300657481614],[114.94537834765498,4.877680560366855],[114.94659416830523,4.8770064534814335],[114.94666523232638,4.876293290415481],[114.94629168201773,4.875899996544008],[114.94724967962816,4.875726748457438],[114.94723951504712,4.87529189948928],[114.94936218149783,4.87525813662961],[114.94940600889275,4.876537860200743]]]},"properties":{"id":152,"name":"Kg. Sungai Siamas","mukim":"MUKIM SUNGAI KEBUN","area":59302.47265625,"district":"Brunei-Muara","mukimDisplayName":"Sungai Kebun"},"id":152},{"type":"Feature","geometry":{"type":"Polygon","coordinates":[[[114.99129470467481,4.956494880892774],[114.98538685597542,4.9581623119404],[114.98198530389695,4.960929107948859],[114.97992806687398,4.961616164063162],[114.97886282228735,4.961747863915923],[114.97840866783014,4.962726727088413],[114.97752512034168,4.963136381025239],[114.97645461933055,4.9625257583922275],[114.97525432397917,4.962877743542184],[114.97500717814356,4.962603820078618],[114.97300100158283,4.96248182137528],[114.97310313361692,4.962830332740334],[114.97049902189254,4.963226363076886],[114.9701841523622,4.962261885186248],[114.96944834307236,4.963216854616827],[114.96868838284884,4.962746961490066],[114.96785231924288,4.961322195779242],[114.96829814856552,4.960747662803702],[114.9674662639149,4.95992662139784],[114.9675470633885,4.959148836608001],[114.96642980680242,4.959433153132951],[114.96601722219016,4.958436028755276],[114.9666550113143,4.9581252679023065],[114.96802535256158,4.956867982021677],[114.96759973021771,4.955433058890557],[114.97194939396485,4.948990486629839],[114.97132752000041,4.948556574827589],[114.96863065680549,4.947324497639637],[114.96891568779243,4.94452423281169],[114.9697711005011,4.943989968628534],[114.97134294294631,4.942125028983419],[114.97499794396879,4.937097682245539],[114.97515962942563,4.936696071958663],[114.97689466693323,4.934431483518011],[114.98300788751664,4.940299615065597],[114.98510260419704,4.942749065552532],[114.98614726752936,4.944373592541217],[114.98691018816015,4.9459788269723175],[114.99129470467481,4.956494880892774]]]},"properties":{"id":153,"name":"Kg. Sungai Tilong","mukim":"MUKIM BERAKAS B","area":5175783,"district":"Brunei-Muara","mukimDisplayName":"Berakas B"},"id":153},{"type":"Feature","geometry":{"type":"Polygon","coordinates":[[[114.94967027892973,4.879034236782219],[114.94957870999106,4.882370306671903],[114.94771615936408,4.881788862988449],[114.9467376872475,4.881899509367401],[114.94643611152863,4.880914556472865],[114.94586242068254,4.880063392480571],[114.94701692805035,4.879448109808798],[114.94748515599977,4.879270389260381],[114.94967027892973,4.879034236782219]]]},"properties":{"id":121,"name":"Kg. Saba Darat B","mukim":"MUKIM SABA","area":112194.421875,"district":"Brunei-Muara","mukimDisplayName":"Saba"},"id":121},{"type":"Feature","geometry":{"type":"Polygon","coordinates":[[[114.9455420749936,4.883533917769958],[114.9466661803357,4.883341687392222],[114.94635817598561,4.883823557880109],[114.94689385896889,4.885202451958282],[114.94555235009484,4.885430282815377],[114.94538997255381,4.883556199089012],[114.9455420749936,4.883533917769958]]]},"properties":{"id":122,"name":"Kg. Saba Laut","mukim":"MUKIM SABA","area":27025.673828125,"district":"Brunei-Muara","mukimDisplayName":"Saba"},"id":122},{"type":"Feature","geometry":{"type":"Polygon","coordinates":[[[114.94940629471141,4.883017526183191],[114.94810152464414,4.883089835262159],[114.94733548096464,4.883336663120702],[114.94800605785622,4.884757770236296],[114.94689385896889,4.885202451958282],[114.94635817598561,4.883823557880109],[114.9466661803357,4.883341687392222],[114.94720497645119,4.882796091096481],[114.94952294725576,4.882600861528566],[114.94940629471141,4.883017526183191]]]},"properties":{"id":123,"name":"Kg. Saba Tengah","mukim":"MUKIM SABA","area":38300.78515625,"district":"Brunei-Muara","mukimDisplayName":"Saba"},"id":123},{"type":"Feature","geometry":{"type":"Polygon","coordinates":[[[114.94940629471141,4.883017526183191],[114.94906620568817,4.8836827949712776],[114.94800605785622,4.884757770236296],[114.94733548096464,4.883336663120702],[114.94810152464414,4.883089835262159],[114.94940629471141,4.883017526183191]]]},"properties":{"id":124,"name":"Kg. Saba ujong","mukim":"MUKIM SABA","area":24080.939453125,"district":"Brunei-Muara","mukimDisplayName":"Saba"},"id":124},{"type":"Feature","geometry":{"type":"Polygon","coordinates":[[[114.93663127183349,4.882185990747951],[114.93691250735287,4.882463941365061],[114.93786636636551,4.883340574054869],[114.93821744614485,4.883597158864789],[114.93743596154064,4.885639148180614],[114.93674497689325,4.887686768475278],[114.93625407182986,4.887426114152691],[114.93639190315227,4.8868202909191885],[114.93551187217831,4.886336361316258],[114.93482741755739,4.885679421697788],[114.93434279653974,4.884762444750385],[114.9353455664252,4.8837588433084775],[114.93663127183349,4.882185990747951]]]},"properties":{"id":105,"name":"Kg. Pengiran Bendahara Lama","mukim":"MUKIM TAMOI","area":128836.5234375,"district":"Brunei-Muara","mukimDisplayName":"Tamoi"},"id":105},{"type":"Feature","geometry":{"type":"Polygon","coordinates":[[[114.93663127183349,4.882185990747951],[114.9353455664252,4.8837588433084775],[114.93434279653974,4.884762444750385],[114.93339948920213,4.883978826634272],[114.93411254354537,4.883246576841999],[114.93518817804402,4.882755789660984],[114.93623008132518,4.881731457420048],[114.93663127183349,4.882185990747951]]]},"properties":{"id":106,"name":"Kg. Pengiran Kerma Indera Lama","mukim":"MUKIM TAMOI","area":39476.5859375,"district":"Brunei-Muara","mukimDisplayName":"Tamoi"},"id":106},{"type":"Feature","geometry":{"type":"Polygon","coordinates":[[[114.94007159020947,4.884570902175028],[114.94058224883412,4.884801176980646],[114.9402961184137,4.885765139179506],[114.93974930075525,4.886466491721867],[114.93926395834747,4.8861618565632465],[114.93951115359611,4.885674907534607],[114.94007159020947,4.884570902175028]]]},"properties":{"id":107,"name":"Kg. Pengiran Pemancha Lama","mukim":"MUKIM SUNGAI KEDAYAN","area":14146.6689453125,"district":"Brunei-Muara","mukimDisplayName":"Sungai Kedayan"},"id":107},{"type":"Feature","geometry":{"type":"Polygon","coordinates":[[[114.94021983666221,4.8815866970667505],[114.94045042024773,4.881901589005916],[114.9395160467735,4.88432878657947],[114.93921252766856,4.88417268057697],[114.93880933322816,4.883965273880292],[114.93988987328319,4.8820620647028505],[114.94021983666221,4.8815866970667505]]]},"properties":{"id":108,"name":"Kg. Pengiran Setia Negara","mukim":"MUKIM BURONG PINGAI AYER","area":20968.1953125,"district":"Brunei-Muara","mukimDisplayName":"Burong Pingai Ayer"},"id":108},{"type":"Feature","geometry":{"type":"Polygon","coordinates":[[[114.95910463421771,4.941183911846637],[114.95932077788676,4.944597954026671],[114.95958610013903,4.947476372271755],[114.95900314426937,4.947374612636212],[114.95673086957841,4.9464956070158514],[114.953912406042,4.9459352227597195],[114.94519528572005,4.944353171629152],[114.9431610115417,4.943528447910917],[114.9435120367885,4.942066948893299],[114.94469917824561,4.942228213903972],[114.95174969785631,4.943442839746161],[114.95201691812666,4.94161035663607],[114.95239964651091,4.941666596743031],[114.95277473642224,4.939837054677134],[114.95559551763976,4.940312816877746],[114.95696980245638,4.9410690588344615],[114.9581751758239,4.9413219280287635],[114.95910463421771,4.941183911846637]]]},"properties":{"id":109,"name":"Kg. Pengiran Siraja Muda Delima Satu","mukim":"MUKIM BERAKAS A","area":729585.75,"district":"Brunei-Muara","mukimDisplayName":"Berakas A"},"id":109},{"type":"Feature","geometry":{"type":"Polygon","coordinates":[[[114.93623008132518,4.881731457420048],[114.93518817804402,4.882755789660984],[114.93411254354537,4.883246576841999],[114.93339948920213,4.883978826634272],[114.93296839940902,4.883502257397959],[114.93336704444357,4.882627521842189],[114.93542334510616,4.880826505047871],[114.93623008132518,4.881731457420048]]]},"properties":{"id":110,"name":"Kg. Pengiran Tajuddin Hitam","mukim":"MUKIM TAMOI","area":46234.109375,"district":"Brunei-Muara","mukimDisplayName":"Tamoi"},"id":110},{"type":"Feature","geometry":{"type":"Polygon","coordinates":[[[114.86110518762567,4.917892077480955],[114.8589483202689,4.926342306881543],[114.8589373345615,4.926627212510219],[114.85896182592894,4.926903534121519],[114.85936519625491,4.927993767098075],[114.86048324001762,4.928548287968523],[114.86056869506031,4.929045992001724],[114.8617774706063,4.930543029063726],[114.86242638729095,4.930821993777427],[114.86295379522821,4.930607321066137],[114.86329857741369,4.930758895078969],[114.86334012316271,4.931272557138644],[114.86327117244221,4.93153917190294],[114.8631657455436,4.931946826841214],[114.86301039972592,4.932200509546153],[114.863063085409,4.93236732249413],[114.86306729284078,4.93238064548573],[114.86335199241863,4.932604749683992],[114.86379782876371,4.933192936037128],[114.8637067583792,4.9331956626515945],[114.86357010456913,4.933199754506729],[114.86340746014396,4.933204623590475],[114.86283254709531,4.933221836318049],[114.86283324549761,4.933455740645498],[114.86283387073306,4.933665174194972],[114.8628359451804,4.934360267240585],[114.86283857922112,4.935242572905822],[114.86285261319637,4.939944262854708],[114.86287501401682,4.947450574774566],[114.86387090448028,4.947475281558667],[114.86382504372841,4.947560328316936],[114.8637571215167,4.947686287438248],[114.86371268385645,4.947768695521714],[114.86370663269538,4.947779917752049],[114.8634737345165,4.948211816423944],[114.86321032548778,4.94870029347493],[114.86261347910055,4.9498071118273845],[114.8602065295203,4.954270620166013],[114.85552539712963,4.962951223889039],[114.85309415632429,4.96165678802333],[114.85133774442762,4.960306230666902],[114.84988142691098,4.958845978395091],[114.84633158585433,4.954906327950143],[114.84450725300879,4.953154241111566],[114.8415628999557,4.950777794051916],[114.84149580901415,4.94784042270029],[114.84105732305515,4.943473031927467],[114.8412028969055,4.9419075691343135],[114.84248121561826,4.9368069462358966],[114.84249527812278,4.935919771848314],[114.84085586512946,4.931781909987233],[114.84036110028433,4.930954832790425],[114.83879459321733,4.92889230394081],[114.83844126375156,4.927922532250509],[114.8374755476347,4.923029429288464],[114.8372046647338,4.9212698207332854],[114.841845483106,4.919963722873255],[114.84766022286277,4.918380025535012],[114.8478428809909,4.917740920471653],[114.84905637470678,4.918088725164555],[114.84984342774722,4.918313255345535],[114.85020766854113,4.917088239324195],[114.8506610837527,4.917208329977131],[114.85082981492737,4.916046481944846],[114.85687658945687,4.916804916447807],[114.85643731024999,4.918255617986235],[114.85746124070698,4.9182527791767345],[114.86110518762567,4.917892077480955]]]},"properties":{"id":111,"name":"Kg. Peninjau","mukim":"MUKIM SENGKURONG","area":10187345,"district":"Brunei-Muara","mukimDisplayName":"Sengkurong"},"id":111},{"type":"Feature","geometry":{"type":"Polygon","coordinates":[[[114.94462691551584,4.882178518374767],[114.94414012378509,4.882195115655455],[114.94377809033764,4.883511233014399],[114.94329396338578,4.8835296843614255],[114.94221946124645,4.883137253276998],[114.94258195760357,4.882305599547948],[114.94127574889009,4.882012543948085],[114.94154755288906,4.880431807818487],[114.94367832149315,4.880643916604155],[114.9445873216015,4.880477697087136],[114.94462691551584,4.882178518374767]]]},"properties":{"id":112,"name":"Kg. Peramu","mukim":"MUKIM PERAMU","area":87720.84375,"district":"Brunei-Muara","mukimDisplayName":"Peramu"},"id":112},{"type":"Feature","geometry":{"type":"Polygon","coordinates":[[[114.95839972386811,4.873509522726246],[114.95777306012145,4.874461584560922],[114.95648857974844,4.873857790673209],[114.95579090001519,4.875219823775052],[114.9550025234272,4.875683506309248],[114.95549296813917,4.876309356467511],[114.95616748828061,4.8762814691080925],[114.95640343915682,4.877033624371624],[114.95589601203683,4.878022164556472],[114.9554247992648,4.8793938548181215],[114.95512390759393,4.879293678859721],[114.95534741698349,4.878771619324849],[114.95430863295266,4.877955430789829],[114.9535594512812,4.877931408324395],[114.95412362620297,4.876809127832808],[114.95462073398033,4.874944485535778],[114.95505124377345,4.8750300526841],[114.9548156761139,4.873618145560676],[114.95488275739913,4.872896248428562],[114.95422510389868,4.872868725855242],[114.95417219128144,4.8723752861986425],[114.95484092439435,4.872113277187769],[114.95612121272741,4.872108418473891],[114.9575532951808,4.872695605298661],[114.95839972386811,4.873509522726246]]]},"properties":{"id":113,"name":"Kg. Pintu Malim","mukim":"MUKIM KOTA BATU","area":153283.34375,"district":"Brunei-Muara","mukimDisplayName":"Kota Batu"},"id":113},{"type":"Feature","geometry":{"type":"Polygon","coordinates":[[[115.01568108536233,4.896872544046408],[115.01094138235199,4.900548173180126],[115.01439257283488,4.904634524446143],[115.0110169377995,4.907467003604494],[115.01027714247044,4.908826375788936],[115.00920884666962,4.907123675680902],[115.00814932484438,4.904269950601941],[115.0061783270506,4.902015573881199],[115.00505787097245,4.90123469520682],[115.00438775672285,4.899702104429346],[115.00299354388162,4.898973374940132],[115.00165450952198,4.89716110956326],[115.00089866109647,4.896938240523155],[115.00011441554744,4.895977303997273],[114.99937266946671,4.895650836789065],[114.99848075125021,4.895679908397575],[114.99735387688476,4.895116632031864],[114.99660725676769,4.895414921999199],[114.99542224538939,4.895170442815854],[114.99534223218171,4.895472217688965],[114.99414287093771,4.895565657342763],[114.99326227575574,4.8966387902391935],[114.99274138806851,4.896068335145682],[114.99173606696154,4.895905757819624],[114.98962450532434,4.8948868982569556],[114.98770317028844,4.893830803304432],[114.98672137787604,4.8928646043500725],[114.98456357502924,4.891472732742403],[114.98297519055686,4.88971512979427],[114.98157504610661,4.886828714969205],[114.98056024413752,4.885090435778039],[114.98235146194833,4.880543890082691],[114.98227390197958,4.878640415578965],[114.98375570368918,4.877125969400925],[114.99253708960407,4.884261354030957],[114.99400559621758,4.885672039787848],[114.99750015037884,4.882565080476319],[115.00045481168631,4.88511957990761],[115.00264430936716,4.88686139320347],[115.00589018892572,4.889113243651244],[115.00629469458711,4.889659826197946],[115.00750958592106,4.8904269254618535],[115.00840943090135,4.8913462897940825],[115.01052294871333,4.893015207630238],[115.01232619535861,4.894833929315448],[115.01311649903137,4.895484721383929],[115.01568108536233,4.896872544046408]]]},"properties":{"id":114,"name":"Kg. Pudak","mukim":"MUKIM KOTA BATU","area":4809036,"district":"Brunei-Muara","mukimDisplayName":"Kota Batu"},"id":114},{"type":"Feature","geometry":{"type":"Polygon","coordinates":[[[115.0805034025381,4.688040085774368],[115.08183729642566,4.692418146003751],[115.07312672181315,4.695723145133452],[115.068996078803,4.699027216816016],[115.06539708170276,4.69588162868925],[115.0690914452879,4.6927905077276835],[115.07016486652365,4.6910797550239804],[115.07111727136576,4.69043120009685],[115.07182339906605,4.690616243560014],[115.07332091909254,4.691673088141872],[115.0805034025381,4.688040085774368]]]},"properties":{"id":201,"name":"Kg. Subok","mukim":"MUKIM BANGAR","area":890189.125,"district":"Temburong","mukimDisplayName":"Bangar"},"id":201},{"type":"Feature","geometry":{"type":"Polygon","coordinates":[[[115.0805034025381,4.688040085774368],[115.07332091909254,4.691673088141872],[115.07182339906605,4.690616243560014],[115.07111727136576,4.69043120009685],[115.07016486652365,4.6910797550239804],[115.0690914452879,4.6927905077276835],[115.06539708170276,4.69588162868925],[115.06179805621923,4.692746640528352],[115.05725953025741,4.688793221620337],[115.06325522113207,4.6845733360821065],[115.06730397866546,4.684321302636776],[115.06786464787241,4.683089996000725],[115.06835828528956,4.68289353550927],[115.06955942681415,4.683119821344641],[115.07054986083969,4.6835561506069645],[115.07201816073962,4.68463490641608],[115.07990082355265,4.685721960779658],[115.0805034025381,4.688040085774368]]]},"properties":{"id":202,"name":"Kg. Kinalong","mukim":"MUKIM BANGAR","area":1858142.875,"district":"Temburong","mukimDisplayName":"Bangar"},"id":202},{"type":"Feature","geometry":{"type":"Polygon","coordinates":[[[115.03935214683328,4.692214699009842],[115.03867036501063,4.692270055277271],[115.0361631026473,4.6938165563506535],[115.03390319951752,4.694253426004167],[115.0335395023899,4.693788203167299],[115.0337626070584,4.692674680479765],[115.03486041813727,4.692051307681638],[115.03555107838267,4.690627767275267],[115.03600739657752,4.687738926232458],[115.03702088361796,4.684844963604454],[115.04175318796959,4.684356504772207],[115.04168991568119,4.685380121843515],[115.04108944490561,4.686096715229011],[115.04083414131993,4.6872231142800524],[115.04105147404503,4.68824796544655],[115.04165358352692,4.689799045378343],[115.04094996942231,4.690093518932406],[115.03974491465547,4.691069644505365],[115.03935214683328,4.692214699009842]]]},"properties":{"id":203,"name":"Kg. Ujong Jalan","mukim":"MUKIM BANGAR","area":544208.0625,"district":"Temburong","mukimDisplayName":"Bangar"},"id":203},{"type":"Feature","geometry":{"type":"Polygon","coordinates":[[[115.07054986083969,4.6835561506069645],[115.06955942681415,4.683119821344641],[115.06835828528956,4.68289353550927],[115.06786464787241,4.683089996000725],[115.06730397866546,4.684321302636776],[115.06325522113207,4.6845733360821065],[115.05725953025741,4.688793221620337],[115.05053986643168,4.682939920854134],[115.05066091395514,4.676345170207717],[115.053751606031,4.672025739748032],[115.0591624212619,4.674749878154813],[115.06616006841867,4.674726813952135],[115.06769010336947,4.678061995371145],[115.06817422971828,4.67907455670338],[115.06871773791393,4.678912960882832],[115.07052271512629,4.679480770139797],[115.07275753588546,4.679493908667712],[115.07186846806057,4.680123257912329],[115.07177442089365,4.681100978647782],[115.0720372055862,4.68251537892501],[115.07149646565102,4.683182966550862],[115.07054986083969,4.6835561506069645]]]},"properties":{"id":204,"name":"Kg. Bang Bulan","mukim":"MUKIM BANGAR","area":2603844.5,"district":"Temburong","mukimDisplayName":"Bangar"},"id":204},{"type":"Feature","geometry":{"type":"Polygon","coordinates":[[[115.07936975126766,4.678588037931146],[115.08230067340365,4.6822511887509295],[115.07990082355265,4.685721960779658],[115.07201816073962,4.68463490641608],[115.07054986083969,4.6835561506069645],[115.07149646565102,4.683182966550862],[115.0720372055862,4.68251537892501],[115.07177442089365,4.681100978647782],[115.07186846806057,4.680123257912329],[115.07275753588546,4.679493908667712],[115.07052271512629,4.679480770139797],[115.06871773791393,4.678912960882832],[115.06817422971828,4.67907455670338],[115.06769010336947,4.678061995371145],[115.06955890536437,4.675100701847813],[115.07073474333211,4.67502896335776],[115.07074831556143,4.675466582193931],[115.07271614064231,4.675290739840482],[115.07351674786608,4.675504974069944],[115.07415016009418,4.6776661671655235],[115.07473690838313,4.6779669182826735],[115.0747655991461,4.678650451494514],[115.07552698853581,4.678991189098575],[115.07703889611022,4.679026941700518],[115.07936975126766,4.678588037931146]]]},"properties":{"id":205,"name":"Kg. Piungan","mukim":"MUKIM BANGAR","area":989756.5625,"district":"Temburong","mukimDisplayName":"Bangar"},"id":205},{"type":"Feature","geometry":{"type":"Polygon","coordinates":[[[115.06914995339005,4.665545687448353],[115.07689873693782,4.671752082084043],[115.07786124752016,4.671318725471429],[115.07870229533661,4.672492818179851],[115.07986194082171,4.6744380020012875],[115.08071676778376,4.676200770628592],[115.08497468616092,4.678383809708989],[115.08230067340365,4.6822511887509295],[115.07936975126766,4.678588037931146],[115.07741708458296,4.675803029479896],[115.07628816581081,4.676997262653154],[115.07578012928911,4.6761244035714045],[115.07351674786608,4.675504974069944],[115.07271614064231,4.675290739840482],[115.07074831556143,4.675466582193931],[115.07073474333211,4.67502896335776],[115.06955890536437,4.675100701847813],[115.06769010336947,4.678061995371145],[115.06616006841867,4.674726813952135],[115.0591624212619,4.674749878154813],[115.053751606031,4.672025739748032],[115.05495624316768,4.67034210055884],[115.05690002524938,4.667625269286611],[115.06236135348462,4.66813750529237],[115.06612485764026,4.668531799585119],[115.06914995339005,4.665545687448353]]]},"properties":{"id":206,"name":"Kg. Belingos","mukim":"MUKIM BANGAR","area":2277066.5,"district":"Temburong","mukimDisplayName":"Bangar"},"id":206},{"type":"Feature","geometry":{"type":"Polygon","coordinates":[[[115.07351674786608,4.675504974069944],[115.07578012928911,4.6761244035714045],[115.07628816581081,4.676997262653154],[115.07741708458296,4.675803029479896],[115.07936975126766,4.678588037931146],[115.07703889611022,4.679026941700518],[115.07552698853581,4.678991189098575],[115.0747655991461,4.678650451494514],[115.07473690838313,4.6779669182826735],[115.07415016009418,4.6776661671655235],[115.07351674786608,4.675504974069944]]]},"properties":{"id":207,"name":"Kg. Lagau","mukim":"MUKIM BANGAR","area":149542.109375,"district":"Temburong","mukimDisplayName":"Bangar"},"id":207},{"type":"Feature","geometry":{"type":"Polygon","coordinates":[[[115.10557796106694,4.745218128340134],[115.1015692823422,4.761734828571588],[115.0946017562379,4.766059747847993],[115.09381698617219,4.764359431161368],[115.0928506041034,4.763030410726138],[115.09163448497455,4.762069371198106],[115.08699304720356,4.7592629704705685],[115.08616409776731,4.758384558986397],[115.08572144457645,4.75732653363547],[115.08584418468374,4.756497411780143],[115.0866977898885,4.755340672267996],[115.08744922018145,4.754908086152476],[115.08877649350856,4.7547043661293324],[115.09031594243442,4.755423065933817],[115.09171793865495,4.755680653157883],[115.09254297049925,4.755373698655357],[115.09296879780652,4.754501607315055],[115.0928305090028,4.753788742902704],[115.09233684932475,4.7531190218375],[115.09058769104199,4.752222694315741],[115.08845193535142,4.751411566174232],[115.08743474705292,4.750523291347349],[115.08735951221274,4.749904625505071],[115.08775355667632,4.748906761111389],[115.08852658061585,4.748683902093033],[115.0927657751243,4.748707266032801],[115.0939652477546,4.7485127797148285],[115.09523764926539,4.747704927849823],[115.0970014308053,4.746723876315539],[115.09769964797046,4.747478686936288],[115.10017438946768,4.745835698844201],[115.10190569646635,4.745021744979202],[115.1033467298307,4.743651970575529],[115.10379067397996,4.742904024009859],[115.10366135279139,4.742371268911468],[115.10297639569158,4.742107549454646],[115.10149160051306,4.741951969194477],[115.10015226075292,4.741454140170285],[115.09779111584687,4.73972618473109],[115.09746926658963,4.7391291977881504],[115.09707027244518,4.7371904770570765],[115.09743018055279,4.736109849845922],[115.09865187392411,4.736222468413883],[115.10135124074019,4.739101656978433],[115.10256173981861,4.740220798264077],[115.10345000328302,4.740626259917262],[115.10408782033265,4.740211915997196],[115.1042307241864,4.739296247208435],[115.10359867487996,4.73801743144029],[115.10298955857347,4.73631597654015],[115.1028165833776,4.73535891675606],[115.10354214015705,4.734122612168165],[115.10495539336499,4.735231223086492],[115.1062750751666,4.735545321437355],[115.10672279525801,4.734940694094219],[115.10636129965789,4.733873769963583],[115.10652138697849,4.732943294464156],[115.10622980436592,4.732281214501109],[115.1071458074038,4.730358265909793],[115.10675428639493,4.728653970311679],[115.10605349355932,4.727781103841945],[115.10516104360777,4.727597883733657],[115.10464421722344,4.72811987147009],[115.10492942423586,4.730789764640472],[115.10451055323693,4.731622615558624],[115.10386439869986,4.731667585862179],[115.10209870298473,4.7306145623709295],[115.1011626429924,4.730466860695484],[115.09980792971426,4.729698280003706],[115.0989010622491,4.728873298309116],[115.09797940768662,4.729194448332773],[115.09737760111965,4.728935351168565],[115.097257811051,4.727970953519072],[115.0968183968044,4.726995098930809],[115.09667483190844,4.725339206593213],[115.09711564398452,4.724558098688394],[115.09826027340554,4.723358154587369],[115.09883507147683,4.7232431616943344],[115.099135174571,4.723845074945483],[115.09900764305696,4.725340916055415],[115.09984670768219,4.728239462276633],[115.10051785341307,4.728416902502613],[115.1009849663394,4.728011816728653],[115.10124656165533,4.726990261814641],[115.10186638629607,4.725549744220999],[115.10300248920251,4.723435065629683],[115.10388127031545,4.72243349069786],[115.10529425964859,4.721428028566403],[115.10561311442386,4.72071333510854],[115.10550563834259,4.720133586758171],[115.10471037997887,4.719377202781166],[115.10505641729283,4.718660156254894],[115.10586471283607,4.718405838364332],[115.10666976392643,4.71859778487479],[115.10725325637844,4.719042082171452],[115.10779718446612,4.720393257935518],[115.10837468642568,4.720457786104597],[115.1086421700477,4.719787511356156],[115.11029634846344,4.720232808458847],[115.11112469419939,4.720285421046288],[115.11173312066218,4.720615733829231],[115.11241389006473,4.722051216477386],[115.11328571488407,4.722399594012129],[115.11265914184212,4.723227740458954],[115.11524073151665,4.724194940919005],[115.11431110415452,4.726227270054667],[115.11463714731973,4.727507960215693],[115.11339008173789,4.728153039974265],[115.11208913395139,4.728037127855903],[115.10557796106694,4.745218128340134]]]},"properties":{"id":208,"name":"Kg. Luagan","mukim":"MUKIM BATU APOI","area":5396177,"district":"Temburong","mukimDisplayName":"Batu Apoi"},"id":208},{"type":"Feature","geometry":{"type":"Polygon","coordinates":[[[115.15112871317659,4.727405940296786],[115.14468516570425,4.722698837278036],[115.13936851780117,4.729441206234941],[115.13915001652121,4.732977599864293],[115.13966904351396,4.748785913514465],[115.1384971915879,4.7510905827187555],[115.13758356339254,4.752342903678822],[115.13628098163991,4.754714063045945],[115.13542840072864,4.754519669386743],[115.13496733298098,4.753798266582862],[115.13319493456474,4.753015153799867],[115.13286559291139,4.752424439209363],[115.13278619977457,4.748414180710795],[115.13252045012004,4.747296992789437],[115.13199413113965,4.74677308000694],[115.13127328420308,4.74670994431316],[115.12995256165168,4.747440829204016],[115.13159279309606,4.732361304130779],[115.13336373952603,4.732055903324786],[115.13353609221436,4.730738543648907],[115.13329023229363,4.729523292657322],[115.13334186695238,4.728658942689357],[115.13552010939664,4.717259205420946],[115.13631250314852,4.716707863435732],[115.14618797205107,4.709839269401848],[115.1574998254252,4.709847211617702],[115.15756050753858,4.719177099403505],[115.15634364221178,4.719376836935611],[115.15532271002732,4.719868711600116],[115.15388806374139,4.7214758506667325],[115.15312159412602,4.722574512568523],[115.15270387099605,4.723671136274553],[115.15165196266172,4.725666715421564],[115.15112871317659,4.727405940296786]]]},"properties":{"id":209,"name":"Kg. Negalang Unat","mukim":"MUKIM BATU APOI","area":6045637.5,"district":"Temburong","mukimDisplayName":"Batu Apoi"},"id":209},{"type":"Feature","geometry":{"type":"Polygon","coordinates":[[[115.15112871317659,4.727405940296786],[115.15037749191158,4.728326950254775],[115.14988584413909,4.72939103588627],[115.14982045202187,4.730213718594055],[115.15124131748664,4.731185371244955],[115.15100569167817,4.732316984373795],[115.15141841579948,4.733069640748143],[115.15034677544303,4.733901966712042],[115.14942216357699,4.733727338282323],[115.14834417780766,4.733182989329177],[115.14750912236576,4.733665452622153],[115.14770300355318,4.735018033724432],[115.14764633487029,4.73625530480735],[115.14725396276027,4.737188758423465],[115.14766726895343,4.7381149476410345],[115.14727485293234,4.738869213261475],[115.14724680239419,4.739571930261591],[115.146470203191,4.73968140477643],[115.14576883269125,4.739377982448662],[115.14559072080809,4.740692824569563],[115.14425104909303,4.740743162289809],[115.14420690532828,4.74118591307579],[115.14535196243584,4.742068352299311],[115.14565781209959,4.742541003508705],[115.14646572210548,4.742858761121049],[115.14709206393603,4.743467680776475],[115.14750862933919,4.745024693474647],[115.14820898550029,4.746693791901871],[115.14804384979368,4.747512852203832],[115.14828424191766,4.749455971500267],[115.14785497089679,4.750143095829149],[115.14650207791173,4.750954320862909],[115.14533924277914,4.751319474918729],[115.14463376270942,4.75197135598729],[115.14326089187321,4.7538781223743865],[115.14256448134631,4.7537120379092785],[115.14279821785152,4.752013764397138],[115.14253307223022,4.75158167408643],[115.14171742228663,4.751644361152909],[115.14190537400586,4.750404104107701],[115.14165177725351,4.749887749153341],[115.13966904351396,4.748785913514465],[115.13915001652121,4.732977599864293],[115.13936851780117,4.729441206234941],[115.14468516570425,4.722698837278036],[115.15112871317659,4.727405940296786]]]},"properties":{"id":210,"name":"Kg. Lakiun","mukim":"MUKIM BATU APOI","area":2810140.75,"district":"Temburong","mukimDisplayName":"Batu Apoi"},"id":210},{"type":"Feature","geometry":{"type":"Polygon","coordinates":[[[114.84905637470678,4.918088725164555],[114.8478428809909,4.917740920471653],[114.84766022286277,4.918380025535012],[114.841845483106,4.919963722873255],[114.84069285784248,4.913045785226222],[114.84188790433298,4.907751793910608],[114.84218675776744,4.906938504371615],[114.84230873456572,4.905525805718508],[114.84300807953981,4.904095677516335],[114.84312827028059,4.902677789175627],[114.84370356885454,4.901908840306911],[114.8450187578733,4.8985600411389285],[114.84665708071245,4.8993233314824804],[114.84712327359249,4.899390234953839],[114.84714096268283,4.900228651719481],[114.84786008220397,4.901366195782779],[114.8482930005797,4.904484892945315],[114.84732467270065,4.904614995148107],[114.84766419481073,4.907841016039702],[114.84716908437521,4.908175341263744],[114.84633510321294,4.9096999038521725],[114.84689283426167,4.910189152336988],[114.84714861459616,4.911703521854843],[114.84806184462262,4.912193456303831],[114.84767880973992,4.913350010936721],[114.84900874615548,4.9141775594065065],[114.84990149441639,4.91411264311037],[114.84941301371707,4.916878262660124],[114.84905637470678,4.918088725164555]]]},"properties":{"id":154,"name":"Kg. Tagap","mukim":"MUKIM SENGKURONG","area":1433425,"district":"Brunei-Muara","mukimDisplayName":"Sengkurong"},"id":154},{"type":"Feature","geometry":{"type":"Polygon","coordinates":[[[114.93542334510616,4.880826505047871],[114.93336704444357,4.882627521842189],[114.93247287435057,4.882161364164106],[114.93173192519875,4.881273417968329],[114.93133539850395,4.880057928281687],[114.93204078577624,4.879712977419397],[114.93357168581852,4.878605941535551],[114.9344521194303,4.879668323108364],[114.93542334510616,4.880826505047871]]]},"properties":{"id":155,"name":"Kg. Tamoi Tengah","mukim":"MUKIM TAMOI","area":109615.578125,"district":"Brunei-Muara","mukimDisplayName":"Tamoi"},"id":155},{"type":"Feature","geometry":{"type":"Polygon","coordinates":[[[114.93357168581852,4.878605941535551],[114.93204078577624,4.879712977419397],[114.93133539850395,4.880057928281687],[114.9297580381526,4.878936642843006],[114.92966981142963,4.878649776143141],[114.92995010916478,4.878358928911398],[114.92890650459756,4.87672186704993],[114.93065778414828,4.8751433788734575],[114.93357168581852,4.878605941535551]]]},"properties":{"id":156,"name":"Kg. Tamoi Ujong","mukim":"MUKIM TAMOI","area":144476.4375,"district":"Brunei-Muara","mukimDisplayName":"Tamoi"},"id":156},{"type":"Feature","geometry":{"type":"Polygon","coordinates":[[[114.86836879511704,4.89496962433518],[114.86647273522956,4.896757882051553],[114.86471732987148,4.903719407003444],[114.85836603936919,4.900703682758421],[114.85652940006678,4.90077223851538],[114.85281964554083,4.901309968211936],[114.8522634593517,4.900746820572725],[114.85136876632416,4.9010011796208985],[114.85123159418482,4.900179885775645],[114.85128057700534,4.897878008736723],[114.85074350687805,4.897489046187374],[114.84963022015462,4.897759161768731],[114.84966187239021,4.897223235905442],[114.84873402041981,4.894552866925251],[114.85093050320114,4.89512869952608],[114.85237377299163,4.895047293561185],[114.85233049680906,4.893981625841019],[114.85183696123771,4.89319213911857],[114.85252084024086,4.891695296544001],[114.85123052493829,4.889877368387731],[114.85141882859875,4.889041982364198],[114.85209525559779,4.887839660800061],[114.85335739578794,4.885469028425799],[114.85323939522637,4.884068749551086],[114.8547014632612,4.884078488172938],[114.85535128726761,4.883772468816361],[114.85841447721299,4.885679351970348],[114.85873417093933,4.885363020377024],[114.86030657333146,4.8858025593833165],[114.86298477175329,4.885136752957828],[114.86385560342625,4.884293460140939],[114.86496235591694,4.884823484252568],[114.8642803147064,4.886599614600782],[114.86477862239556,4.88725605694711],[114.86453474629329,4.887787589685796],[114.8640681296907,4.889827510443663],[114.86425480938634,4.892420742051004],[114.86836879511704,4.89496962433518]]]},"properties":{"id":158,"name":"Kg. Tanjong Bunut","mukim":"MUKIM KILANAS","area":2844965.75,"district":"Brunei-Muara","mukimDisplayName":"Kilanas"},"id":158},{"type":"Feature","geometry":{"type":"Polygon","coordinates":[[[115.01568108536233,4.896872544046408],[115.01616348436127,4.8973787618935045],[115.01687867442419,4.89743298888661],[115.01776989895357,4.8978630545753905],[115.01935557275824,4.8989944973740895],[115.02007921740541,4.899210307686612],[115.02177475205758,4.9004080461274935],[115.02206532374606,4.9003969829108724],[115.02500228086221,4.9022420556571475],[115.02469704064224,4.90451611045085],[115.02389788693976,4.907728239668673],[115.02387886679793,4.909477372283015],[115.02357025679493,4.910249348944257],[115.02319998570562,4.91257669718225],[115.0225527287075,4.915585748516736],[115.02216408360755,4.916767845433241],[115.02119714595602,4.918524633659189],[115.02078708913571,4.919804651598177],[115.02063349238219,4.9211763629370315],[115.01975942324324,4.921242747224657],[115.01869650536716,4.920902225812363],[115.01719749114802,4.919305021353378],[115.01691032692412,4.918407805055536],[115.01648912868588,4.917920881294878],[115.01491632290596,4.915234587164244],[115.01405022232912,4.9134972485128925],[115.01313955323748,4.912459136011666],[115.01258793528098,4.910854274925943],[115.01150083923525,4.9105607575918535],[115.01121605369244,4.909954107562399],[115.01027714247044,4.908826375788936],[115.0110169377995,4.907467003604494],[115.01439257283488,4.904634524446143],[115.01094138235199,4.900548173180126],[115.01568108536233,4.896872544046408]]]},"properties":{"id":159,"name":"Kg. Tanjong Kindana","mukim":"MUKIM KOTA BATU","area":2632063.25,"district":"Brunei-Muara","mukimDisplayName":"Kota Batu"},"id":159},{"type":"Feature","geometry":{"type":"Polygon","coordinates":[[[114.83810172896472,4.885210292564905],[114.83698119666525,4.884512643983603],[114.83610728195765,4.885681753282898],[114.83492446542213,4.88477292075323],[114.83325217737433,4.885918871917266],[114.83240776763775,4.886245773098215],[114.83389853096706,4.88725702936117],[114.8331363036868,4.887617832445565],[114.83240052626319,4.888760856980939],[114.83201251976769,4.8890370826583265],[114.82855314938,4.894201899214698],[114.82735274828235,4.8984616573384],[114.82665201508537,4.900328717170095],[114.82570845242101,4.900053792646547],[114.82281763248355,4.90004095059737],[114.80809136451042,4.900075148232822],[114.80799552595114,4.881235654291432],[114.81452348676613,4.877447987765296],[114.8156868727233,4.877266041679165],[114.8157080038927,4.87661126284007],[114.81729602657919,4.875581441320317],[114.81728116501307,4.8722460897767945],[114.81853940018081,4.871455009520499],[114.81995532718562,4.871975354069907],[114.8206334400208,4.871312352667777],[114.82010616155527,4.870438465904981],[114.82128006768167,4.869983262991961],[114.82155422014638,4.870125143838754],[114.82227636212257,4.869853912521563],[114.82525957082848,4.865908911789246],[114.82492193933342,4.864291618926843],[114.82589536507372,4.864249537714139],[114.82677056684847,4.864195905348173],[114.82906090245832,4.863674553170392],[114.82959115848575,4.866017015353279],[114.82968229763854,4.867599926177574],[114.83021894258403,4.868109635524423],[114.82970937628961,4.868569081358467],[114.83016256222338,4.869474139903296],[114.83174700485196,4.870578314420423],[114.83278489189885,4.871684735898722],[114.83391991237934,4.87315919833542],[114.83483415389988,4.873367985315824],[114.83772008644642,4.87430502079826],[114.8375530854084,4.875183012061745],[114.83674549219838,4.87729784650809],[114.83757370835035,4.878251148604682],[114.83872606648085,4.878601102465645],[114.83863475289176,4.879652149819659],[114.83907662768561,4.881053210764499],[114.83954041847267,4.881810553604519],[114.83946013083525,4.88232481751641],[114.83855821425675,4.882567851937588],[114.83833754658772,4.883032939079831],[114.83893380720417,4.88340511532936],[114.83810172896472,4.885210292564905]]]},"properties":{"id":160,"name":"Kg. Tanjong Nangka","mukim":"MUKIM SENGKURONG","area":8744444,"district":"Brunei-Muara","mukimDisplayName":"Sengkurong"},"id":160},{"type":"Feature","geometry":{"type":"Polygon","coordinates":[[[114.94537834765498,4.877680560366855],[114.94540634792304,4.878579183766884],[114.94416306462536,4.877905268628109],[114.94322632443134,4.878225596565554],[114.94233229843618,4.876168622453357],[114.94303238291283,4.87513940843615],[114.94275283444289,4.874216118553325],[114.94298526380149,4.873208143698799],[114.94222920111322,4.871445268458945],[114.943359437659,4.86993426221014],[114.9434857511508,4.86850777631844],[114.94338907050755,4.866040256510888],[114.94648434902996,4.866583118974414],[114.94651985851827,4.868802958694749],[114.94612946457035,4.868777626392384],[114.94599527886977,4.869767434258926],[114.9461880905388,4.870615904462468],[114.94579090193967,4.8715982035579275],[114.94533728236739,4.871820114093912],[114.94527349729327,4.873304996321884],[114.9455639911923,4.874039081611334],[114.94548813287929,4.87478165845698],[114.94629168201773,4.875899996544008],[114.94666523232638,4.876293290415481],[114.94659416830523,4.8770064534814335],[114.94537834765498,4.877680560366855]]]},"properties":{"id":161,"name":"Kg. Tarap Bau","mukim":"MUKIM LUMAPAS","area":441285.21875,"district":"Brunei-Muara","mukimDisplayName":"Lumapas"},"id":161},{"type":"Feature","geometry":{"type":"Polygon","coordinates":[[[114.94262898298125,4.894070006209728],[114.94375387098317,4.895417597155728],[114.94460142913515,4.895635641689443],[114.95007680385412,4.898929888103144],[114.95122599084073,4.9000168912090425],[114.95208384523102,4.901127949957097],[114.95436865510989,4.902926659380134],[114.95502371837787,4.903333475635871],[114.96285489711123,4.914370542425907],[114.95221251933468,4.917008289638535],[114.95208430767113,4.914867384982794],[114.95175557819265,4.914180273142208],[114.95096812137547,4.913315485014097],[114.94968701532623,4.912376823767981],[114.94824751808603,4.911881702673554],[114.94633105605979,4.909951533964532],[114.94720162162747,4.906942743725279],[114.94540885115832,4.906071815044119],[114.94556718345625,4.90522907731734],[114.94445057501343,4.904184389482754],[114.94390792018058,4.904114272468713],[114.94408092156918,4.903231340333157],[114.9436167229885,4.9026674672728054],[114.94201802914348,4.903841470666278],[114.93997631423198,4.90119689257552],[114.93985061669984,4.900081194608831],[114.93988423864639,4.898439290544216],[114.94005085613522,4.897750082779466],[114.94109803716869,4.895900512118955],[114.94148294761081,4.895142612609439],[114.94262898298125,4.894070006209728]]]},"properties":{"id":162,"name":"Kg. Tasek Lama","mukim":"MUKIM KIANGGEH","area":2715541,"district":"Brunei-Muara","mukimDisplayName":"Kianggeh"},"id":162},{"type":"Feature","geometry":{"type":"Polygon","coordinates":[[[114.89476762662446,4.8617051938130675],[114.8934002446653,4.863454250260453],[114.89132117226109,4.865028548163599],[114.89166420393067,4.874086113364957],[114.88730111770789,4.874242682949611],[114.88713706669158,4.873635823927142],[114.8864387505625,4.872939559806969],[114.88548745629694,4.8726869141056515],[114.88453713791328,4.872945387277868],[114.88393430580642,4.873553632664175],[114.88254463261349,4.869153199358312],[114.88052929968963,4.860115612659816],[114.88052447516412,4.856157556667904],[114.878247670179,4.855980955336847],[114.87661104520015,4.855966163063864],[114.87649009143949,4.856221671490647],[114.87437548809149,4.856260700734488],[114.87238171062879,4.855149824844066],[114.87155630335283,4.855951183305974],[114.86996642161598,4.855411537798057],[114.87084865522584,4.854406154934559],[114.87282789557433,4.851490910745082],[114.87473676653892,4.849910951914881],[114.87606713949964,4.849552526924747],[114.8759563671142,4.8522207534365505],[114.87611811999818,4.853397037313645],[114.87660440184133,4.853908270379359],[114.87970010733434,4.8542340577941285],[114.88190702885403,4.854133525993095],[114.88425223321491,4.855042633508203],[114.88491756753946,4.855549885092529],[114.89476762662446,4.8617051938130675]]]},"properties":{"id":163,"name":"Kg. Tasek Meradun","mukim":"MUKIM KILANAS","area":2590148,"district":"Brunei-Muara","mukimDisplayName":"Kilanas"},"id":163},{"type":"Feature","geometry":{"type":"Polygon","coordinates":[[[114.90809295197393,4.879910061661835],[114.90650949466502,4.879663995292304],[114.90545094764624,4.880133561490028],[114.90498446721884,4.880725656165739],[114.90347851931011,4.879910684908166],[114.90286039918051,4.879373913245659],[114.90255132178393,4.878545664313308],[114.90263847935628,4.8770034469046575],[114.90204242030774,4.876865093701453],[114.90180143315995,4.875819021419429],[114.90108908952855,4.87487161437322],[114.90055906543571,4.874610677868477],[114.8991623171215,4.8752036508529635],[114.89852508411398,4.876164230970124],[114.89559277940742,4.878465771389953],[114.89478767810517,4.878148874981261],[114.89523371703459,4.877132358678057],[114.89545862056946,4.876038514176456],[114.89506025778219,4.87541478922851],[114.89387589225788,4.875516510150406],[114.89292517929813,4.874220550091292],[114.89166420393067,4.874086113364957],[114.89132117226109,4.865028548163599],[114.8934002446653,4.863454250260453],[114.89476762662446,4.8617051938130675],[114.89505258170728,4.861441057322553],[114.897038431609,4.863172320502702],[114.89828195163882,4.861560065702971],[114.89878520160246,4.860578027978091],[114.89938356838523,4.860014254174518],[114.89917597250798,4.859429524002284],[114.89941541903997,4.858559588258058],[114.90027184814446,4.858158473625516],[114.90062218464941,4.857602526708277],[114.89944902705172,4.8551301260670945],[114.89932944619864,4.853388126582034],[114.89829049070903,4.851832217618496],[114.89827774887631,4.851163585996217],[114.89806341929487,4.850357653729075],[114.89649455490672,4.849770649280071],[114.89594228193036,4.8493845889911436],[114.89557523829933,4.84838920260218],[114.89599496712339,4.84725179922371],[114.89765239846979,4.847943836940904],[114.90087137113646,4.8494712783641285],[114.90212131305998,4.850188481182055],[114.90358978968715,4.851408373268814],[114.90443336044552,4.852290071326254],[114.90703401357135,4.855628775798537],[114.90768663773964,4.856157344709366],[114.90945097454528,4.856546449407844],[114.91033262807137,4.856570946661405],[114.91149506339755,4.856298305896941],[114.91306270473726,4.85592381597731],[114.9143521523371,4.855974670462237],[114.91497183797806,4.856288161907911],[114.9160286674569,4.857293850529097],[114.91809330778779,4.860736272130472],[114.91834413815458,4.861165352609387],[114.92022530502727,4.863061558726967],[114.92148841075475,4.863918531061845],[114.91898678575228,4.864905084440008],[114.91769742110671,4.86575074181277],[114.91691442107744,4.866674996301814],[114.91582601418139,4.868949052065471],[114.91488345263633,4.869747238115083],[114.91361114121322,4.870149081783492],[114.91286913370433,4.871181309376412],[114.91193172285092,4.874277700665795],[114.90990970106941,4.88057760765158],[114.90809295197393,4.879910061661835]]]},"properties":{"id":164,"name":"Kg. Telanai","mukim":"MUKIM KILANAS","area":6250219.5,"district":"Brunei-Muara","mukimDisplayName":"Kilanas"},"id":164},{"type":"Feature","geometry":{"type":"Polygon","coordinates":[[[114.94154644107057,4.966935569178645],[114.94142278099288,4.967379743685515],[114.94012042298219,4.9694202843179305],[114.93966407473896,4.968740039039465],[114.93705509450123,4.97133156733941],[114.93615240178825,4.97186415740027],[114.93525407974998,4.972060242507053],[114.9340400244625,4.972032345389324],[114.93301312189647,4.972244958506858],[114.93007048428188,4.973975950688176],[114.92834341698378,4.971708534935934],[114.92728781640336,4.969868597058886],[114.92618254562228,4.967167237632614],[114.92485928842474,4.963870174075301],[114.9338412297407,4.958489988057404],[114.93961180733298,4.968003118854645],[114.94154644107057,4.966935569178645]]]},"properties":{"id":165,"name":"Kg. Terunjing","mukim":"MUKIM BERAKAS A","area":1662605.875,"district":"Brunei-Muara","mukimDisplayName":"Berakas A"},"id":165},{"type":"Feature","geometry":{"type":"Polygon","coordinates":[[[114.92966981142963,4.878649776143141],[114.92913398118412,4.879226436470898],[114.92985163346454,4.879860330291452],[114.92822767833003,4.881734204115214],[114.92742903725552,4.882035344414221],[114.92619199874198,4.881523953745356],[114.92460518926148,4.883093730629966],[114.92339756951688,4.88369690281809],[114.92387061093326,4.884084744487516],[114.9227274122375,4.885789344299527],[114.92229563096487,4.885086604238023],[114.92118820949013,4.888863438095514],[114.91952629215368,4.887897394296881],[114.91873467936458,4.886320378210219],[114.91796696742189,4.885266773285344],[114.91409751973713,4.883431689226829],[114.91300168395104,4.881460090624816],[114.91233825373781,4.880805841721575],[114.91169753096075,4.880582489989296],[114.90990970106941,4.88057760765158],[114.91193172285092,4.874277700665795],[114.91286913370433,4.871181309376412],[114.91361114121322,4.870149081783492],[114.91488345263633,4.869747238115083],[114.91582601418139,4.868949052065471],[114.91691442107744,4.866674996301814],[114.91769742110671,4.86575074181277],[114.91898678575228,4.864905084440008],[114.92148841075475,4.863918531061845],[114.92319020512299,4.864988895200326],[114.92590903251978,4.868286718717899],[114.93065778414828,4.8751433788734575],[114.92890650459756,4.87672186704993],[114.92995010916478,4.878358928911398],[114.92966981142963,4.878649776143141]]]},"properties":{"id":166,"name":"Kg. Tumasek","mukim":"MUKIM KIANGGEH","area":3592715.75,"district":"Brunei-Muara","mukimDisplayName":"Kianggeh"},"id":166},{"type":"Feature","geometry":{"type":"Polygon","coordinates":[[[114.93985061669984,4.900081194608831],[114.93997631423198,4.90119689257552],[114.94201802914348,4.903841470666278],[114.9436167229885,4.9026674672728054],[114.94408092156918,4.903231340333157],[114.94390792018058,4.904114272468713],[114.94445057501343,4.904184389482754],[114.94556718345625,4.90522907731734],[114.94540885115832,4.906071815044119],[114.94720162162747,4.906942743725279],[114.94633105605979,4.909951533964532],[114.94504742206995,4.908870460894583],[114.94317128120622,4.9081870102986045],[114.94326248510652,4.908872249477346],[114.9400940818266,4.907567810369759],[114.93800294589259,4.907536723602477],[114.93794304773667,4.906449086770027],[114.93665249554505,4.9058012915571085],[114.93669570831615,4.905098969176937],[114.93623648629813,4.9039749194289985],[114.93553777325364,4.903499565580858],[114.93596147838319,4.902378526312249],[114.93527039363211,4.901667712257984],[114.93609751988475,4.900798273475962],[114.93646824115815,4.900212481915532],[114.93985061669984,4.900081194608831]]]},"properties":{"id":167,"name":"Kg. Tungkadeh","mukim":"MUKIM KIANGGEH","area":707068.875,"district":"Brunei-Muara","mukimDisplayName":"Kianggeh"},"id":167},{"type":"Feature","geometry":{"type":"Polygon","coordinates":[[[114.93664052525173,4.88831208385846],[114.9363881963606,4.88956217285807],[114.93571388875432,4.88958289704021],[114.9341486259702,4.889050883313351],[114.93413803010331,4.888173675023385],[114.93503113981417,4.888132705847174],[114.93664052525173,4.88831208385846]]]},"properties":{"id":169,"name":"Kg. Ujong Bukit","mukim":"MUKIM TAMOI","area":36327.08984375,"district":"Brunei-Muara","mukimDisplayName":"Tamoi"},"id":169},{"type":"Feature","geometry":{"type":"Polygon","coordinates":[[[114.94940600889275,4.876537860200743],[114.94967027892973,4.879034236782219],[114.94748515599977,4.879270389260381],[114.94701692805035,4.879448109808798],[114.94691195228899,4.878300657481614],[114.9473962781706,4.876528657216563],[114.94940600889275,4.876537860200743]]]},"properties":{"id":170,"name":"Kg. Ujong Kelinik","mukim":"MUKIM SUNGAI KEBUN","area":78970.5546875,"district":"Brunei-Muara","mukimDisplayName":"Sungai Kebun"},"id":170},{"type":"Feature","geometry":{"type":"Polygon","coordinates":[[[114.93951115359611,4.885674907534607],[114.93926395834747,4.8861618565632465],[114.93906694071512,4.886549960035946],[114.93821512684794,4.886165737082723],[114.93743596154064,4.885639148180614],[114.93821744614485,4.883597158864789],[114.93880933322816,4.883965273880292],[114.93921252766856,4.88417268057697],[114.93882759916298,4.885578777535696],[114.93951115359611,4.885674907534607]]]},"properties":{"id":171,"name":"Kg. Ujong Tanjong","mukim":"MUKIM SUNGAI KEDAYAN","area":39652.9921875,"district":"Brunei-Muara","mukimDisplayName":"Sungai Kedayan"},"id":171},{"type":"Feature","geometry":{"type":"Polygon","coordinates":[[[114.81743404290272,4.798095185371918],[114.81678339784905,4.798102462486436],[114.81617144598772,4.798502241677933],[114.81075058078338,4.8000515447351955],[114.80995867222906,4.8003327681599295],[114.80894192748589,4.800318161375789],[114.80865225974763,4.799535515254616],[114.80903577355485,4.799105927220419],[114.80841825506856,4.798025985343635],[114.80856102419268,4.797511313742738],[114.80931653920587,4.796912067211962],[114.80573952353635,4.784757239193819],[114.8054376319438,4.783879868302728],[114.80431939383288,4.78229732574028],[114.80325825524432,4.781156990034714],[114.80234538772345,4.78048157899446],[114.77782053932695,4.780160497022702],[114.7777567143925,4.778215140201381],[114.77686360511653,4.775080129079765],[114.77512448397026,4.771255169295757],[114.77455089532089,4.770302694039314],[114.78753828360405,4.755682300151156],[114.79109186776796,4.751865492408201],[114.80338972590899,4.756142618481448],[114.80537634599027,4.756141834004697],[114.80649027113562,4.761773784770657],[114.80927505886241,4.761075598521969],[114.81053072488257,4.763611415513108],[114.81155574154899,4.764796449998213],[114.81178383091427,4.7689543541672],[114.81039686899591,4.769807672009344],[114.8112252623607,4.771260144947562],[114.81343395496837,4.769764541904628],[114.81417809503766,4.769521545887872],[114.81421367225336,4.771894506565078],[114.8148934561904,4.7719196715078525],[114.81561611202254,4.774076955238193],[114.81602209025066,4.774424805688006],[114.81718089605872,4.774257210294316],[114.81743739128558,4.7760764590941385],[114.81775401185276,4.777110188823418],[114.81881267537999,4.7790812092771136],[114.81785537917254,4.779446046199433],[114.81912082080464,4.780985459262844],[114.82048533469755,4.783183893788763],[114.82099145143941,4.7828973181047925],[114.82318823954891,4.786759970113378],[114.82400160502354,4.788989295667128],[114.82323356709124,4.789233301968187],[114.82394404542246,4.792164021784041],[114.82114292296878,4.7940676874376535],[114.81956608826835,4.7967723252335],[114.81743404290272,4.798095185371918]]]},"properties":{"id":172,"name":"Kg. Wasan","mukim":"MUKIM PANGKALAN BATU","area":13624763,"district":"Brunei-Muara","mukimDisplayName":"Pangkalan Batu"},"id":172},{"type":"Feature","geometry":{"type":"Polygon","coordinates":[[[114.88183477913635,4.900401807159394],[114.88341753618671,4.900858589645446],[114.88339097639756,4.901432017673173],[114.88213636605991,4.90155565161533],[114.88220684883157,4.905120891284769],[114.88426832804713,4.905144592231555],[114.88431038663784,4.908250952194055],[114.88290459858129,4.908142736740793],[114.8734474191758,4.907608965788579],[114.87252171623447,4.907177452373328],[114.87304186025683,4.905753904004287],[114.87419993533575,4.901547720262597],[114.87475358901789,4.900228889854557],[114.87661578547714,4.900731320433318],[114.88137189887112,4.900702217956533],[114.88183477913635,4.900401807159394]]]},"properties":{"id":245,"name":"STKRJ Mata-Mata Kawasan 2","mukim":"MUKIM GADONG B","area":856984.625,"district":"Brunei-Muara","mukimDisplayName":"Gadong B"},"id":245},{"type":"Feature","geometry":{"type":"Polygon","coordinates":[[[114.88417974681526,4.893102319278941],[114.88503079698896,4.892903971921206],[114.88529049662245,4.894123374802791],[114.88834986510489,4.89451486266018],[114.88827837726822,4.89502404520808],[114.88977118250732,4.895621298856076],[114.8898689301085,4.896457205761403],[114.88800101855824,4.898378217351651],[114.88878637058157,4.898495654737426],[114.88905092228467,4.899324605734692],[114.88864103687581,4.901495762651005],[114.88529544819723,4.901342584498487],[114.88341753618671,4.900858589645446],[114.88183477913635,4.900401807159394],[114.88160485895654,4.900214848576601],[114.87974576655776,4.895910625486356],[114.87993988051251,4.8941267414910135],[114.88033891756943,4.893586303849592],[114.88417974681526,4.893102319278941]]]},"properties":{"id":246,"name":"Kg. Perpindahan Mata-Mata","mukim":"MUKIM GADONG B","area":767061.9375,"district":"Brunei-Muara","mukimDisplayName":"Gadong B"},"id":246},{"type":"Feature","geometry":{"type":"Polygon","coordinates":[[[114.88341096530625,4.8889827360742135],[114.8823782738801,4.889525330518045],[114.88063813226151,4.890730373906161],[114.87976860337606,4.891513579342543],[114.87864136848422,4.892861309058407],[114.87646237758557,4.8966984717864435],[114.87540905402298,4.898667532035677],[114.87475358901789,4.900228889854557],[114.87419993533575,4.901547720262597],[114.87304186025683,4.905753904004287],[114.87213305563287,4.905664601882677],[114.87222667591614,4.900808459220561],[114.87242729957138,4.900247714177088],[114.87339670943857,4.899226732886481],[114.8727423963391,4.898327039037874],[114.87224236469488,4.8967212404610905],[114.87221248235974,4.894182008381294],[114.87286857177737,4.892170888301271],[114.87384427922402,4.8907978360014415],[114.87437580922617,4.890106966507682],[114.87528140278913,4.889657747659292],[114.87643402036478,4.889780487508268],[114.87744648619824,4.887832000130342],[114.87939948473166,4.887946091378439],[114.87904365469547,4.888815742926173],[114.87966669649384,4.8891486513467255],[114.8805684993119,4.889204069226855],[114.8805958886808,4.887655354843866],[114.88268218198823,4.887650511745138],[114.88341096530625,4.8889827360742135]]]},"properties":{"id":247,"name":"STKRJ Mata-Mata Kawasan 3","mukim":"MUKIM GADONG B","area":857692.125,"district":"Brunei-Muara","mukimDisplayName":"Gadong B"},"id":247},{"type":"Feature","geometry":{"type":"Polygon","coordinates":[[[114.88341096530625,4.8889827360742135],[114.88410934179957,4.890370581213737],[114.88417974681526,4.893102319278941],[114.88033891756943,4.893586303849592],[114.87993988051251,4.8941267414910135],[114.87974576655776,4.895910625486356],[114.88160485895654,4.900214848576601],[114.88183477913635,4.900401807159394],[114.88137189887112,4.900702217956533],[114.87661578547714,4.900731320433318],[114.87475358901789,4.900228889854557],[114.87540905402298,4.898667532035677],[114.87646237758557,4.8966984717864435],[114.87864136848422,4.892861309058407],[114.87976860337606,4.891513579342543],[114.88063813226151,4.890730373906161],[114.8823782738801,4.889525330518045],[114.88341096530625,4.8889827360742135]]]},"properties":{"id":248,"name":"STKRJ Mata-Mata Kawasan 1","mukim":"MUKIM GADONG B","area":563926.8125,"district":"Brunei-Muara","mukimDisplayName":"Gadong B"},"id":248},{"type":"Feature","geometry":{"type":"Polygon","coordinates":[[[115.07125764914564,4.721321984480277],[115.0707855643671,4.7215412109589],[115.06941342574707,4.723113426681696],[115.0683935108529,4.723607681613007],[115.06834238045268,4.722717834674776],[115.06641030292035,4.722522111900141],[115.06616770478811,4.719085845041911],[115.0681603285477,4.718820403922292],[115.06853324848515,4.716463736799557],[115.06878845788998,4.714111925252066],[115.07032251981562,4.7146669711540925],[115.07179661635335,4.714853322482778],[115.07155710468184,4.718774817233689],[115.07125764914564,4.721321984480277]]]},"properties":{"id":192,"name":"Kg. Menengah","mukim":"MUKIM BANGAR","area":395020.8125,"district":"Temburong","mukimDisplayName":"Bangar"},"id":192},{"type":"Feature","geometry":{"type":"Polygon","coordinates":[[[115.07179661635335,4.714853322482778],[115.07032251981562,4.7146669711540925],[115.06878845788998,4.714111925252066],[115.06853324848515,4.716463736799557],[115.0681603285477,4.718820403922292],[115.06616770478811,4.719085845041911],[115.0646049642106,4.71892001663218],[115.06234595053978,4.718840314139854],[115.06277287252883,4.717246907993885],[115.0629655862472,4.715921339819561],[115.06279894844465,4.71438624818867],[115.06291659061284,4.713378800183231],[115.06458079792118,4.7132506344657505],[115.06451741776084,4.713567530332972],[115.06569136380722,4.714035462997543],[115.06583021462397,4.713159265825083],[115.06895904169602,4.713057497009492],[115.07032039178316,4.713381656422528],[115.07198362691548,4.713353459470678],[115.07179661635335,4.714853322482778]]]},"properties":{"id":193,"name":"Kg. Sungai Tanit","mukim":"MUKIM BANGAR","area":448970.875,"district":"Temburong","mukimDisplayName":"Bangar"},"id":193},{"type":"Feature","geometry":{"type":"Polygon","coordinates":[[[115.0869754771485,4.715822595160842],[115.08568472785393,4.717970821715576],[115.08185762838548,4.716667897902036],[115.07953393673272,4.717516799382165],[115.07558022871244,4.718365119727614],[115.07514808971412,4.714832994878404],[115.07451005583974,4.714670679370619],[115.07486568698812,4.712369836076674],[115.07374262963482,4.712060170451538],[115.0721771113992,4.711843094163295],[115.07242957037442,4.7106416748017],[115.07124517438534,4.709837591397748],[115.0692919700827,4.709416603523615],[115.06930550459883,4.7085714796931635],[115.06686959290789,4.707354979159211],[115.06652513392109,4.707182955584615],[115.06660388249428,4.7062207137555045],[115.06934321549653,4.706252044710713],[115.06967160188447,4.7052467150150585],[115.06878931849462,4.703295964142928],[115.0698150158787,4.701935985071732],[115.07503737581891,4.703082239036812],[115.07425965507385,4.704867758023476],[115.07784259306929,4.706074341371209],[115.07908111700438,4.706455778565757],[115.0790738422298,4.707120433720065],[115.08096817805522,4.70761737184266],[115.0804743122541,4.709954707833827],[115.07981218703742,4.710051851137307],[115.07965402695197,4.7108784123956795],[115.08595047559704,4.7118449684270205],[115.08708114356833,4.711970895963274],[115.0869754771485,4.715822595160842]]]},"properties":{"id":194,"name":"PEKAN BANGAR","mukim":"MUKIM BANGAR","area":1864538.375,"district":"Temburong","mukimDisplayName":"Bangar"},"id":194},{"type":"Feature","geometry":{"type":"Polygon","coordinates":[[[115.06539708170276,4.69588162868925],[115.05969440974825,4.701154736730883],[115.05951058676078,4.703539059453739],[115.05916315684215,4.704370988163279],[115.05815158312272,4.706130832142938],[115.0560950232777,4.709335055484564],[115.04247434089929,4.716398228975999],[115.04236740883398,4.715251947725946],[115.04207131144632,4.714538246825093],[115.0412059421092,4.713961343785163],[115.04056595503812,4.713919297055296],[115.03900455281438,4.714308768180682],[115.03762230770832,4.715489283057407],[115.03662970645085,4.715652506744515],[115.03533985973262,4.715302902468178],[115.03443371307412,4.7148539154913465],[115.03317412688745,4.7137143854650505],[115.03270197342404,4.7122155880126595],[115.03308951485849,4.7116330608522485],[115.03385311660841,4.711517251921132],[115.03686529244062,4.712573114601029],[115.03777817019103,4.7124552781089095],[115.03846896322986,4.711875918333852],[115.0387658838228,4.711147167378655],[115.03824810667246,4.710538919378352],[115.03722898418526,4.710360182490468],[115.03560876024012,4.710315537597337],[115.03488399114894,4.709588036941633],[115.03630826138885,4.708164731368897],[115.03868486760392,4.706619387272979],[115.0391236627069,4.705610075687896],[115.04343567539378,4.703435794970146],[115.04377542906826,4.702463525793926],[115.04762880655167,4.701274368897843],[115.04779909559699,4.700971641525065],[115.05133996926223,4.699570606836238],[115.05382426750235,4.699327235771769],[115.06179805621923,4.692746640528352],[115.06539708170276,4.69588162868925]]]},"properties":{"id":195,"name":"Kg. Batang Tuau","mukim":"MUKIM BANGAR","area":3585342.5,"district":"Temburong","mukimDisplayName":"Bangar"},"id":195},{"type":"Feature","geometry":{"type":"Polygon","coordinates":[[[115.07198362691548,4.713353459470678],[115.07032039178316,4.713381656422528],[115.06895904169602,4.713057497009492],[115.06583021462397,4.713159265825083],[115.06569136380722,4.714035462997543],[115.06451741776084,4.713567530332972],[115.06458079792118,4.7132506344657505],[115.06291659061284,4.713378800183231],[115.0631197846174,4.709811826326352],[115.06364770448134,4.710176266572716],[115.06587197473208,4.711262854126118],[115.06617172089416,4.709227389391693],[115.06686959290789,4.707354979159211],[115.06930550459883,4.7085714796931635],[115.0692919700827,4.709416603523615],[115.07124517438534,4.709837591397748],[115.07242957037442,4.7106416748017],[115.0721771113992,4.711843094163295],[115.07198362691548,4.713353459470678]]]},"properties":{"id":196,"name":"Kg. Sungai Tanam","mukim":"MUKIM BANGAR","area":435362.34375,"district":"Temburong","mukimDisplayName":"Bangar"},"id":196},{"type":"Feature","geometry":{"type":"Polygon","coordinates":[[[115.08417601059345,4.7025119119569],[115.08413520542103,4.704830187869107],[115.08677834170216,4.705578290625533],[115.08662743446287,4.709527997990364],[115.08708114356833,4.711970895963274],[115.08595047559704,4.7118449684270205],[115.07965402695197,4.7108784123956795],[115.07981218703742,4.710051851137307],[115.0804743122541,4.709954707833827],[115.08096817805522,4.70761737184266],[115.0790738422298,4.707120433720065],[115.07908111700438,4.706455778565757],[115.07784259306929,4.706074341371209],[115.07906498407402,4.7029185379350364],[115.08417601059345,4.7025119119569]]]},"properties":{"id":197,"name":"Kg. Gadong","mukim":"MUKIM BANGAR","area":702229.5,"district":"Temburong","mukimDisplayName":"Bangar"},"id":197},{"type":"Feature","geometry":{"type":"Polygon","coordinates":[[[115.06686959290789,4.707354979159211],[115.06617172089416,4.709227389391693],[115.06587197473208,4.711262854126118],[115.06364770448134,4.710176266572716],[115.0631197846174,4.709811826326352],[115.06260306049471,4.709541555840305],[115.06289134390528,4.707677991661785],[115.06328428755407,4.707874828843227],[115.06414651032756,4.706108675685068],[115.0648081294783,4.7054465906880685],[115.06402251718383,4.704387102652675],[115.06344592498476,4.7040521517084555],[115.06409140754187,4.703010436500501],[115.06546475067046,4.70315556743011],[115.06689642315867,4.702854556121679],[115.06878931849462,4.703295964142928],[115.06967160188447,4.7052467150150585],[115.06934321549653,4.706252044710713],[115.06660388249428,4.7062207137555045],[115.06652513392109,4.707182955584615],[115.06686959290789,4.707354979159211]]]},"properties":{"id":198,"name":"Kg. Batu Bejarah","mukim":"MUKIM BANGAR","area":370298.65625,"district":"Temburong","mukimDisplayName":"Bangar"},"id":198},{"type":"Feature","geometry":{"type":"Polygon","coordinates":[[[115.0391236627069,4.705610075687896],[115.03792149622268,4.704995646966849],[115.03640806578971,4.704771223108263],[115.03549671965662,4.7048851621201395],[115.03488555999968,4.705280574265954],[115.03402740746807,4.706735679845563],[115.03340694787694,4.707432831577558],[115.03261791764822,4.707321894682454],[115.03193740340018,4.7065077840052325],[115.03087986830279,4.704537429395468],[115.03029182042232,4.703157122371119],[115.02996145304321,4.70198733925835],[115.0292259470069,4.700220513614498],[115.02934158272956,4.698763032828115],[115.0297742709032,4.698317377194002],[115.03051126642113,4.698201569206758],[115.03173384618344,4.699028299720269],[115.03232905575386,4.6988317324666],[115.03300497581549,4.69791968872697],[115.03391172365112,4.697250542715644],[115.03525913943852,4.696569832916709],[115.0370190575168,4.696003086331548],[115.03894645132081,4.695005178957262],[115.0396086106716,4.694285200147533],[115.03969729184959,4.692638780139682],[115.03935214683328,4.692214699009842],[115.03974491465547,4.691069644505365],[115.04094996942231,4.690093518932406],[115.04165358352692,4.689799045378343],[115.04105147404503,4.68824796544655],[115.04083414131993,4.6872231142800524],[115.04108944490561,4.686096715229011],[115.04168991568119,4.685380121843515],[115.04348265973788,4.685400568895542],[115.04321688726182,4.6868887038697515],[115.0449045250724,4.686665988412653],[115.0450084876205,4.686072965425367],[115.04573988918749,4.686227032737111],[115.04655041367056,4.685506813771598],[115.0473630187164,4.685099755472203],[115.04728438542688,4.683834423956231],[115.05053986643168,4.682939920854134],[115.05725953025741,4.688793221620337],[115.06179805621923,4.692746640528352],[115.05382426750235,4.699327235771769],[115.05133996926223,4.699570606836238],[115.04779909559699,4.700971641525065],[115.04762880655167,4.701274368897843],[115.04377542906826,4.702463525793926],[115.04343567539378,4.703435794970146],[115.0391236627069,4.705610075687896]]]},"properties":{"id":199,"name":"Kg. Puni","mukim":"MUKIM BANGAR","area":4523149.5,"district":"Temburong","mukimDisplayName":"Bangar"},"id":199},{"type":"Feature","geometry":{"type":"Polygon","coordinates":[[[115.08183729642566,4.692418146003751],[115.08418565084385,4.700014785306894],[115.08417601059345,4.7025119119569],[115.07906498407402,4.7029185379350364],[115.07784259306929,4.706074341371209],[115.07425965507385,4.704867758023476],[115.07503737581891,4.703082239036812],[115.0698150158787,4.701935985071732],[115.068996078803,4.699027216816016],[115.07312672181315,4.695723145133452],[115.08183729642566,4.692418146003751]]]},"properties":{"id":200,"name":"Kg. Semamang","mukim":"MUKIM BANGAR","area":1483245,"district":"Temburong","mukimDisplayName":"Bangar"},"id":200},{"type":"Feature","geometry":{"type":"Polygon","coordinates":[[[115.12303126681165,4.7160020520275685],[115.12435350515254,4.717261469924774],[115.12348572890993,4.717700447054747],[115.1216139307847,4.719686628543383],[115.11971918767199,4.720612682833579],[115.11734778944157,4.723168492709083],[115.11709560100093,4.722883222501758],[115.11524073151665,4.724194940919005],[115.11265914184212,4.723227740458954],[115.11328571488407,4.722399594012129],[115.11241389006473,4.722051216477386],[115.11173312066218,4.720615733829231],[115.11112469419939,4.720285421046288],[115.11029634846344,4.720232808458847],[115.1086421700477,4.719787511356156],[115.10837468642568,4.720457786104597],[115.10779718446612,4.720393257935518],[115.10725325637844,4.719042082171452],[115.10666976392643,4.71859778487479],[115.10586471283607,4.718405838364332],[115.10505641729283,4.718660156254894],[115.10471037997887,4.719377202781166],[115.10314848603261,4.719782168742587],[115.10221539478573,4.71950519564167],[115.10248182613616,4.71851685448601],[115.10440564986645,4.71756120546037],[115.1048237657569,4.716999358453769],[115.10435071063371,4.7158223028494195],[115.10452323424249,4.71533532559304],[115.10599135531683,4.715093362258319],[115.10654106271433,4.713989645554941],[115.10676501286183,4.712573823904251],[115.10798699924383,4.711978519744526],[115.10852646135473,4.7101913769912525],[115.10979839557854,4.712081574090651],[115.11325561016069,4.709838098373012],[115.1142443922706,4.711370842553396],[115.11453461555688,4.7112545222092646],[115.11653401368959,4.7119192026242125],[115.11761735609127,4.710171445646067],[115.1195756636734,4.71036890086535],[115.11910580054968,4.712462233859178],[115.12028334376599,4.713478635629335],[115.12129414977778,4.714081590938934],[115.12303126681165,4.7160020520275685]]]},"properties":{"id":213,"name":"Kg. Batu Apoi","mukim":"MUKIM BATU APOI","area":2062112.5,"district":"Temburong","mukimDisplayName":"Batu Apoi"},"id":213},{"type":"Feature","geometry":{"type":"Polygon","coordinates":[[[115.10471037997887,4.719377202781166],[115.10550563834259,4.720133586758171],[115.10561311442386,4.72071333510854],[115.10529425964859,4.721428028566403],[115.10388127031545,4.72243349069786],[115.10300248920251,4.723435065629683],[115.10232206414396,4.722854975367955],[115.09962774757935,4.722556898675398],[115.09770253053468,4.722698566074785],[115.0976549252172,4.72201625392749],[115.09862472641181,4.720604473137198],[115.09871361152831,4.719055989936605],[115.09865030083446,4.717417488942029],[115.09896185430613,4.716333222602674],[115.09831512149934,4.714966542003111],[115.09893511152328,4.713870120497359],[115.09992591004766,4.713097847079883],[115.1000680670006,4.713461011548411],[115.10142619679064,4.714615408358594],[115.10258805661272,4.716308976412673],[115.10315119808195,4.71632608150071],[115.10365579218417,4.7158116789746485],[115.10435071063371,4.7158223028494195],[115.1048237657569,4.716999358453769],[115.10440564986645,4.71756120546037],[115.10248182613616,4.71851685448601],[115.10221539478573,4.71950519564167],[115.10314848603261,4.719782168742587],[115.10471037997887,4.719377202781166]]]},"properties":{"id":214,"name":"Kg. Peliunan","mukim":"MUKIM BATU APOI","area":564855.3125,"district":"Temburong","mukimDisplayName":"Batu Apoi"},"id":214},{"type":"Feature","geometry":{"type":"Polygon","coordinates":[[[115.08497468616092,4.678383809708989],[115.09075127546242,4.681345505030458],[115.10039729943735,4.681354286187365],[115.1004706486645,4.703435610996419],[115.10152206919719,4.707501630217245],[115.10346033555956,4.707806130474483],[115.10332001123612,4.7104644381139416],[115.10301033017117,4.710673485509943],[115.10334847711562,4.711616044467897],[115.1027711825526,4.71181348181899],[115.10022222074882,4.711901933185186],[115.09990449604243,4.712182735802167],[115.09992591004766,4.713097847079883],[115.09893511152328,4.713870120497359],[115.09831512149934,4.714966542003111],[115.09896185430613,4.716333222602674],[115.09865030083446,4.717417488942029],[115.09871361152831,4.719055989936605],[115.09862472641181,4.720604473137198],[115.0976549252172,4.72201625392749],[115.09770253053468,4.722698566074785],[115.09566732258125,4.722789194882925],[115.09306641483514,4.721746184101567],[115.08891133974821,4.718519925732126],[115.08916861469291,4.717323604137811],[115.0869754771485,4.715822595160842],[115.08708114356833,4.711970895963274],[115.08662743446287,4.709527997990364],[115.08677834170216,4.705578290625533],[115.08413520542103,4.704830187869107],[115.08417601059345,4.7025119119569],[115.08418565084385,4.700014785306894],[115.08183729642566,4.692418146003751],[115.0805034025381,4.688040085774368],[115.07990082355265,4.685721960779658],[115.08230067340365,4.6822511887509295],[115.08497468616092,4.678383809708989]]]},"properties":{"id":215,"name":"Kg. Tanjong Bungar","mukim":"MUKIM BATU APOI","area":7995093,"district":"Temburong","mukimDisplayName":"Batu Apoi"},"id":215},{"type":"Feature","geometry":{"type":"Polygon","coordinates":[[[115.1640557598482,4.719066134279121],[115.15756050753858,4.719177099403505],[115.1574998254252,4.709847211617702],[115.15724976945543,4.669599277728318],[115.15744711191272,4.669399635734528],[115.1629145726827,4.663862060254088],[115.17589209986848,4.663873984199007],[115.17586146168729,4.684801822314668],[115.17583659411561,4.701768147202794],[115.17583633656271,4.70194462135146],[115.1691969572282,4.715026674849393],[115.16934286453558,4.719066662112742],[115.1640557598482,4.719066134279121]]]},"properties":{"id":216,"name":"Kg. Rebada","mukim":"MUKIM BATU APOI","area":11450823,"district":"Temburong","mukimDisplayName":"Batu Apoi"},"id":216},{"type":"Feature","geometry":{"type":"Polygon","coordinates":[[[115.20676804950935,4.709012878311853],[115.19742276670115,4.718660849112485],[115.19163218083328,4.718890346087235],[115.17791303652666,4.71891199323268],[115.16934286453558,4.719066662112742],[115.1691969572282,4.715026674849393],[115.17583633656271,4.70194462135146],[115.17583659411561,4.701768147202794],[115.20063661335334,4.701682374211822],[115.20676804950935,4.709012878311853]]]},"properties":{"id":217,"name":"Kg. Lamaling","mukim":"MUKIM BATU APOI","area":6508683.5,"district":"Temburong","mukimDisplayName":"Batu Apoi"},"id":217},{"type":"Feature","geometry":{"type":"Polygon","coordinates":[[[115.14618797205107,4.709839269401848],[115.13631250314852,4.716707863435732],[115.13162668300023,4.710213373179178],[115.13016126590388,4.7108573907236915],[115.12827253872732,4.710944064731786],[115.12785039829696,4.71128899411004],[115.12684613049191,4.711190438977483],[115.12522798781346,4.712018162129871],[115.12446945101237,4.712676504674764],[115.12452834401168,4.713464098999479],[115.12357631914216,4.715322833859392],[115.12303126681165,4.7160020520275685],[115.12129414977778,4.714081590938934],[115.12028334376599,4.713478635629335],[115.11910580054968,4.712462233859178],[115.1195756636734,4.71036890086535],[115.11761735609127,4.710171445646067],[115.11653401368959,4.7119192026242125],[115.11453461555688,4.7112545222092646],[115.11567944154454,4.709367487922319],[115.11649219554224,4.708520916461132],[115.12142383576399,4.704694249147872],[115.12323054815614,4.703844317829149],[115.12450435441828,4.703686594744472],[115.1252676619719,4.703300453955362],[115.12092997042234,4.694858653109664],[115.12116177982392,4.681372731562378],[115.13948957161537,4.681351126739837],[115.1435980659278,4.700174986779432],[115.14618797205107,4.709839269401848]]]},"properties":{"id":218,"name":"Kg. Sungai Radang","mukim":"MUKIM BATU APOI","area":8576849,"district":"Temburong","mukimDisplayName":"Batu Apoi"},"id":218},{"type":"Feature","geometry":{"type":"Polygon","coordinates":[[[115.10435071063371,4.7158223028494195],[115.10365579218417,4.7158116789746485],[115.10315119808195,4.71632608150071],[115.10258805661272,4.716308976412673],[115.10142619679064,4.714615408358594],[115.1000680670006,4.713461011548411],[115.09992591004766,4.713097847079883],[115.09990449604243,4.712182735802167],[115.10022222074882,4.711901933185186],[115.1027711825526,4.71181348181899],[115.10334847711562,4.711616044467897],[115.10301033017117,4.710673485509943],[115.10332001123612,4.7104644381139416],[115.10346033555956,4.707806130474483],[115.10152206919719,4.707501630217245],[115.1004706486645,4.703435610996419],[115.10039729943735,4.681354286187365],[115.12116177982392,4.681372731562378],[115.12092997042234,4.694858653109664],[115.1252676619719,4.703300453955362],[115.12450435441828,4.703686594744472],[115.12323054815614,4.703844317829149],[115.12142383576399,4.704694249147872],[115.11649219554224,4.708520916461132],[115.11567944154454,4.709367487922319],[115.11453461555688,4.7112545222092646],[115.1142443922706,4.711370842553396],[115.11325561016069,4.709838098373012],[115.10979839557854,4.712081574090651],[115.10852646135473,4.7101913769912525],[115.10798699924383,4.711978519744526],[115.10676501286183,4.712573823904251],[115.10654106271433,4.713989645554941],[115.10599135531683,4.715093362258319],[115.10452323424249,4.71533532559304],[115.10435071063371,4.7158223028494195]]]},"properties":{"id":219,"name":"Kg. Gadong Baru","mukim":"MUKIM BATU APOI","area":7656991,"district":"Temburong","mukimDisplayName":"Batu Apoi"},"id":219},{"type":"Feature","geometry":{"type":"Polygon","coordinates":[[[115.15724976945543,4.669599277728318],[115.1574998254252,4.709847211617702],[115.14618797205107,4.709839269401848],[115.1435980659278,4.700174986779432],[115.13948957161537,4.681351126739837],[115.14566732436369,4.681330121705712],[115.15724976945543,4.669599277728318]]]},"properties":{"id":220,"name":"Kg. Simbatang","mukim":"MUKIM BATU APOI","area":5990432.5,"district":"Temburong","mukimDisplayName":"Batu Apoi"},"id":220},{"type":"Feature","geometry":{"type":"Polygon","coordinates":[[[115.21818799438876,4.697222769579855],[115.20676804950935,4.709012878311853],[115.20063661335334,4.701682374211822],[115.17583659411561,4.701768147202794],[115.17586146168729,4.684801822314668],[115.1852763890968,4.68497031561729],[115.1933824787266,4.689354182545561],[115.2122008699103,4.688759277252149],[115.21818799438876,4.697222769579855]]]},"properties":{"id":221,"name":"Kg. Sekurop","mukim":"MUKIM BATU APOI","area":7428176.5,"district":"Temburong","mukimDisplayName":"Batu Apoi"},"id":221},{"type":"Feature","geometry":{"type":"Polygon","coordinates":[[[114.91033816185895,4.840658319074147],[114.90922158481719,4.841913630872497],[114.9107255173468,4.842839256359611],[114.91018056439228,4.844535890390301],[114.90978047346768,4.844773627013185],[114.90897035715501,4.8445711478431095],[114.9086413837958,4.844934801388623],[114.90858357021676,4.846590515997473],[114.90920733399032,4.847534618695871],[114.90929648466212,4.848417297303536],[114.90791672417312,4.850175376568713],[114.90801502778402,4.850857829571083],[114.90884930575861,4.851249440006719],[114.9113024802545,4.8516045334639255],[114.91161983817597,4.8525811104876535],[114.91131838464959,4.854541533292198],[114.91149506339755,4.856298305896941],[114.91033262807137,4.856570946661405],[114.90945097454528,4.856546449407844],[114.90768663773964,4.856157344709366],[114.90703401357135,4.855628775798537],[114.90443336044552,4.852290071326254],[114.90358978968715,4.851408373268814],[114.90212131305998,4.850188481182055],[114.90087137113646,4.8494712783641285],[114.89765239846979,4.847943836940904],[114.89599496712339,4.84725179922371],[114.89218684063125,4.845940222547093],[114.88966357120123,4.84484119252447],[114.88703096920533,4.843361524718254],[114.88606015115705,4.8421000746466385],[114.8856622623924,4.840014981273454],[114.90682636016433,4.837816444115411],[114.90960705743997,4.835936954659687],[114.90989679722094,4.835892195343213],[114.90999256617603,4.836841634195957],[114.91043157902646,4.837066592311841],[114.91042128025474,4.837913668150568],[114.91076489159428,4.838559207254491],[114.91065732892027,4.839219068300537],[114.90980083383444,4.8394868109669495],[114.91033816185895,4.840658319074147]]]},"properties":{"id":259,"name":"Kg. Kilugus","mukim":"MUKIM LUMAPAS","area":3062371.25,"district":"Brunei-Muara","mukimDisplayName":"Lumapas"},"id":259},{"type":"Feature","geometry":{"type":"Polygon","coordinates":[[[115.05737815843415,4.660509213679465],[115.0487456335691,4.662231160553861],[115.04519380629348,4.661377987822286],[115.04255706753808,4.661284874922595],[115.0406900492139,4.662441440645354],[115.04000835648817,4.660822991810148],[115.03897535962042,4.659849048960508],[115.03891173014392,4.6593511925562066],[115.03982402667471,4.658463956860582],[115.04136103512727,4.658092554383979],[115.04265660682809,4.658623098411912],[115.04357565020301,4.658398057259619],[115.04427205293416,4.657453729531062],[115.04361212424539,4.656752520468815],[115.04215199726093,4.6560663193087155],[115.04127783232298,4.6552608045024275],[115.04122788591496,4.654257873056654],[115.0414331650251,4.653353681997541],[115.042260983505,4.6529350317663045],[115.04450965489296,4.654209782671893],[115.04750991961218,4.655240039047375],[115.04827831105823,4.655062693667049],[115.0485142066002,4.654596981917872],[115.04939105170669,4.654616057793565],[115.05116365033345,4.653685471732244],[115.05210342853579,4.653491031393706],[115.05232212183724,4.655097432753565],[115.05415163196041,4.656414078708012],[115.05562193001096,4.656409244810413],[115.05639090505088,4.659001158129873],[115.05737815843415,4.660509213679465]]]},"properties":{"id":226,"name":"Kg. Paya Bagangan","mukim":"MUKIM BOKOK","area":1271089.25,"district":"Temburong","mukimDisplayName":"Bokok"},"id":226},{"type":"Feature","geometry":{"type":"Polygon","coordinates":[[[115.05691086353191,4.647451628560592],[115.05479275333168,4.64956311504161],[115.05474222782011,4.65043117199968],[115.05529919443798,4.651673461003071],[115.05530745461348,4.652381959718957],[115.05790655136018,4.6553234622151605],[115.05724449210297,4.65645477764697],[115.05562193001096,4.656409244810413],[115.05415163196041,4.656414078708012],[115.05232212183724,4.655097432753565],[115.05210342853579,4.653491031393706],[115.05116365033345,4.653685471732244],[115.04939105170669,4.654616057793565],[115.0485142066002,4.654596981917872],[115.04824791717773,4.653369622792852],[115.04736980354976,4.6523204759044035],[115.0470258313808,4.651405060726138],[115.04745666226887,4.65059382800686],[115.0483440007536,4.650518293563521],[115.049596436314,4.650896845823618],[115.05090954072432,4.651055422003007],[115.05125438811773,4.650221136168527],[115.05112507149188,4.647977842775549],[115.05255497378316,4.647422841545737],[115.05375872002546,4.6473406548016],[115.05691086353191,4.647451628560592]]]},"properties":{"id":227,"name":"Kg. Bokok","mukim":"MUKIM BOKOK","area":634449.875,"district":"Temburong","mukimDisplayName":"Bokok"},"id":227},{"type":"Feature","geometry":{"type":"Polygon","coordinates":[[[115.05691086353191,4.647451628560592],[115.05375872002546,4.6473406548016],[115.05255497378316,4.647422841545737],[115.05112507149188,4.647977842775549],[115.0500315473976,4.646505792885261],[115.0489511584351,4.646199934954695],[115.04716655796675,4.646650584583865],[115.04505120570803,4.646148233686383],[115.0444389031015,4.645537854782609],[115.044184738177,4.644436284597954],[115.04444531378606,4.643545839619581],[115.04648961262748,4.6439323852794345],[115.04727989993158,4.643728558667546],[115.04744940147422,4.64266304382672],[115.04735595483919,4.641351131751465],[115.04855421278923,4.640286566905784],[115.05173108958962,4.640373542951602],[115.0572428048658,4.640430265171825],[115.06051356077243,4.6437899870509085],[115.05691086353191,4.647451628560592]]]},"properties":{"id":228,"name":"Kg. Maniup","mukim":"MUKIM BOKOK","area":1041599.5,"district":"Temburong","mukimDisplayName":"Bokok"},"id":228},{"type":"Feature","geometry":{"type":"Polygon","coordinates":[[[115.04075807015745,4.633797792675654],[115.04224814720111,4.632597455369002],[115.04360667844387,4.631131731901901],[115.04450572795749,4.631100580875607],[115.04583742697933,4.632493392371408],[115.04735027874062,4.633013055864507],[115.04804733304023,4.632638955621321],[115.05139706696056,4.6324930930433],[115.05767313583317,4.63249288387804],[115.06330720455804,4.640991132513705],[115.06051356077243,4.6437899870509085],[115.0572428048658,4.640430265171825],[115.05173108958962,4.640373542951602],[115.04855421278923,4.640286566905784],[115.04735595483919,4.641351131751465],[115.04728362456204,4.640665439832876],[115.04651157093701,4.640129023607596],[115.04532186085802,4.640932707626637],[115.04327821101599,4.641269604702166],[115.04295117037067,4.640569113704412],[115.0434115397859,4.639778044161077],[115.0428681621302,4.638658154943866],[115.04093144915379,4.6364525389690945],[115.04077982919321,4.635839111208159],[115.04165411989806,4.634749133064577],[115.04075807015745,4.633797792675654]]]},"properties":{"id":229,"name":"Kg. Bakarut","mukim":"MUKIM BOKOK","area":1974976.875,"district":"Temburong","mukimDisplayName":"Bokok"},"id":229},{"type":"Feature","geometry":{"type":"Polygon","coordinates":[[[115.08335799781491,4.623708797032879],[115.07986615203475,4.635580847167781],[115.0783263827676,4.6408152844088715],[115.06330720455804,4.640991132513705],[115.05767313583317,4.63249288387804],[115.05139706696056,4.6324930930433],[115.04804733304023,4.632638955621321],[115.04735027874062,4.633013055864507],[115.04583742697933,4.632493392371408],[115.04450572795749,4.631100580875607],[115.04360667844387,4.631131731901901],[115.04224814720111,4.632597455369002],[115.04075807015745,4.633797792675654],[115.03919154646937,4.632925002882835],[115.0390774715844,4.631936748171459],[115.0394953217812,4.630765867984786],[115.04033608999922,4.6305116880217385],[115.04171921475397,4.6304835561771025],[115.04145153376656,4.629019622239525],[115.04228102474103,4.628486732906841],[115.04411579157345,4.628202794948938],[115.04513283085844,4.627801331792944],[115.04492354544742,4.627139707175649],[115.04386466810803,4.626954423529069],[115.0427954505431,4.625778733222687],[115.04269508478048,4.624988142812537],[115.043658675132,4.623464939110918],[115.04626742136644,4.623107450582122],[115.04671619845583,4.62355817522218],[115.04721101315468,4.623025656935536],[115.0476939491939,4.623852866082095],[115.08335799781491,4.623708797032879]]]},"properties":{"id":230,"name":"Kg. Simbatang","mukim":"MUKIM BOKOK","area":6265412,"district":"Temburong","mukimDisplayName":"Bokok"},"id":230},{"type":"Feature","geometry":{"type":"Polygon","coordinates":[[[115.08630665223754,4.613683343743067],[115.08338201164892,4.6236268342274505],[115.08335799781491,4.623708797032879],[115.0476939491939,4.623852866082095],[115.04721101315468,4.623025656935536],[115.04671619845583,4.62355817522218],[115.04626742136644,4.623107450582122],[115.043658675132,4.623464939110918],[115.04351113955046,4.622598593581092],[115.04233374569547,4.621860096632026],[115.04133923112437,4.620509606066521],[115.04129697805733,4.619323497453904],[115.0419530470201,4.618542454536839],[115.04323460898722,4.617861384376949],[115.0449985541177,4.6176207234982884],[115.04657261837163,4.617195454916792],[115.04676756813005,4.616943745551282],[115.04669467286627,4.614681918338338],[115.04541010751869,4.614382606791278],[115.04510573442231,4.613693524682686],[115.04574343538677,4.613169759565214],[115.0467545836354,4.6129589662718855],[115.04775306393525,4.612455722062531],[115.04744334576559,4.609850626036515],[115.04829107099303,4.610355678571402],[115.04841902721036,4.6108435603621905],[115.04950886953374,4.610994369211756],[115.04908720007602,4.6097426672179225],[115.04929092101953,4.609058429649283],[115.05058083498504,4.608568602910391],[115.05153497476601,4.607726625407132],[115.05455659635331,4.609661759941063],[115.0875366659573,4.6095012751238365],[115.08630665223754,4.613683343743067]]]},"properties":{"id":231,"name":"Kg. Kenua","mukim":"MUKIM BOKOK","area":7088909,"district":"Temburong","mukimDisplayName":"Bokok"},"id":231},{"type":"Feature","geometry":{"type":"Polygon","coordinates":[[[115.21914064982502,4.818945510852939],[115.20297962683006,4.831935721269878],[115.19377173494432,4.839007152580046],[115.19222854156601,4.840139375664226],[115.19042024053722,4.840842550160403],[115.19010173301325,4.841404745046737],[115.18863432084757,4.844923070314665],[115.1884866053019,4.845862446278998],[115.18788882432047,4.8476513460848345],[115.18668629472101,4.849169826754758],[115.18514922623307,4.849992884099876],[115.18480611176783,4.850585996751374],[115.18564883783938,4.851818429295117],[115.18578024474975,4.853042905519054],[115.18353968117312,4.854145939175821],[115.18161995274947,4.856952216719077],[115.1808075734679,4.858561683427998],[115.18265247638817,4.859135977315199],[115.18393318499764,4.859934869670437],[115.18511087605751,4.861879635500909],[115.18603173881577,4.8642845395692405],[115.18602005856665,4.86545714004008],[115.18567911848052,4.8666358483346475],[115.18464243231185,4.8672500686008435],[115.18282345054068,4.86783061653453],[115.1804827689637,4.868224290595758],[115.17923093167519,4.868332683752169],[115.17750732623347,4.868274198661679],[115.17606703839002,4.867824401457753],[115.17427085295874,4.866441567191981],[115.17332060445328,4.865935461506433],[115.171899232268,4.866247097392614],[115.17114201126702,4.866983520965105],[115.1704800131746,4.868519742698027],[115.1697510296104,4.872208671401384],[115.16879776753669,4.872914378973024],[115.16780283544075,4.873245079583212],[115.16670399156449,4.872898827077557],[115.16555456432532,4.8721002721736495],[115.16087567385584,4.869473827440631],[115.15939099115016,4.868584247806431],[115.15790304332505,4.86870218037326],[115.15652801269393,4.869121705234351],[115.15481526841954,4.869902236760423],[115.1518226817194,4.871659066545535],[115.14974521135039,4.872417295224535],[115.14898908390009,4.871072947721549],[115.14797747675408,4.869960254429601],[115.14773788082823,4.867569105788348],[115.14794685284521,4.866756968639557],[115.14850394880716,4.865892010315868],[115.14894948334141,4.864751495425968],[115.14936056850942,4.862860173537642],[115.14916107416619,4.861052315708527],[115.1486607988472,4.859860472842031],[115.14784657673026,4.858802457108567],[115.14642187232415,4.857988076991534],[115.14473819491103,4.858103574058501],[115.14306828819439,4.858506527226999],[115.14074265443382,4.860045816703775],[115.13877849091092,4.862476157409821],[115.13749973690355,4.863454693860391],[115.13674978138336,4.863596503067493],[115.13566817804102,4.863031283937611],[115.1351358166273,4.862240641688502],[115.13532888837209,4.860932135976166],[115.1330623734568,4.858888323212148],[115.13168042919155,4.8585337508048205],[115.13095025101646,4.858117743390983],[115.12975489710868,4.85777492888357],[115.12798962513459,4.857782946866343],[115.12719228177417,4.857638210810576],[115.12588392765822,4.857826290691446],[115.12529016414,4.857732872675026],[115.12310737376296,4.858261407724322],[115.12140918640344,4.858973803542269],[115.11557262244645,4.86196810467489],[115.11476148815306,4.862150432033182],[115.11444767406347,4.861756982335203],[115.11461812580949,4.860250497756922],[115.1137048322046,4.85576429577643],[115.11255898151019,4.854794268997807],[115.11196897315341,4.854065756253268],[115.11191166081004,4.85312510039812],[115.11270854598568,4.852565147051438],[115.11355006024915,4.853713634716318],[115.11499965067931,4.853648010032628],[115.1162887009215,4.851887253462954],[115.11511212274023,4.8507048934333445],[115.11474823292549,4.850109659892086],[115.11459569717249,4.849165795166402],[115.11408229461146,4.848644137011462],[115.1132957225312,4.846880380705457],[115.11206009476507,4.846592210883028],[115.11131482899124,4.845915948701139],[115.11104903450023,4.846730887723192],[115.1087886426233,4.847314178342778],[115.1074979649446,4.848233558033409],[115.10642783192311,4.849373869399996],[115.105111056018,4.8501461868691225],[115.10388757022139,4.85047530499728],[115.10269815904284,4.850176110980392],[115.10178294879843,4.849555664904841],[115.09441633574828,4.8453305631706],[115.09046083319853,4.845205490942126],[115.08946551624605,4.8449497693642245],[115.08807389662475,4.845200645786253],[115.08727751887012,4.845177688528619],[115.08621818327603,4.844728269621139],[115.08612708194426,4.843838915061322],[115.084341334374,4.843886514972846],[115.0800112200781,4.842302566725326],[115.07971825720252,4.841633555959926],[115.07875121671917,4.84136461356872],[115.07815153602601,4.840916835185136],[115.07569723784674,4.840463050298211],[115.07351831804048,4.840374630989105],[115.07269654399371,4.840000021364922],[115.07245614488671,4.838970161014782],[115.07282889630706,4.83826287075636],[115.07354117163626,4.837770432524092],[115.07494185485838,4.837510326065281],[115.07607948098881,4.837561926882923],[115.07773902432122,4.83727726537654],[115.07926183864208,4.8363474034714145],[115.08295325806455,4.8325624143517185],[115.0829497709925,4.830951871274851],[115.08240575066819,4.829359753523112],[115.08126419513204,4.827339748672348],[115.07988578518493,4.827100836431329],[115.0786775790851,4.827104013199815],[115.0783474082023,4.826468766558392],[115.07934606973093,4.824647443262376],[115.07940409036628,4.822409670333719],[115.07872032546223,4.821034345104989],[115.07850866631404,4.819174958998719],[115.07935974495646,4.816672109793245],[115.08018398606714,4.816706107565465],[115.08141905387443,4.8185457388798385],[115.08216696268495,4.819054435220696],[115.08422489810665,4.8198482966637215],[115.08615569415626,4.818854385163343],[115.0858865584951,4.817014183797797],[115.08537021438565,4.815530774572366],[115.08441376015558,4.813592819565837],[115.0832750766751,4.812413628398109],[115.08051031862242,4.811276496939049],[115.07919196434649,4.8114734583064065],[115.07840556781422,4.812071308775807],[115.07629630206188,4.812497461180385],[115.07446555002758,4.811554329027344],[115.07135367198492,4.811463291268622],[115.06985945652633,4.812137738278325],[115.0681077094347,4.814427296139797],[115.06567560494123,4.815959464424525],[115.06511436519669,4.816454428022947],[115.06369140218978,4.818529064468562],[115.06238502191975,4.819359160208003],[115.06085715124821,4.819811305410813],[115.05956750281365,4.81993925438811],[115.05891585909593,4.819805637678731],[115.05834253872375,4.818805621427995],[115.05805544123689,4.81732642102303],[115.0580656263117,4.815718454219029],[115.0583251283088,4.8138165541108355],[115.05851579909289,4.811099289892929],[115.05868019519475,4.8104474010633576],[115.05861591002932,4.806790936721606],[115.05847501026074,4.805438774010737],[115.05889585385242,4.804358171872073],[115.05850729319461,4.8016203724861075],[115.05857236116472,4.80111414351455],[115.05800320524463,4.799534661652924],[115.05767156089455,4.79741374637814],[115.0561472643333,4.795538553992943],[115.0578867428212,4.794972192386356],[115.05912512372535,4.794244042987392],[115.06066086615428,4.793124892766261],[115.0642024521564,4.790120107765994],[115.06616829107136,4.78832220532567],[115.06789765846314,4.786546813257006],[115.07046177932563,4.783579195739286],[115.0725940886516,4.781222229934198],[115.07377634632493,4.780173916031381],[115.0752214370301,4.779908039534499],[115.07669611441801,4.779845149422643],[115.07808593830543,4.780362761650764],[115.07930320330745,4.781171063173736],[115.08055072978382,4.782385421432386],[115.08217783202555,4.784700964639988],[115.08360088321925,4.786523979227508],[115.08426822081749,4.787189033937344],[115.08502127006143,4.787534678196394],[115.0860916650188,4.787647177840731],[115.08733366549632,4.7871788728215625],[115.09313647285055,4.784142396945374],[115.09454890575351,4.782745143258452],[115.09920776337616,4.774867474002954],[115.1031464956773,4.767877023191878],[115.10452712778215,4.765624001747405],[115.10588340373594,4.764749117266157],[115.10715427473706,4.7642806790996435],[115.10862940617397,4.764362776320364],[115.1097013205279,4.764939423263596],[115.11036924441323,4.765778525859152],[115.1114761640629,4.768182794151612],[115.11260795534325,4.769368479346055],[115.11336022478093,4.769482004947298],[115.114140159211,4.7692182839702735],[115.11497502794882,4.768084025077149],[115.11537466374376,4.766516050683142],[115.1154857925195,4.765152124590685],[115.11600361251996,4.764338056577334],[115.11730426715887,4.764130607499307],[115.11776841876946,4.764564223435025],[115.11809378542648,4.766739011410598],[115.11841392204452,4.767347185226461],[115.11954232979637,4.767517463700356],[115.12069713401557,4.766933345003843],[115.12465024467858,4.764308979664715],[115.12638224094837,4.763374766881062],[115.1286346757565,4.762409781502607],[115.12999150404471,4.761708917674674],[115.13056559503927,4.760430460485953],[115.12992422984846,4.758894997584309],[115.1299512020683,4.758314669596397],[115.1308740567828,4.757557247074615],[115.13162534543198,4.7573806379389465],[115.13362314080966,4.758099182033334],[115.13564791628656,4.758237391591837],[115.13706667036942,4.758754803966038],[115.13802409817119,4.75967994202484],[115.13886712455555,4.760982620483471],[115.13965398198975,4.762778687918993],[115.14043819697928,4.7637914446249665],[115.14127751752406,4.763991681000866],[115.1417086587275,4.763206900154366],[115.14155800360234,4.761408676371534],[115.14227763982817,4.760419831353152],[115.14539416810159,4.758436445885786],[115.15162394489869,4.753512249179899],[115.15349905541669,4.752156806771102],[115.1542513206791,4.75227029115032],[115.15454187773493,4.752675465928897],[115.15466217284052,4.754038615950453],[115.153834542231,4.757290772652689],[115.15399641876509,4.758124313128721],[115.15469242463007,4.758702179620647],[115.15626832700772,4.758653288209678],[115.15742398134459,4.758330212741956],[115.158491940672,4.757731822848229],[115.16279387462255,4.755686288657283],[115.16348811116453,4.755741937841051],[115.16607012754253,4.758170106319861],[115.16946695335257,4.759992298263337],[115.1711833720216,4.76083618443994],[115.17345911470554,4.762482055693423],[115.17447220498057,4.762754188367112],[115.17467948824407,4.764175063462604],[115.17570713893949,4.764476155653914],[115.17661667666002,4.76566149717375],[115.17677370281753,4.766155857051496],[115.17643960103871,4.768185753156514],[115.17628348071175,4.770531769561168],[115.17642423318854,4.771491327856997],[115.17763971559896,4.7734311315730205],[115.17918382057408,4.7755555992239085],[115.18484361052994,4.782149197417507],[115.18733637939764,4.78384951120054],[115.18951205309942,4.785733798784138],[115.18998463162622,4.78721967230686],[115.18957661988603,4.8002332416720295],[115.21914064982502,4.818945510852939]]]},"properties":{"id":232,"name":"Hutan Simpan Labu","mukim":"MUKIM LABU","area":136826288,"district":"Temburong","mukimDisplayName":"Labu"},"id":232},{"type":"Feature","geometry":{"type":"Polygon","coordinates":[[[115.2318209223174,4.771086006062954],[115.23195349826132,4.771450108531738],[115.23130898998224,4.773000926153377],[115.2313652400653,4.773360959213766],[115.23256015352263,4.77432205582479],[115.23323637278378,4.775244996422051],[115.23397982450716,4.775412416396167],[115.23442371377458,4.776514432548225],[115.23375178629011,4.7772088582953],[115.23312036248838,4.777317345891921],[115.23289519182936,4.7780406824489905],[115.2331995028021,4.778966281439565],[115.23382507066583,4.779634350696417],[115.23437589711436,4.782831720357106],[115.23464465886691,4.7839451149965],[115.23689104883648,4.786757386655703],[115.23686622796603,4.788555643766525],[115.23704858455999,4.78952843377061],[115.23778823123106,4.790356724435286],[115.2366346452176,4.791582924392256],[115.2370082527198,4.793131697378631],[115.23542531488405,4.794222927337099],[115.23545360525144,4.794605487237387],[115.2370594342485,4.7949308628478935],[115.23706305982371,4.795840153007105],[115.23822598725492,4.796613504364128],[115.2379829354954,4.797803310317977],[115.23814567214333,4.798867784211981],[115.23859725663164,4.799761481734843],[115.23790765984472,4.800669139412635],[115.23855209121434,4.801930437593478],[115.23862286407882,4.802781065751503],[115.21914064982502,4.818945510852939],[115.18957661988603,4.8002332416720295],[115.18998463162622,4.78721967230686],[115.18951205309942,4.785733798784138],[115.18733637939764,4.78384951120054],[115.18954202511486,4.778493912491549],[115.1907577176322,4.776157219514292],[115.19035300495943,4.77549513063928],[115.19036519049617,4.774516869009524],[115.19144362401228,4.7734011884114755],[115.19159317791308,4.771276420795008],[115.19187208010368,4.770278893496816],[115.19334776948665,4.767058573453186],[115.19480838742808,4.768439161602412],[115.21635883248078,4.762936386034497],[115.22748976994623,4.771722231499126],[115.2318209223174,4.771086006062954]]]},"properties":{"id":233,"name":"Kg. Piasau-Piasau","mukim":"MUKIM LABU","area":24274244,"district":"Temburong","mukimDisplayName":"Labu"},"id":233},{"type":"Feature","geometry":{"type":"Polygon","coordinates":[[[115.16946695335257,4.759992298263337],[115.16607012754253,4.758170106319861],[115.16348811116453,4.755741937841051],[115.16279387462255,4.755686288657283],[115.158491940672,4.757731822848229],[115.15742398134459,4.758330212741956],[115.15626832700772,4.758653288209678],[115.15469242463007,4.758702179620647],[115.15399641876509,4.758124313128721],[115.153834542231,4.757290772652689],[115.15466217284052,4.754038615950453],[115.15454187773493,4.752675465928897],[115.1542513206791,4.75227029115032],[115.15349905541669,4.752156806771102],[115.15162394489869,4.753512249179899],[115.14539416810159,4.758436445885786],[115.14227763982817,4.760419831353152],[115.14155800360234,4.761408676371534],[115.1417086587275,4.763206900154366],[115.14127751752406,4.763991681000866],[115.14043819697928,4.7637914446249665],[115.13965398198975,4.762778687918993],[115.13886712455555,4.760982620483471],[115.13802409817119,4.75967994202484],[115.13706667036942,4.758754803966038],[115.13564791628656,4.758237391591837],[115.13362314080966,4.758099182033334],[115.13162534543198,4.7573806379389465],[115.1308740567828,4.757557247074615],[115.1299512020683,4.758314669596397],[115.12992422984846,4.758894997584309],[115.13056559503927,4.760430460485953],[115.12999150404471,4.761708917674674],[115.1286346757565,4.762409781502607],[115.12638224094837,4.763374766881062],[115.12465024467858,4.764308979664715],[115.12069713401557,4.766933345003843],[115.11954232979637,4.767517463700356],[115.11841392204452,4.767347185226461],[115.11809378542648,4.766739011410598],[115.11776841876946,4.764564223435025],[115.11730426715887,4.764130607499307],[115.11600361251996,4.764338056577334],[115.1154857925195,4.765152124590685],[115.11537466374376,4.766516050683142],[115.11497502794882,4.768084025077149],[115.114140159211,4.7692182839702735],[115.11336022478093,4.769482004947298],[115.11260795534325,4.769368479346055],[115.1114761640629,4.768182794151612],[115.11036924441323,4.765778525859152],[115.1097013205279,4.764939423263596],[115.10862940617397,4.764362776320364],[115.10715427473706,4.7642806790996435],[115.10588340373594,4.764749117266157],[115.10452712778215,4.765624001747405],[115.1031464956773,4.767877023191878],[115.09920776337616,4.774867474002954],[115.09454890575351,4.782745143258452],[115.09313647285055,4.784142396945374],[115.08733366549632,4.7871788728215625],[115.0860916650188,4.787647177840731],[115.08502127006143,4.787534678196394],[115.08426822081749,4.787189033937344],[115.08360088321925,4.786523979227508],[115.08217783202555,4.784700964639988],[115.08055072978382,4.782385421432386],[115.07930320330745,4.781171063173736],[115.07808593830543,4.780362761650764],[115.07669611441801,4.779845149422643],[115.0752214370301,4.779908039534499],[115.07377634632493,4.780173916031381],[115.0725940886516,4.781222229934198],[115.07046177932563,4.783579195739286],[115.06789765846314,4.786546813257006],[115.06616829107136,4.78832220532567],[115.0642024521564,4.790120107765994],[115.06277219087093,4.7868687279889315],[115.06230655414443,4.7851708789668],[115.06225850019712,4.783261863372638],[115.06289892902936,4.78084706583407],[115.06314536193258,4.779461578235198],[115.06307981749744,4.778601614213973],[115.06263667165507,4.77738623140435],[115.06260993796222,4.775603023321024],[115.06300509095588,4.774930364694828],[115.06373560075177,4.774487384707556],[115.06565745851621,4.7738306854041905],[115.06636691606957,4.7733458109275455],[115.06667848004172,4.772694403891298],[115.0672353735547,4.770321832758926],[115.06861293493117,4.769499075253692],[115.07060033403661,4.76970232621905],[115.0716249162522,4.769656986800852],[115.07218811872193,4.769214549059655],[115.07313352181548,4.7673442065254275],[115.07368571207073,4.766733962033841],[115.07427126625608,4.766732029016697],[115.0755387204801,4.767409695383847],[115.0764177424809,4.767616591839928],[115.07839326597708,4.76738977288451],[115.07996396161845,4.768066428854119],[115.0808112360827,4.768158030692572],[115.08307905427085,4.7677833703423325],[115.08571488609334,4.768026391367841],[115.09128432255237,4.770021985112301],[115.09223623560293,4.770134212188814],[115.09319773775684,4.769984153457396],[115.09394889937344,4.769467641384754],[115.09456280828503,4.768552965609692],[115.09477899113399,4.767524224320236],[115.0946017562379,4.766059747847993],[115.1015692823422,4.761734828571588],[115.10557796106694,4.745218128340134],[115.11854247988168,4.74182152053899],[115.12861351051401,4.747441895883853],[115.12924465028593,4.7476370408405915],[115.12995256165168,4.747440829204016],[115.13127328420308,4.74670994431316],[115.13199413113965,4.74677308000694],[115.13252045012004,4.747296992789437],[115.13278619977457,4.748414180710795],[115.13286559291139,4.752424439209363],[115.13319493456474,4.753015153799867],[115.13496733298098,4.753798266582862],[115.13542840072864,4.754519669386743],[115.13628098163991,4.754714063045945],[115.13758356339254,4.752342903678822],[115.1384971915879,4.7510905827187555],[115.13966904351396,4.748785913514465],[115.14165177725351,4.749887749153341],[115.14190537400586,4.750404104107701],[115.14171742228663,4.751644361152909],[115.14253307223022,4.75158167408643],[115.14279821785152,4.752013764397138],[115.14256448134631,4.7537120379092785],[115.14326089187321,4.7538781223743865],[115.14463376270942,4.75197135598729],[115.14533924277914,4.751319474918729],[115.14650207791173,4.750954320862909],[115.14785497089679,4.750143095829149],[115.14828424191766,4.749455971500267],[115.14804384979368,4.747512852203832],[115.14820898550029,4.746693791901871],[115.14750862933919,4.745024693474647],[115.14709206393603,4.743467680776475],[115.14646572210548,4.742858761121049],[115.14565781209959,4.742541003508705],[115.14535196243584,4.742068352299311],[115.14420690532828,4.74118591307579],[115.14425104909303,4.740743162289809],[115.14559072080809,4.740692824569563],[115.14576883269125,4.739377982448662],[115.146470203191,4.73968140477643],[115.14724680239419,4.739571930261591],[115.14727485293234,4.738869213261475],[115.14766726895343,4.7381149476410345],[115.14725396276027,4.737188758423465],[115.14764633487029,4.73625530480735],[115.14770300355318,4.735018033724432],[115.14750912236576,4.733665452622153],[115.14834417780766,4.733182989329177],[115.14942216357699,4.733727338282323],[115.15034677544303,4.733901966712042],[115.15141841579948,4.733069640748143],[115.15100569167817,4.732316984373795],[115.15124131748664,4.731185371244955],[115.14982045202187,4.730213718594055],[115.14988584413909,4.72939103588627],[115.15037749191158,4.728326950254775],[115.15112871317659,4.727405940296786],[115.15165196266172,4.725666715421564],[115.15270387099605,4.723671136274553],[115.15312159412602,4.722574512568523],[115.15388806374139,4.7214758506667325],[115.15532271002732,4.719868711600116],[115.15634364221178,4.719376836935611],[115.15756050753858,4.719177099403505],[115.1640557598482,4.719066134279121],[115.16534386971936,4.719642447190653],[115.16369533891928,4.719445813099675],[115.16267715155067,4.719584114824457],[115.16041020168763,4.720815387601569],[115.15907517288748,4.721393414930009],[115.15738076048392,4.722492708380994],[115.15648518500457,4.723399342771944],[115.15615900960603,4.72607020108424],[115.15462510247762,4.728316708097353],[115.15428912060378,4.730091370791636],[115.15442198014699,4.73172255273622],[115.15426427539217,4.733068700783501],[115.15496150810797,4.733980634979993],[115.15769439534776,4.736548345734919],[115.15813058723685,4.737407749801872],[115.15970683674165,4.739332176274358],[115.16242884288923,4.7420044770442935],[115.164739727393,4.744395548136065],[115.16533481857056,4.745418897012075],[115.16533405991407,4.746356107275926],[115.16469115048231,4.747341299735592],[115.16495808948915,4.748462434399392],[115.16631661216022,4.749642572085804],[115.1690293057394,4.75237593059946],[115.16984043289499,4.753300745932963],[115.17354376499597,4.7569814207292875],[115.17109135393225,4.758600950632002],[115.17235380362541,4.759886044723233],[115.17189005570063,4.76046438810852],[115.17002629329865,4.7593809297631156],[115.16946695335257,4.759992298263337]]]},"properties":{"id":234,"name":"Kg. Perdayan","mukim":"MUKIM LABU","area":21483364,"district":"Temburong","mukimDisplayName":"Labu"},"id":234},{"type":"Feature","geometry":{"type":"Polygon","coordinates":[[[115.18796156080475,4.744865015158433],[115.19118850249384,4.744753363421094],[115.20114184963911,4.752077831495455],[115.20057031934725,4.753113097415101],[115.20089269176957,4.754113789963082],[115.2009063302479,4.755036879291057],[115.20154240867433,4.75604172683957],[115.20153946044599,4.756702615727674],[115.20041272857382,4.75744608464657],[115.19917434142323,4.757649694062424],[115.1985865060445,4.758506680268669],[115.19910913303939,4.759789048737537],[115.19896799604324,4.760363849042349],[115.19804822426141,4.761100878905659],[115.19727019619832,4.761438590071436],[115.19570129057787,4.761768625101958],[115.1953970910615,4.762402261760811],[115.19565480892197,4.763358554877641],[115.19546634865524,4.764045189024371],[115.19388050935979,4.765310970105679],[115.19375729724223,4.766475969966892],[115.19334776948665,4.767058573453186],[115.19187208010368,4.770278893496816],[115.19159317791308,4.771276420795008],[115.19144362401228,4.7734011884114755],[115.19036519049617,4.774516869009524],[115.19035300495943,4.77549513063928],[115.1907577176322,4.776157219514292],[115.18954202511486,4.778493912491549],[115.18733637939764,4.78384951120054],[115.18484361052994,4.782149197417507],[115.17918382057408,4.7755555992239085],[115.17763971559896,4.7734311315730205],[115.17642423318854,4.771491327856997],[115.17628348071175,4.770531769561168],[115.17643960103871,4.768185753156514],[115.17677370281753,4.766155857051496],[115.17661667666002,4.76566149717375],[115.17570713893949,4.764476155653914],[115.17467948824407,4.764175063462604],[115.17447220498057,4.762754188367112],[115.17345911470554,4.762482055693423],[115.1711833720216,4.76083618443994],[115.16946695335257,4.759992298263337],[115.17002629329865,4.7593809297631156],[115.17189005570063,4.76046438810852],[115.17235380362541,4.759886044723233],[115.17109135393225,4.758600950632002],[115.17354376499597,4.7569814207292875],[115.17448351893421,4.757118519014617],[115.17509394885205,4.75599950235934],[115.17570687368524,4.755612252061197],[115.17697532555538,4.756070064716455],[115.17877998840501,4.756173221646511],[115.18019811783192,4.755481260133843],[115.18111947800648,4.755478086827633],[115.18186444110988,4.755178548089621],[115.18188504884172,4.753087099797195],[115.18210042130484,4.75248927700301],[115.18284843969403,4.752092145371526],[115.1830918868339,4.750990684448541],[115.18562851449792,4.7493387399455385],[115.1864344361011,4.749258931326602],[115.18737801751506,4.74885132553352],[115.18774066091804,4.747940067365287],[115.18791951385232,4.746538760468332],[115.18796156080475,4.744865015158433]]]},"properties":{"id":235,"name":"Kg. Labu Estate","mukim":"MUKIM LABU","area":7153886,"district":"Temburong","mukimDisplayName":"Labu"},"id":235},{"type":"Feature","geometry":{"type":"Polygon","coordinates":[[[115.24718033073528,4.69707526773852],[115.24653123577671,4.697543382481056],[115.2459457787065,4.6984887644653766],[115.24408027117926,4.700131037409579],[115.24284436655152,4.700461360380347],[115.24316054774305,4.7010642241477045],[115.24438910407216,4.701748971575823],[115.2456480312379,4.70335423309553],[115.24659344412835,4.705321014370392],[115.2477267296398,4.705800970731403],[115.24824575410062,4.706791567695343],[115.24892402622635,4.707615817134683],[115.24960400810508,4.707875515375993],[115.25067047074515,4.708833876228607],[115.25138772687804,4.710309631322675],[115.25268368577818,4.711901181352388],[115.25370881433814,4.712357271251182],[115.25449317755007,4.713277825926063],[115.25541565560638,4.714866173144057],[115.25573109221949,4.71627651569854],[115.25631937741963,4.716579579473803],[115.25705998317899,4.718766219601848],[115.25805488166453,4.719721025735677],[115.25838408594363,4.720764835747196],[115.25916071074593,4.721659906966585],[115.2593853946992,4.722768665523932],[115.2599470462606,4.7236455994362885],[115.2604281012886,4.725696226191777],[115.26031175151255,4.726292477145801],[115.26067335156698,4.727369909361068],[115.26020547327262,4.727750618854577],[115.25914709084552,4.7277903725556465],[115.25734417922979,4.728190108154232],[115.25734777215881,4.729337003932601],[115.2576304034732,4.731720079643601],[115.25592779802002,4.73219063522512],[115.25483393906677,4.731962618239904],[115.25371426656459,4.732801646220793],[115.25261399951741,4.733237047757669],[115.25274589807927,4.734137029683196],[115.25227598931168,4.734634864461507],[115.25043434968646,4.734870836982346],[115.25004130985764,4.736130559470739],[115.25019245635426,4.7370188077937545],[115.2489561118168,4.738522273824556],[115.24766074362978,4.73913625571861],[115.24656177306994,4.739328984721141],[115.24565426598586,4.739003611165998],[115.2449379739634,4.739271137472355],[115.24424515137022,4.7389308063978115],[115.24284582437622,4.739258082638752],[115.24270219794379,4.739561571454056],[115.24297368763483,4.7409646482333585],[115.24378328761759,4.742290848051365],[115.24369539480666,4.742960615944639],[115.24251446167604,4.74471964467054],[115.24145985192403,4.7457913106566405],[115.24128684241836,4.746586006800047],[115.24152017620098,4.748137544705303],[115.24029003900883,4.7491067209766324],[115.24036087694269,4.749667579671997],[115.23999164606052,4.750989434307975],[115.23885962212148,4.751298845146547],[115.23790426426419,4.752142150524184],[115.23680436658177,4.752436252204677],[115.23484247609633,4.752043576476525],[115.23436867752562,4.752363238629629],[115.23344831565278,4.752175824313488],[115.23251657115468,4.752610144570662],[115.23151118415714,4.754516587227698],[115.22882898135849,4.755183971249095],[115.2276564569985,4.756343487055744],[115.22757360303834,4.756912388468534],[115.22821201556481,4.758219666799119],[115.22852980144867,4.759461412398928],[115.22950223488078,4.760976892103555],[115.23033078825505,4.761225686719241],[115.23065620391414,4.761629638601425],[115.23021277762156,4.762233268076152],[115.23061558225064,4.764483869844786],[115.22994044449766,4.765108301674037],[115.23003230784299,4.765703180844841],[115.23060590185321,4.766542465379676],[115.23147382205367,4.766831907547358],[115.23155415814168,4.767326165294185],[115.23232661218132,4.768392209018648],[115.23132065039678,4.7692608219964026],[115.23115546595014,4.770469441019967],[115.2318209223174,4.771086006062954],[115.22748976994623,4.771722231499126],[115.21635883248078,4.762936386034497],[115.19480838742808,4.768439161602412],[115.19334776948665,4.767058573453186],[115.19375729724223,4.766475969966892],[115.19388050935979,4.765310970105679],[115.19546634865524,4.764045189024371],[115.19565480892197,4.763358554877641],[115.1953970910615,4.762402261760811],[115.19570129057787,4.761768625101958],[115.19727019619832,4.761438590071436],[115.19804822426141,4.761100878905659],[115.19896799604324,4.760363849042349],[115.19910913303939,4.759789048737537],[115.1985865060445,4.758506680268669],[115.19917434142323,4.757649694062424],[115.20041272857382,4.75744608464657],[115.20153946044599,4.756702615727674],[115.20154240867433,4.75604172683957],[115.2009063302479,4.755036879291057],[115.20089269176957,4.754113789963082],[115.20057031934725,4.753113097415101],[115.20114184963911,4.752077831495455],[115.19118850249384,4.744753363421094],[115.18796156080475,4.744865015158433],[115.188205023983,4.742307874129448],[115.18806177289642,4.740454371046167],[115.18864234053052,4.7396255959093905],[115.18990596730593,4.739349332973472],[115.19027867470977,4.738676510643783],[115.18947935213728,4.737747716946891],[115.18908850844353,4.736815819294181],[115.18742858366295,4.735443899542903],[115.18691084140414,4.734158191123311],[115.185591375348,4.732874395712325],[115.18372821110053,4.732058485849593],[115.18190123594287,4.730295816736946],[115.17989042609602,4.729115633203373],[115.17788858696997,4.727510551028312],[115.17702360560313,4.7260744860592965],[115.17622884946881,4.725249414238778],[115.17468864275455,4.724068516773754],[115.16786848419686,4.720617122486235],[115.16534386971936,4.719642447190653],[115.1640557598482,4.719066134279121],[115.16934286453558,4.719066662112742],[115.17791303652666,4.71891199323268],[115.19163218083328,4.718890346087235],[115.19742276670115,4.718660849112485],[115.20676804950935,4.709012878311853],[115.21818799438876,4.697222769579855],[115.2182323435287,4.697177108538726],[115.24718033073528,4.69707526773852]]]},"properties":{"id":236,"name":"Kg. Senukoh","mukim":"MUKIM LABU","area":43784264,"district":"Temburong","mukimDisplayName":"Labu"},"id":236},{"type":"Feature","geometry":{"type":"Polygon","coordinates":[[[115.18796156080475,4.744865015158433],[115.18791951385232,4.746538760468332],[115.18774066091804,4.747940067365287],[115.18737801751506,4.74885132553352],[115.1864344361011,4.749258931326602],[115.18562851449792,4.7493387399455385],[115.1830918868339,4.750990684448541],[115.18284843969403,4.752092145371526],[115.18210042130484,4.75248927700301],[115.18188504884172,4.753087099797195],[115.18186444110988,4.755178548089621],[115.18111947800648,4.755478086827633],[115.18019811783192,4.755481260133843],[115.17877998840501,4.756173221646511],[115.17697532555538,4.756070064716455],[115.17570687368524,4.755612252061197],[115.17509394885205,4.75599950235934],[115.17448351893421,4.757118519014617],[115.17354376499597,4.7569814207292875],[115.16984043289499,4.753300745932963],[115.1690293057394,4.75237593059946],[115.16631661216022,4.749642572085804],[115.16495808948915,4.748462434399392],[115.16469115048231,4.747341299735592],[115.16533405991407,4.746356107275926],[115.16533481857056,4.745418897012075],[115.164739727393,4.744395548136065],[115.16242884288923,4.7420044770442935],[115.15970683674165,4.739332176274358],[115.15813058723685,4.737407749801872],[115.15769439534776,4.736548345734919],[115.15496150810797,4.733980634979993],[115.15426427539217,4.733068700783501],[115.15442198014699,4.73172255273622],[115.15428912060378,4.730091370791636],[115.15462510247762,4.728316708097353],[115.15615900960603,4.72607020108424],[115.15648518500457,4.723399342771944],[115.15738076048392,4.722492708380994],[115.15907517288748,4.721393414930009],[115.16041020168763,4.720815387601569],[115.16267715155067,4.719584114824457],[115.16369533891928,4.719445813099675],[115.16534386971936,4.719642447190653],[115.16786848419686,4.720617122486235],[115.17468864275455,4.724068516773754],[115.17622884946881,4.725249414238778],[115.17702360560313,4.7260744860592965],[115.17788858696997,4.727510551028312],[115.17989042609602,4.729115633203373],[115.18190123594287,4.730295816736946],[115.18372821110053,4.732058485849593],[115.185591375348,4.732874395712325],[115.18691084140414,4.734158191123311],[115.18742858366295,4.735443899542903],[115.18908850844353,4.736815819294181],[115.18947935213728,4.737747716946891],[115.19027867470977,4.738676510643783],[115.18990596730593,4.739349332973472],[115.18864234053052,4.7396255959093905],[115.18806177289642,4.740454371046167],[115.188205023983,4.742307874129448],[115.18796156080475,4.744865015158433]]]},"properties":{"id":237,"name":"Hutan Simpan Perdayan","mukim":"MUKIM LABU","area":9839061,"district":"Temburong","mukimDisplayName":"Labu"},"id":237},{"type":"Feature","geometry":{"type":"Polygon","coordinates":[[[114.83867611089765,4.750340174259772],[114.83518328898671,4.750532620096577],[114.82442030845162,4.757007804381827],[114.821648689011,4.759056002501612],[114.82181407938405,4.759732668381498],[114.81747153348208,4.761371769856414],[114.81680790481913,4.762546614013524],[114.81786420095405,4.763840135981984],[114.817840975193,4.764370400292588],[114.81706847528707,4.765120500738082],[114.815370016588,4.764571790351661],[114.81411680626644,4.762928954979185],[114.81367349457328,4.752196769855147],[114.81160855440321,4.754295973115445],[114.80897291767012,4.756165936706022],[114.80537634599027,4.756141834004697],[114.80338972590899,4.756142618481448],[114.79109186776796,4.751865492408201],[114.80575723755328,4.735322442978673],[114.80778501825608,4.736036749498637],[114.80914582771888,4.736672855929216],[114.81089423072716,4.737871638676132],[114.81224131633664,4.738628458780973],[114.81372978467424,4.7391819371473485],[114.81778388904075,4.740452427344089],[114.82080481218291,4.741186109442637],[114.82080936581421,4.74272587715876],[114.827078416723,4.74270719356898],[114.8301282996459,4.743513727103535],[114.83321024689751,4.7441070600018795],[114.83507943016123,4.7447887998003315],[114.83602885552934,4.745569947041614],[114.83787019416346,4.748629172929158],[114.83867611089765,4.750340174259772]]]},"properties":{"id":238,"name":"Kg. Kuala Lurah","mukim":"MUKIM PANGKALAN BATU","area":7802089.5,"district":"Brunei-Muara","mukimDisplayName":"Pangkalan Batu"},"id":238},{"type":"Feature","geometry":{"type":"Polygon","coordinates":[[[114.79438549164215,4.826798723267793],[114.78993549088167,4.828066385853651],[114.78953782216294,4.828452749978169],[114.79000372211415,4.830043777728947],[114.7892210673597,4.830490967140977],[114.78943530808984,4.831140888595093],[114.78792073278049,4.832142808403939],[114.78749882071736,4.832134130953304],[114.7857401430763,4.8328968720407355],[114.78412364511348,4.832421751326387],[114.78411962668457,4.830972050399495],[114.77696696139017,4.830992018580835],[114.77698080598594,4.835915533956122],[114.76934354028643,4.840815294466434],[114.75516287834347,4.83834870304011],[114.75758957511151,4.831280846517149],[114.75950976883324,4.825942790062367],[114.76257488004623,4.825526329296094],[114.77313519638555,4.815638513855068],[114.77791010687797,4.812895635279123],[114.77433441103855,4.805786489963899],[114.77671352651204,4.804583701700881],[114.7745462559465,4.800473446975188],[114.77752817493092,4.79859019371885],[114.77944744120649,4.802961838812544],[114.7814308333015,4.801403743158122],[114.78254827934451,4.803490240141906],[114.78259646506724,4.805631017357338],[114.78343568528295,4.806781250755631],[114.78397240041888,4.808051453824935],[114.78478485013585,4.808809313804152],[114.78602326365947,4.809174793802465],[114.78695834027486,4.809666068396501],[114.78810086884447,4.8111611573203525],[114.79096768388817,4.816945813617514],[114.79223980501261,4.8204296986935375],[114.79438549164215,4.826798723267793]]]},"properties":{"id":240,"name":"Kg. Maraburong","mukim":"MUKIM KERIAM","area":9033395,"district":"Tutong","mukimDisplayName":"Keriam"},"id":240},{"type":"Feature","geometry":{"type":"Polygon","coordinates":[[[114.80277579653637,4.860917510758575],[114.80196994881331,4.860862822077652],[114.79719836145553,4.858861835631905],[114.77790471942512,4.861912051478148],[114.76934354028643,4.840815294466434],[114.77698080598594,4.835915533956122],[114.77696696139017,4.830992018580835],[114.78411962668457,4.830972050399495],[114.78412364511348,4.832421751326387],[114.7857401430763,4.8328968720407355],[114.78749882071736,4.832134130953304],[114.78792073278049,4.832142808403939],[114.78943530808984,4.831140888595093],[114.7892210673597,4.830490967140977],[114.79000372211415,4.830043777728947],[114.78953782216294,4.828452749978169],[114.78993549088167,4.828066385853651],[114.79438549164215,4.826798723267793],[114.79552506083704,4.82966370072661],[114.79628138697781,4.830874463325815],[114.7971393379862,4.83292655532141],[114.79734408595567,4.834541376924186],[114.79816645596789,4.835789810934279],[114.79842429396759,4.836868085167124],[114.79830021793033,4.8373442213184505],[114.79816965773821,4.838311293292552],[114.79932170270963,4.841116529315164],[114.7994577296666,4.841774057303986],[114.80053175786323,4.8450673114887435],[114.80082597842407,4.8464478657385754],[114.80242940179117,4.849254031899417],[114.80317517436654,4.8514720522469945],[114.80386575786748,4.854471944153138],[114.80409788588734,4.856968998491084],[114.80400444852779,4.858161900215605],[114.80363886231476,4.858915246746733],[114.80395746414337,4.859430249809735],[114.80277579653637,4.860917510758575]]]},"properties":{"id":241,"name":"Kg. Kupang","mukim":"MUKIM KERIAM","area":9846546,"district":"Tutong","mukimDisplayName":"Keriam"},"id":241},{"type":"Feature","geometry":{"type":"Polygon","coordinates":[[[114.77433441103855,4.805786489963899],[114.77791010687797,4.812895635279123],[114.77313519638555,4.815638513855068],[114.76257488004623,4.825526329296094],[114.75894458913461,4.82138890711984],[114.75751922602309,4.819615973091478],[114.75614993835256,4.817735816675752],[114.75611847222937,4.816506898562148],[114.75582412587426,4.815836851704877],[114.75329936951621,4.811278668574434],[114.75271095454421,4.809556677848293],[114.75236082634328,4.80798977002765],[114.75500891040438,4.807783361466127],[114.754943357937,4.807516420415329],[114.75612707514024,4.806920648555241],[114.7604841262263,4.799198674289212],[114.76588340462746,4.80283047498036],[114.76935766840211,4.806865055326068],[114.77170766918398,4.806463675749047],[114.77201362970543,4.806967179113075],[114.77433441103855,4.805786489963899]]]},"properties":{"id":242,"name":"Kg. Sungai Kelugos","mukim":"MUKIM KERIAM","area":4215498,"district":"Tutong","mukimDisplayName":"Keriam"},"id":242},{"type":"Feature","geometry":{"type":"Polygon","coordinates":[[[114.77415259361874,4.788175447521453],[114.77299067812507,4.788148419388309],[114.76538964075208,4.792873083681621],[114.76413679487584,4.794024413659497],[114.76490490967404,4.795284901055859],[114.76415214801496,4.795510871957896],[114.76211433581652,4.796751687984673],[114.7615820663248,4.795856588328122],[114.75942142889755,4.797029001446684],[114.75720678257996,4.7941747688872605],[114.73139580545701,4.77994257990623],[114.73112805793168,4.7798187510079275],[114.73432834291621,4.772871100658232],[114.73769259717929,4.769010118735042],[114.74238720138317,4.7748419535742],[114.74463072826941,4.777874016344105],[114.74465026443663,4.779114765996905],[114.74747970445316,4.780857765524729],[114.74897649347943,4.779604943427078],[114.74794069047525,4.77789585059685],[114.74857884716099,4.777152056662631],[114.747548686701,4.775573633944848],[114.74827745760227,4.775345186127203],[114.74847887630258,4.7759821070009565],[114.74933228467576,4.7770822779353885],[114.75027387192337,4.776756389542066],[114.75156386769088,4.777090504013967],[114.7546274956923,4.778317303184601],[114.75749247489375,4.772210164711036],[114.771458545849,4.765793989196298],[114.77161125638617,4.766298684471539],[114.77329506102842,4.7675661245211485],[114.77390175006539,4.768693131525293],[114.77455089532089,4.770302694039314],[114.77512448397026,4.771255169295757],[114.77686360511653,4.775080129079765],[114.7777567143925,4.778215140201381],[114.77782053932695,4.780160497022702],[114.7776349634098,4.788256403996085],[114.77415259361874,4.788175447521453]]]},"properties":{"id":243,"name":"Kg. Birau","mukim":"MUKIM KIUDANG","area":9332838,"district":"Tutong","mukimDisplayName":"Kiudang"},"id":243},{"type":"Feature","geometry":{"type":"Polygon","coordinates":[[[114.7859553307473,4.731017886845765],[114.77962465296388,4.741583499678382],[114.77940248824754,4.742490792059725],[114.78030469820237,4.7435259318325285],[114.78057608049673,4.744239032756002],[114.78010594366627,4.745509934868999],[114.77253555771613,4.7628910147851675],[114.7714609438214,4.76478202820194],[114.771458545849,4.765793989196298],[114.75749247489375,4.772210164711036],[114.75205380059127,4.762615210724501],[114.74632184753257,4.762736321563391],[114.74431918819835,4.763863489195013],[114.74315157723608,4.756671680211096],[114.74582375298638,4.756337198725131],[114.74566447937968,4.754928273551854],[114.74516851890351,4.754543448605071],[114.74487057163807,4.751850768431295],[114.74451207922927,4.751069990134534],[114.74448273280555,4.749699464166833],[114.75547715922079,4.735171600039095],[114.75729352772763,4.735157859860728],[114.7771173878958,4.727840867207591],[114.77741340864675,4.729209529369384],[114.77819616933772,4.730441724164159],[114.77864925662146,4.731837672099432],[114.77893137484853,4.7319815493619375],[114.78032297754488,4.731788406131968],[114.78080268392044,4.731486576820991],[114.7813482188491,4.730380783893144],[114.78265005905936,4.729738532413613],[114.78331167548887,4.729801595673861],[114.78466590771724,4.730899278748078],[114.7859553307473,4.731017886845765]]]},"properties":{"id":244,"name":"Kg. Batang Mitus","mukim":"MUKIM KIUDANG","area":13125472,"district":"Tutong","mukimDisplayName":"Kiudang"},"id":244},{"type":"Feature","geometry":{"type":"Polygon","coordinates":[[[114.89393128095705,4.928881846278963],[114.89395239446202,4.929616005235098],[114.89326897703947,4.9312961871875345],[114.89328789601687,4.93229171817408],[114.89305816828156,4.933009579178932],[114.89187781657428,4.932679815556159],[114.89008648292706,4.932371589542409],[114.88808383678636,4.932397815915452],[114.88661829708802,4.9326094612193305],[114.88501811257112,4.932890577525222],[114.88445686792075,4.932953793338358],[114.88433546687837,4.932967467709383],[114.88439619472211,4.932596636935434],[114.88477737807962,4.931735210899516],[114.8857540490166,4.927447849909558],[114.88624215262243,4.926203999596783],[114.88856732510135,4.926077682428344],[114.88873592947793,4.925620524665949],[114.88952903727531,4.925195239777164],[114.88968203080435,4.9243944380430715],[114.89136712486744,4.92352423003792],[114.89497691206098,4.9276513659665655],[114.89451047221667,4.927937818216873],[114.89421905076289,4.928116787530597],[114.89391717023084,4.928391160805318],[114.89393128095705,4.928881846278963]]]},"properties":{"id":252,"name":"STKRJ Tungku Kawasan 2","mukim":"MUKIM GADONG A","area":769897.625,"district":"Brunei-Muara","mukimDisplayName":"Gadong A"},"id":252},{"type":"Feature","geometry":{"type":"Polygon","coordinates":[[[114.89393128095705,4.928881846278963],[114.89873747782103,4.930714350475635],[114.89814103927897,4.931392744395153],[114.89860462380224,4.932249341028473],[114.89816188525147,4.933250010990152],[114.89906535045876,4.9345794856800005],[114.89978771371327,4.934168060674937],[114.90060241318567,4.934101140546567],[114.90261131515945,4.934780341927293],[114.90216948331002,4.93613722303738],[114.90357995042234,4.936785340742258],[114.903516945096,4.937379018073836],[114.90423509881488,4.937623829401145],[114.90334644263744,4.9389862560412],[114.90512872394785,4.940408449230724],[114.89915818568801,4.939734480692714],[114.89442477560662,4.938309449845025],[114.89297513618538,4.93774748431845],[114.8929296408017,4.937474037734543],[114.89271139628262,4.936926184630798],[114.89245836192401,4.936769958393434],[114.89245384556455,4.93674561411421],[114.8924397290612,4.936669517223184],[114.89246670618272,4.936644566064344],[114.89274864315259,4.9361378344872495],[114.89273323149509,4.935662028755199],[114.89271942318149,4.935437884406544],[114.89272097562404,4.935437793763433],[114.89298486015704,4.935422369102544],[114.8929750501655,4.93529299948064],[114.89297732655977,4.934947802673205],[114.8930030013855,4.934948102476679],[114.89300389068413,4.934873746862512],[114.8930046122169,4.934813367746047],[114.89300465325975,4.934809949138158],[114.89299694295148,4.934233586536629],[114.89299173236694,4.934003848674798],[114.89281843756005,4.933259999998322],[114.89305816828156,4.933009579178932],[114.89328789601687,4.93229171817408],[114.89326897703947,4.9312961871875345],[114.89395239446202,4.929616005235098],[114.89393128095705,4.928881846278963]]]},"properties":{"id":253,"name":"STKRJ Rimba","mukim":"MUKIM GADONG A","area":929474.1875,"district":"Brunei-Muara","mukimDisplayName":"Gadong A"},"id":253},{"type":"Feature","geometry":{"type":"Polygon","coordinates":[[[114.93793617083352,4.889770181128233],[114.93859172057377,4.89055891042297],[114.93854533610015,4.891445122814348],[114.9391193072431,4.893183126805437],[114.93743086798608,4.89369764801812],[114.93663579782444,4.893720465663551],[114.93544183462392,4.893041372177176],[114.9359930603906,4.891398535961371],[114.93684829946123,4.891791280880251],[114.93745664183132,4.8897701511832725],[114.93793617083352,4.889770181128233]]]},"properties":{"id":254,"name":"Kg. Sumbiling Lama","mukim":"MUKIM SUNGAI KEDAYAN","area":101005.84375,"district":"Brunei-Muara","mukimDisplayName":"Sungai Kedayan"},"id":254},{"type":"Feature","geometry":{"type":"Polygon","coordinates":[[[114.93793617083352,4.889770181128233],[114.93745664183132,4.8897701511832725],[114.93684829946123,4.891791280880251],[114.9359930603906,4.891398535961371],[114.9363881963606,4.88956217285807],[114.93664052525173,4.88831208385846],[114.93779163526172,4.8889887015164675],[114.93793617083352,4.889770181128233]]]},"properties":{"id":255,"name":"Kg. Bukit Salat","mukim":"MUKIM SUNGAI KEDAYAN","area":44037.1171875,"district":"Brunei-Muara","mukimDisplayName":"Sungai Kedayan"},"id":255},{"type":"Feature","geometry":{"type":"Polygon","coordinates":[[[114.94262898298125,4.894070006209728],[114.94148294761081,4.895142612609439],[114.94109803716869,4.895900512118955],[114.94058545010311,4.8956283645196095],[114.93976509164352,4.894482610241018],[114.93760306415506,4.894369684863343],[114.93539682921589,4.893171681393901],[114.93544183462392,4.893041372177176],[114.93663579782444,4.893720465663551],[114.93743086798608,4.89369764801812],[114.9391193072431,4.893183126805437],[114.93854533610015,4.891445122814348],[114.93859172057377,4.89055891042297],[114.93793617083352,4.889770181128233],[114.93779163526172,4.8889887015164675],[114.93862580379648,4.8881443547871],[114.93895587639348,4.88802413766583],[114.93912845426489,4.88706408087874],[114.93974930075525,4.886466491721867],[114.9402961184137,4.885765139179506],[114.94058224883412,4.884801176980646],[114.9417249304058,4.885165593678589],[114.94308788395756,4.885402498208193],[114.94448749750934,4.885471972589621],[114.9444933076572,4.88734752364368],[114.94358796374517,4.892813186252358],[114.94320699055096,4.893546060247659],[114.94262898298125,4.894070006209728]]]},"properties":{"id":256,"name":"PUSAT BANDAR","mukim":"MUKIM KIANGGEH","area":626277.5625,"district":"Brunei-Muara","mukimDisplayName":"Kianggeh"},"id":256},{"type":"Feature","geometry":{"type":"Polygon","coordinates":[[[114.9338160873325,4.853972288633655],[114.92763980428495,4.854054196585419],[114.92659919673487,4.854868486646879],[114.92477770169225,4.855230324952421],[114.92275580539416,4.856775512960557],[114.92185589237778,4.856971152748146],[114.92039306263746,4.858175135308646],[114.91983244944166,4.857696688275139],[114.91919957659094,4.8589236855949665],[114.91866062330661,4.859110336102351],[114.91809330778779,4.860736272130472],[114.9160286674569,4.857293850529097],[114.91497183797806,4.856288161907911],[114.9143521523371,4.855974670462237],[114.91306270473726,4.85592381597731],[114.91149506339755,4.856298305896941],[114.91131838464959,4.854541533292198],[114.91161983817597,4.8525811104876535],[114.9113024802545,4.8516045334639255],[114.90884930575861,4.851249440006719],[114.90801502778402,4.850857829571083],[114.90791672417312,4.850175376568713],[114.90929648466212,4.848417297303536],[114.90920733399032,4.847534618695871],[114.90858357021676,4.846590515997473],[114.9086413837958,4.844934801388623],[114.90897035715501,4.8445711478431095],[114.90978047346768,4.844773627013185],[114.91018056439228,4.844535890390301],[114.9107255173468,4.842839256359611],[114.90922158481719,4.841913630872497],[114.91033816185895,4.840658319074147],[114.91067206495615,4.8407142114174135],[114.913670672351,4.843440076556263],[114.91454418550876,4.842693355171604],[114.91383517585986,4.84081045048986],[114.91468074645807,4.840494060608661],[114.91468395437757,4.83990662028161],[114.91512714250787,4.839114711976567],[114.91570134588315,4.83930394526614],[114.91716865830485,4.838932010956265],[114.91710587428601,4.8384873619386255],[114.91798426729805,4.838276642079546],[114.91832459052745,4.838818786021394],[114.91894444108718,4.838456249331498],[114.92026545969361,4.838521124346096],[114.93496034290918,4.837858309635835],[114.93503452685518,4.851102748311819],[114.93501925676816,4.854003028081389],[114.9338160873325,4.853972288633655]]]},"properties":{"id":257,"name":"Kg. Panchor","mukim":"MUKIM LUMAPAS","area":5217726.5,"district":"Brunei-Muara","mukimDisplayName":"Lumapas"},"id":257},{"type":"Feature","geometry":{"type":"Polygon","coordinates":[[[114.91512714250787,4.839114711976567],[114.91468395437757,4.83990662028161],[114.91468074645807,4.840494060608661],[114.91383517585986,4.84081045048986],[114.91454418550876,4.842693355171604],[114.913670672351,4.843440076556263],[114.91067206495615,4.8407142114174135],[114.91033816185895,4.840658319074147],[114.90980083383444,4.8394868109669495],[114.91065732892027,4.839219068300537],[114.91076489159428,4.838559207254491],[114.91042128025474,4.837913668150568],[114.91043157902646,4.837066592311841],[114.90999256617603,4.836841634195957],[114.90989679722094,4.835892195343213],[114.9125924108319,4.835476514034013],[114.91364102440933,4.836705071233016],[114.91409473059224,4.836529322472935],[114.91512714250787,4.839114711976567]]]},"properties":{"id":258,"name":"STKRJ Lumapas Kawasan 1","mukim":"MUKIM LUMAPAS","area":322663,"district":"Brunei-Muara","mukimDisplayName":"Lumapas"},"id":258},{"type":"Feature","geometry":{"type":"Polygon","coordinates":[[[114.87304186025683,4.905753904004287],[114.87252171623447,4.907177452373328],[114.86981994483041,4.905918022663466],[114.86471732987148,4.903719407003444],[114.86647273522956,4.896757882051553],[114.86836879511704,4.89496962433518],[114.87314638806387,4.890352931354403],[114.87384427922402,4.8907978360014415],[114.87286857177737,4.892170888301271],[114.87221248235974,4.894182008381294],[114.87224236469488,4.8967212404610905],[114.8727423963391,4.898327039037874],[114.87339670943857,4.899226732886481],[114.87242729957138,4.900247714177088],[114.87222667591614,4.900808459220561],[114.87213305563287,4.905664601882677],[114.87304186025683,4.905753904004287]]]},"properties":{"id":249,"name":null,"mukim":"MUKIM GADONG B","area":965514.5625,"district":"Brunei-Muara","mukimDisplayName":"Gadong B"},"id":249},{"type":"Feature","geometry":{"type":"Polygon","coordinates":[[[114.90552626067576,4.915465654878976],[114.90310909981017,4.918693661989821],[114.90148393784966,4.920560662462188],[114.90234960741931,4.922487599716687],[114.90163732377903,4.9228401952404175],[114.9008479735774,4.92289823741264],[114.90033665942383,4.9219294709579815],[114.89901474330682,4.922646943363069],[114.8991285390092,4.923346773007109],[114.89828380068575,4.92334092927102],[114.89810890915201,4.922431292076525],[114.89700171905146,4.9238910173981845],[114.89656278146356,4.923612567437958],[114.89636208498723,4.923493582595503],[114.8963433626506,4.920381653035244],[114.89632840096316,4.91742660261598],[114.89798789309701,4.916386463475883],[114.89924119900665,4.915081485112285],[114.9007344393963,4.913918774372265],[114.90218341534859,4.913739969488651],[114.90429527380168,4.913300829131683],[114.90546443842427,4.913493774073521],[114.90552626067576,4.915465654878976]]]},"properties":{"id":250,"name":"STKRJ Tungku Kawasan 1","mukim":"MUKIM GADONG A","area":703642.0625,"district":"Brunei-Muara","mukimDisplayName":"Gadong A"},"id":250},{"type":"Feature","geometry":{"type":"Polygon","coordinates":[[[114.88442668502097,4.921210985780164],[114.88444127654402,4.921304354835469],[114.88456057039487,4.92206770455766],[114.88464188002855,4.92492410476175],[114.88462605518316,4.925095416267198],[114.88458427210888,4.925256067309983],[114.88447005530912,4.9255039812832315],[114.88368654820452,4.926754936518678],[114.88346360080979,4.9288853772431525],[114.88195849125727,4.928556455510633],[114.88105622650387,4.927801788099905],[114.88064337717063,4.926942766948046],[114.8784306314772,4.927610209223822],[114.87676282652467,4.926961287032279],[114.87648486483032,4.926729821700758],[114.87583408558888,4.926187899743232],[114.87579847016481,4.926158241391974],[114.87578663391112,4.926148384407967],[114.87584214496441,4.925888449903071],[114.87599009217769,4.925236865697918],[114.87612897476285,4.924569481558166],[114.87620317469579,4.924318862237954],[114.87625220974297,4.924133319956313],[114.87627556438746,4.924050388154138],[114.87627847011676,4.924040071459654],[114.87557296353833,4.9212049817688115],[114.8844345470039,4.920666390238219],[114.88442668502097,4.921210985780164]]]},"properties":{"id":251,"name":"STKRJ Tungku Kawasan 3","mukim":"MUKIM GADONG A","area":691483.8125,"district":"Brunei-Muara","mukimDisplayName":"Gadong A"},"id":251},{"type":"Feature","geometry":{"type":"Polygon","coordinates":[[[115.05053986643168,4.682939920854134],[115.04728438542688,4.683834423956231],[115.0473630187164,4.685099755472203],[115.04655041367056,4.685506813771598],[115.04573988918749,4.686227032737111],[115.0450084876205,4.686072965425367],[115.0449045250724,4.686665988412653],[115.04321688726182,4.6868887038697515],[115.04348265973788,4.685400568895542],[115.04168991568119,4.685380121843515],[115.04175318796959,4.684356504772207],[115.03702088361796,4.684844963604454],[115.03768945065983,4.684347207997668],[115.03945794429124,4.6841267280214405],[115.04066082035902,4.683579334428868],[115.0410252843121,4.680670075539692],[115.04135432450329,4.678900770832378],[115.04203378366401,4.678061237158511],[115.0432172021747,4.67699394875443],[115.04342361463358,4.676552761311887],[115.04539834674034,4.677503510936531],[115.05066091395514,4.676345170207717],[115.05053986643168,4.682939920854134]]]},"properties":{"id":222,"name":"Kg. Buda-Buda","mukim":"MUKIM BOKOK","area":940747.875,"district":"Temburong","mukimDisplayName":"Bokok"},"id":222},{"type":"Feature","geometry":{"type":"Polygon","coordinates":[[[115.046770869905,4.667935221229859],[115.05221183265392,4.667917379053619],[115.05495624316768,4.67034210055884],[115.053751606031,4.672025739748032],[115.05066091395514,4.676345170207717],[115.04539834674034,4.677503510936531],[115.04342361463358,4.676552761311887],[115.04347451310505,4.675483720400117],[115.04291553624678,4.674784895982037],[115.04169356833258,4.6741392445941905],[115.0411108583206,4.672876409248764],[115.04105961379229,4.672195729506466],[115.04178143909134,4.671302425660221],[115.04408232117821,4.669822774426769],[115.046770869905,4.667935221229859]]]},"properties":{"id":223,"name":"Kg. Belais Kecil","mukim":"MUKIM BOKOK","area":1092910.75,"district":"Temburong","mukimDisplayName":"Bokok"},"id":223},{"type":"Feature","geometry":{"type":"Polygon","coordinates":[[[115.06236135348462,4.66813750529237],[115.05690002524938,4.667625269286611],[115.05495624316768,4.67034210055884],[115.05221183265392,4.667917379053619],[115.046770869905,4.667935221229859],[115.0469865016663,4.666930873957904],[115.04645762610667,4.666618138017093],[115.04430843784223,4.667036324584777],[115.04213250778942,4.667297948203145],[115.03996421411317,4.667274102824152],[115.03899444478648,4.6666761021364795],[115.03900163403316,4.666030322296831],[115.03999149196362,4.665180461843627],[115.040963990019,4.664704179989297],[115.04130949209176,4.664093017115802],[115.0406900492139,4.662441440645354],[115.04255706753808,4.661284874922595],[115.04519380629348,4.661377987822286],[115.0487456335691,4.662231160553861],[115.05737815843415,4.660509213679465],[115.05756182583916,4.660472576184552],[115.063402346383,4.663505617697962],[115.06236135348462,4.66813750529237]]]},"properties":{"id":224,"name":"Kg. Belais Besar","mukim":"MUKIM BOKOK","area":1749825.875,"district":"Temburong","mukimDisplayName":"Bokok"},"id":224},{"type":"Feature","geometry":{"type":"Polygon","coordinates":[[[115.0774504248806,4.657941386689183],[115.07183188485784,4.662888268126215],[115.06914995339005,4.665545687448353],[115.06612485764026,4.668531799585119],[115.06236135348462,4.66813750529237],[115.063402346383,4.663505617697962],[115.05756182583916,4.660472576184552],[115.05737815843415,4.660509213679465],[115.05639090505088,4.659001158129873],[115.05562193001096,4.656409244810413],[115.05724449210297,4.65645477764697],[115.05790655136018,4.6553234622151605],[115.05530745461348,4.652381959718957],[115.05529919443798,4.651673461003071],[115.05474222782011,4.65043117199968],[115.05479275333168,4.64956311504161],[115.05691086353191,4.647451628560592],[115.06051356077243,4.6437899870509085],[115.06330720455804,4.640991132513705],[115.0783263827676,4.6408152844088715],[115.07756925092482,4.643389822247284],[115.07526509230071,4.651258708355026],[115.0774504248806,4.657941386689183]]]},"properties":{"id":225,"name":"Kg. Rataie","mukim":"MUKIM BOKOK","area":5384480,"district":"Temburong","mukimDisplayName":"Bokok"},"id":225},{"type":"Feature","geometry":{"type":"Polygon","coordinates":[[[115.13631250314852,4.716707863435732],[115.13552010939664,4.717259205420946],[115.13334186695238,4.728658942689357],[115.13329023229363,4.729523292657322],[115.13353609221436,4.730738543648907],[115.13336373952603,4.732055903324786],[115.13159279309606,4.732361304130779],[115.12995256165168,4.747440829204016],[115.12924465028593,4.7476370408405915],[115.12861351051401,4.747441895883853],[115.11854247988168,4.74182152053899],[115.10557796106694,4.745218128340134],[115.11208913395139,4.728037127855903],[115.11339008173789,4.728153039974265],[115.11463714731973,4.727507960215693],[115.11431110415452,4.726227270054667],[115.11524073151665,4.724194940919005],[115.11709560100093,4.722883222501758],[115.11734778944157,4.723168492709083],[115.11971918767199,4.720612682833579],[115.1216139307847,4.719686628543383],[115.12348572890993,4.717700447054747],[115.12435350515254,4.717261469924774],[115.12303126681165,4.7160020520275685],[115.12357631914216,4.715322833859392],[115.12452834401168,4.713464098999479],[115.12446945101237,4.712676504674764],[115.12522798781346,4.712018162129871],[115.12684613049191,4.711190438977483],[115.12785039829696,4.71128899411004],[115.12827253872732,4.710944064731786],[115.13016126590388,4.7108573907236915],[115.13162668300023,4.710213373179178],[115.13631250314852,4.716707863435732]]]},"properties":{"id":211,"name":"Kg. Negalang Ering","mukim":"MUKIM BATU APOI","area":7430528.5,"district":"Temburong","mukimDisplayName":"Batu Apoi"},"id":211},{"type":"Feature","geometry":{"type":"Polygon","coordinates":[[[115.10300248920251,4.723435065629683],[115.10186638629607,4.725549744220999],[115.10124656165533,4.726990261814641],[115.1009849663394,4.728011816728653],[115.10051785341307,4.728416902502613],[115.09984670768219,4.728239462276633],[115.09900764305696,4.725340916055415],[115.099135174571,4.723845074945483],[115.09883507147683,4.7232431616943344],[115.09826027340554,4.723358154587369],[115.09711564398452,4.724558098688394],[115.09667483190844,4.725339206593213],[115.0968183968044,4.726995098930809],[115.097257811051,4.727970953519072],[115.09737760111965,4.728935351168565],[115.09797940768662,4.729194448332773],[115.0989010622491,4.728873298309116],[115.09980792971426,4.729698280003706],[115.1011626429924,4.730466860695484],[115.10209870298473,4.7306145623709295],[115.10386439869986,4.731667585862179],[115.10451055323693,4.731622615558624],[115.10492942423586,4.730789764640472],[115.10464421722344,4.72811987147009],[115.10516104360777,4.727597883733657],[115.10605349355932,4.727781103841945],[115.10675428639493,4.728653970311679],[115.1071458074038,4.730358265909793],[115.10622980436592,4.732281214501109],[115.10652138697849,4.732943294464156],[115.10636129965789,4.733873769963583],[115.10672279525801,4.734940694094219],[115.1062750751666,4.735545321437355],[115.10495539336499,4.735231223086492],[115.10354214015705,4.734122612168165],[115.1028165833776,4.73535891675606],[115.10298955857347,4.73631597654015],[115.10359867487996,4.73801743144029],[115.1042307241864,4.739296247208435],[115.10408782033265,4.740211915997196],[115.10345000328302,4.740626259917262],[115.10256173981861,4.740220798264077],[115.10135124074019,4.739101656978433],[115.09865187392411,4.736222468413883],[115.09743018055279,4.736109849845922],[115.09707027244518,4.7371904770570765],[115.09746926658963,4.7391291977881504],[115.09779111584687,4.73972618473109],[115.10015226075292,4.741454140170285],[115.10149160051306,4.741951969194477],[115.10297639569158,4.742107549454646],[115.10366135279139,4.742371268911468],[115.10379067397996,4.742904024009859],[115.1033467298307,4.743651970575529],[115.10190569646635,4.745021744979202],[115.10017438946768,4.745835698844201],[115.09769964797046,4.747478686936288],[115.0970014308053,4.746723876315539],[115.09523764926539,4.747704927849823],[115.09540878216852,4.746132897448548],[115.09493206613381,4.7449044019242645],[115.09463402491068,4.742548199866129],[115.09405707688195,4.739143864061691],[115.09414490453165,4.737251082856457],[115.09432989357074,4.7361154245777835],[115.09343877063661,4.733455453348767],[115.09383711911363,4.733370015669718],[115.09190691767841,4.730588180985541],[115.09180819334202,4.729358219914318],[115.09058601392142,4.726931935870595],[115.08924545254747,4.723995787476492],[115.09306641483514,4.721746184101567],[115.09566732258125,4.722789194882925],[115.09770253053468,4.722698566074785],[115.09962774757935,4.722556898675398],[115.10232206414396,4.722854975367955],[115.10300248920251,4.723435065629683]]]},"properties":{"id":212,"name":"Kg. Selilit","mukim":"MUKIM BATU APOI","area":2666505.25,"district":"Temburong","mukimDisplayName":"Batu Apoi"},"id":212},{"type":"Feature","geometry":{"type":"Polygon","coordinates":[[[114.34000046626502,4.454393266155527],[114.34932238963691,4.4555919673215465],[114.3505674748399,4.456249125809326],[114.35026239990623,4.456783454809541],[114.35148973550413,4.457549182391878],[114.35034646880764,4.458278404582903],[114.35053111570018,4.4586134246917455],[114.3503834663151,4.459754378247933],[114.3494348652798,4.46089406735364],[114.34735118668301,4.463636426224457],[114.34673388376285,4.46407403584006],[114.34546067477011,4.46446292119914],[114.34434857493252,4.463137561996851],[114.33497926151958,4.460248186375266],[114.33585869595478,4.458735743405282],[114.33688450010158,4.458136366500174],[114.3371964342339,4.456706690430541],[114.33974423798877,4.455586215500738],[114.34000046626502,4.454393266155527]]]},"properties":{"id":292,"name":"Kg. Penyarap","mukim":"MUKIM KUALA BALAI","area":1210640.5,"district":"Belait","mukimDisplayName":"Kuala Balai"},"id":292},{"type":"Feature","geometry":{"type":"Polygon","coordinates":[[[114.35094591596766,4.441362043697394],[114.35049573356385,4.441507846381829],[114.34515284312687,4.441701744653878],[114.34311721368094,4.4420322762460565],[114.34172178201383,4.442542126031112],[114.33045372084376,4.4481132929687],[114.329784131998,4.446948257616401],[114.32970751638369,4.445058290160417],[114.32026323869898,4.444628862761711],[114.31795041050577,4.445855339703964],[114.31680009720466,4.443362004700531],[114.31656870836373,4.443273007480799],[114.31877130969617,4.441893388874953],[114.32044164181143,4.440445673671781],[114.323191080392,4.4382166335733855],[114.32567156579866,4.436530710680642],[114.327625784172,4.434630538886879],[114.35166747084838,4.43793266482793],[114.35276628646014,4.4377310192530945],[114.35365649247002,4.436969152692988],[114.35446841184564,4.4395681848638],[114.35095505441546,4.440252167678303],[114.35094591596766,4.441362043697394]]]},"properties":{"id":293,"name":"Kg. Sungai Damit","mukim":"MUKIM KUALA BALAI","area":3072245.5,"district":"Belait","mukimDisplayName":"Kuala Balai"},"id":293},{"type":"Feature","geometry":{"type":"Polygon","coordinates":[[[114.35365649247002,4.436969152692988],[114.35369509123136,4.434310162213554],[114.35610823956499,4.433607878730052],[114.36869548408278,4.433341826326741],[114.36979389410946,4.432977363574963],[114.37472634037603,4.430776571661926],[114.37510543122556,4.43103790695375],[114.37587062626042,4.430746611640438],[114.37666386304757,4.430871268198747],[114.37846549652046,4.430667845166857],[114.37949321471314,4.430873305799934],[114.37932883774582,4.433650195982799],[114.37953125886555,4.434553237307169],[114.37986018719415,4.437203128395099],[114.37359313792528,4.438080622571996],[114.3671399023965,4.438365015083185],[114.36573527880448,4.438793526511912],[114.364979572667,4.439283758624446],[114.36307096489887,4.439966734854624],[114.36039653729205,4.440687761812574],[114.35848725915349,4.44109942021889],[114.3558398110667,4.441802275135986],[114.35499289862881,4.441840527060239],[114.35094591596766,4.441362043697394],[114.35095505441546,4.440252167678303],[114.35446841184564,4.4395681848638],[114.35365649247002,4.436969152692988]]]},"properties":{"id":294,"name":"Kg. Sungai Lutong","mukim":"MUKIM KUALA BALAI","area":2125666,"district":"Belait","mukimDisplayName":"Kuala Balai"},"id":294},{"type":"Feature","geometry":{"type":"Polygon","coordinates":[[[114.29454473314853,4.442830775754765],[114.31022571583296,4.448596037357254],[114.31207752519178,4.450536020092707],[114.31331299138202,4.4509490742852025],[114.31297193666731,4.4515196449786325],[114.31377721265737,4.452250735862514],[114.31221363311172,4.453509295419432],[114.30803862187173,4.455720228114865],[114.30595926061056,4.457375899036849],[114.30368964092732,4.459719815501954],[114.30248291353459,4.461492223018177],[114.30132533796584,4.460980109741741],[114.28419902269272,4.454675197824537],[114.29454473314853,4.442830775754765]]]},"properties":{"id":295,"name":"Kg. Sungai Mendaram","mukim":"MUKIM KUALA BALAI","area":3624800,"district":"Belait","mukimDisplayName":"Kuala Balai"},"id":295},{"type":"Feature","geometry":{"type":"Polygon","coordinates":[[[114.27433359100644,4.482167703866326],[114.29459585807055,4.488479946885813],[114.29621162972256,4.4896608333392996],[114.29733919139218,4.490155562732209],[114.30002725061692,4.490188831393005],[114.29984252660287,4.490900151219304],[114.29411417444638,4.520171994067863],[114.29227276950391,4.529847986052029],[114.28952255401128,4.542566056575367],[114.28037824577443,4.542474716758133],[114.27317702552726,4.533054647608476],[114.24870033196032,4.514108470319367],[114.26050724990307,4.506849021397292],[114.27433359100644,4.482167703866326]]]},"properties":{"id":296,"name":"Kg. Tanjong Rangas","mukim":"MUKIM KUALA BALAI","area":21089264,"district":"Belait","mukimDisplayName":"Kuala Balai"},"id":296},{"type":"Feature","geometry":{"type":"Polygon","coordinates":[[[114.37292232917451,4.475108176228628],[114.37354206623264,4.474928812990701],[114.37525515126299,4.475013510524192],[114.37596631515173,4.475989859248074],[114.37605679931211,4.476760262581736],[114.37576597538855,4.478598630296378],[114.37591457713722,4.478983577426802],[114.37699147344021,4.479158758626391],[114.37764031238288,4.478801482995642],[114.37875985178452,4.477702056199267],[114.38026316134196,4.476542403293575],[114.38160791062127,4.47636124199524],[114.38222954027297,4.476952498744482],[114.38205329624758,4.477338248141377],[114.3808152656481,4.478289772858024],[114.38049201184212,4.478942641658425],[114.38031459175704,4.480468407215811],[114.374914770798,4.481955274567867],[114.37307479807134,4.480772314980839],[114.37309260523453,4.482618636433874],[114.373323642421,4.484659869134632],[114.3729529926734,4.485341385091384],[114.3721812810233,4.48514310788488],[114.37142169345914,4.48446437207586],[114.37115446296886,4.483878164749442],[114.37059125305605,4.481997569570129],[114.37020404594837,4.48134460734741],[114.37052888268116,4.478234396496461],[114.37262916662814,4.47797567092199],[114.3723987826718,4.476201334528291],[114.37292232917451,4.475108176228628]]]},"properties":{"id":297,"name":"Kg. Tanjong Sudai","mukim":"MUKIM KUALA BALAI","area":650212.8125,"district":"Belait","mukimDisplayName":"Kuala Balai"},"id":297},{"type":"Feature","geometry":{"type":"Polygon","coordinates":[[[114.30630742223309,4.474647919003241],[114.3061660885758,4.47706030610595],[114.30470164099081,4.480487262588852],[114.30002725061692,4.490188831393005],[114.29733919139218,4.490155562732209],[114.29621162972256,4.4896608333392996],[114.29459585807055,4.488479946885813],[114.27433359100644,4.482167703866326],[114.27819670565717,4.475271327351394],[114.29611043709224,4.4811238261625785],[114.29911551536952,4.480416794986352],[114.29902978174454,4.478284041415322],[114.2991697809101,4.474908771825414],[114.30127653746187,4.474654347896623],[114.30630742223309,4.474647919003241]]]},"properties":{"id":298,"name":"Kg. Tugong","mukim":"MUKIM KUALA BALAI","area":3153540.75,"district":"Belait","mukimDisplayName":"Kuala Balai"},"id":298},{"type":"Feature","geometry":{"type":"Polygon","coordinates":[[[114.42151112741297,4.51906868594985],[114.42161155851142,4.558629064404434],[114.419977277416,4.558854182414232],[114.41918715474378,4.558000250899304],[114.41940799787982,4.556706827355513],[114.41989763032065,4.555613176491934],[114.42025786494594,4.554243883852845],[114.41998450455131,4.5535911032466165],[114.418876515671,4.553117291790047],[114.41807577399452,4.552290935549339],[114.41636588911813,4.54974418784201],[114.41548785038947,4.548709740209696],[114.41446841571619,4.546882220142826],[114.41386422728029,4.546239230426897],[114.41061718790766,4.544568453348752],[114.40861716128985,4.542174955128108],[114.37056372145337,4.5422659845255335],[114.32455121706948,4.542373754867445],[114.29681829448919,4.542437446790279],[114.28952255401128,4.542566056575367],[114.29227276950391,4.529847986052029],[114.29411417444638,4.520171994067863],[114.29984252660287,4.490900151219304],[114.30002725061692,4.490188831393005],[114.30470164099081,4.480487262588852],[114.3061660885758,4.47706030610595],[114.30630742223309,4.474647919003241],[114.30656849125124,4.468800004128502],[114.30704833515615,4.463925528697804],[114.3072412093891,4.463530310655606],[114.33311559810006,4.460912885608093],[114.3338171022737,4.460350472924359],[114.33497926151958,4.460248186375266],[114.34434857493252,4.463137561996851],[114.34546067477011,4.46446292119914],[114.3449865909083,4.465092459174132],[114.34515681863171,4.46611903850284],[114.3456954769192,4.4668921781764315],[114.34667056711383,4.467782110371097],[114.34811793881248,4.469739972586168],[114.34741186491446,4.4704194196885965],[114.34808075149319,4.4712769437169175],[114.35177210858228,4.473691695536729],[114.3542505519937,4.473774059248913],[114.35320786842416,4.474753707175232],[114.35303814483274,4.476048596162646],[114.3538256615597,4.477287770278474],[114.35481082149668,4.477779132123661],[114.35575447566936,4.477603342546695],[114.35601041226087,4.478682568409515],[114.35605666855423,4.48050865925068],[114.35730386709578,4.4804687568958785],[114.3574655355599,4.481335793739048],[114.35711027260372,4.48288469281172],[114.35769769951361,4.483857451159848],[114.3608544816476,4.486078363146956],[114.36144003466667,4.486277105916224],[114.36252989966847,4.486074262486991],[114.36392338675546,4.484963202983771],[114.36506584890513,4.484520017095785],[114.36650312500099,4.485010258583423],[114.367034417633,4.484768745567995],[114.36727158160146,4.483874039299037],[114.37115446296886,4.483878164749442],[114.37142169345914,4.48446437207586],[114.3721812810233,4.48514310788488],[114.3729529926734,4.485341385091384],[114.373323642421,4.484659869134632],[114.37309260523453,4.482618636433874],[114.37307479807134,4.480772314980839],[114.374914770798,4.481955274567867],[114.38031459175704,4.480468407215811],[114.38049201184212,4.478942641658425],[114.3808152656481,4.478289772858024],[114.38205329624758,4.477338248141377],[114.38222954027297,4.476952498744482],[114.38160791062127,4.47636124199524],[114.38026316134196,4.476542403293575],[114.37875985178452,4.477702056199267],[114.37764031238288,4.478801482995642],[114.37699147344021,4.479158758626391],[114.37591457713722,4.478983577426802],[114.37576597538855,4.478598630296378],[114.37605679931211,4.476760262581736],[114.37596631515173,4.475989859248074],[114.37525515126299,4.475013510524192],[114.37354206623264,4.474928812990701],[114.37292232917451,4.475108176228628],[114.3676656090738,4.475121104004121],[114.36742819774649,4.474647456148415],[114.36574320668116,4.47396988557667],[114.35610808652662,4.468466209197516],[114.35578204839766,4.466265986242112],[114.35443845747591,4.465871343772159],[114.3535542891947,4.46542131217746],[114.35215172607177,4.463000996057764],[114.3505109988403,4.462697509616554],[114.3494348652798,4.46089406735364],[114.3503834663151,4.459754378247933],[114.35053111570018,4.4586134246917455],[114.35034646880764,4.458278404582903],[114.35148973550413,4.457549182391878],[114.35026239990623,4.456783454809541],[114.3505674748399,4.456249125809326],[114.34932238963691,4.4555919673215465],[114.34000046626502,4.454393266155527],[114.33958155098551,4.45378072925787],[114.33864529483498,4.453522955261455],[114.3378252743194,4.453712751128329],[114.33045942579692,4.45049180931482],[114.33005764673753,4.448277043209257],[114.33045372084376,4.4481132929687],[114.34172178201383,4.442542126031112],[114.34311721368094,4.4420322762460565],[114.34515284312687,4.441701744653878],[114.35049573356385,4.441507846381829],[114.35094591596766,4.441362043697394],[114.35499289862881,4.441840527060239],[114.3558398110667,4.441802275135986],[114.35848725915349,4.44109942021889],[114.36039653729205,4.440687761812574],[114.36307096489887,4.439966734854624],[114.364979572667,4.439283758624446],[114.36573527880448,4.438793526511912],[114.3671399023965,4.438365015083185],[114.37359313792528,4.438080622571996],[114.37986018719415,4.437203128395099],[114.37953125886555,4.434553237307169],[114.37932883774582,4.433650195982799],[114.37949321471314,4.430873305799934],[114.37846549652046,4.430667845166857],[114.37666386304757,4.430871268198747],[114.37587062626042,4.430746611640438],[114.37510543122556,4.43103790695375],[114.37472634037603,4.430776571661926],[114.36979389410946,4.432977363574963],[114.36869548408278,4.433341826326741],[114.35610823956499,4.433607878730052],[114.35369509123136,4.434310162213554],[114.35365649247002,4.436969152692988],[114.35276628646014,4.4377310192530945],[114.35166747084838,4.43793266482793],[114.327625784172,4.434630538886879],[114.32567156579866,4.436530710680642],[114.323191080392,4.4382166335733855],[114.32044164181143,4.440445673671781],[114.31877130969617,4.441893388874953],[114.31656870836373,4.443273007480799],[114.2986585698733,4.436384108576191],[114.3080332214125,4.418092822937588],[114.31610742456942,4.393095116119271],[114.30995109028477,4.376379534293559],[114.3070842107066,4.365853348530128],[114.33348441909392,4.348617597501152],[114.33110825917949,4.340313390178821],[114.36911576272541,4.340134076902459],[114.4208669537871,4.339887210313919],[114.42108520375866,4.354111808295994],[114.42116179536885,4.3820671798882165],[114.42123058379087,4.408975597149013],[114.42127515927069,4.426429131309117],[114.42129035300601,4.4323808864207175],[114.42132087814204,4.444344643499408],[114.42138476433111,4.469407303232465],[114.42151112741297,4.51906868594985]]]},"properties":{"id":299,"name":null,"mukim":"MUKIM KUALA BALAI","area":269107712,"district":"Belait","mukimDisplayName":"Kuala Balai"},"id":299},{"type":"Feature","geometry":{"type":"Polygon","coordinates":[[[114.49109678154073,4.416147887274936],[114.47102236914802,4.416207445528227],[114.47050018956317,4.416380631591423],[114.469670367142,4.416048152402398],[114.46856864843068,4.416635750921906],[114.46655094267321,4.416558424865423],[114.46599371250818,4.417036721761216],[114.46538209080231,4.414975127210224],[114.46408850187521,4.414914859604425],[114.46377223244198,4.41621514487438],[114.46236253383331,4.412002423466807],[114.46016663694537,4.413144487210261],[114.45953373916761,4.41157497868868],[114.45863698440971,4.410012215266355],[114.45734976947314,4.408714677532874],[114.45624761041348,4.40840046621329],[114.45605146838292,4.407455243729957],[114.45784190610816,4.407285351284716],[114.45820062776032,4.404655048513805],[114.46142429536191,4.40551108338916],[114.46360923492198,4.406095091368135],[114.46336129693385,4.407583023066836],[114.4640854264013,4.407778049876324],[114.46397706926183,4.408403791634057],[114.46522782420735,4.40917815697784],[114.4664612310822,4.409239704538152],[114.49097930345233,4.409178920570217],[114.49109678154073,4.416147887274936]]]},"properties":{"id":300,"name":"Kg. Gates","mukim":"MUKIM LABI","area":2855274.25,"district":"Belait","mukimDisplayName":"Labi"},"id":300},{"type":"Feature","geometry":{"type":"Polygon","coordinates":[[[114.49071163076584,4.393300800402936],[114.49097930345233,4.409178920570217],[114.4664612310822,4.409239704538152],[114.46522782420735,4.40917815697784],[114.46397706926183,4.408403791634057],[114.4640854264013,4.407778049876324],[114.46336129693385,4.407583023066836],[114.46360923492198,4.406095091368135],[114.46142429536191,4.40551108338916],[114.46154382973201,4.4042512753113785],[114.46019239173161,4.404043885441997],[114.45937571531495,4.403682957503186],[114.4597531314199,4.403061619462321],[114.4600186832833,4.401199841460894],[114.46087655552586,4.400887882388068],[114.46081414467217,4.400403824024948],[114.46384493722154,4.400810322684272],[114.46422956533053,4.397693007482109],[114.46629978237718,4.398016600302278],[114.46642153310768,4.396687720814804],[114.46528154891357,4.396729003247688],[114.46556343759016,4.395830206897721],[114.466825118578,4.395778737366621],[114.46670045562533,4.394083040112348],[114.46767022718001,4.394246325699946],[114.47095464854436,4.39335329527474],[114.49071163076584,4.393300800402936]]]},"properties":{"id":301,"name":"Kg. Kenapol","mukim":"MUKIM LABI","area":5302228,"district":"Belait","mukimDisplayName":"Labi"},"id":301},{"type":"Feature","geometry":{"type":"Polygon","coordinates":[[[114.46670045562533,4.394083040112348],[114.466825118578,4.395778737366621],[114.46556343759016,4.395830206897721],[114.46528154891357,4.396729003247688],[114.46642153310768,4.396687720814804],[114.46629978237718,4.398016600302278],[114.46422956533053,4.397693007482109],[114.46292811866437,4.397534303493287],[114.46332248734019,4.395849079287594],[114.46212187393628,4.395845144604264],[114.46166609282896,4.397311457379905],[114.45957453822962,4.3968646441461985],[114.45804719696035,4.396820203988897],[114.45806189494597,4.397293610569748],[114.45671007610855,4.3973637885902],[114.45662821781627,4.3978562319433765],[114.4479285146861,4.397891042943175],[114.45393938296435,4.391822241098179],[114.45552645594711,4.388038291475379],[114.45699822570992,4.3887218505901915],[114.45843253221908,4.387190436298812],[114.45869486750617,4.387596743569454],[114.46071299782261,4.387528233867537],[114.46150758542947,4.3880356083671845],[114.46249880046567,4.38736668801886],[114.46506081229965,4.385907166711375],[114.46524444103142,4.386150619024538],[114.46497847110165,4.3878452571663535],[114.46360574863726,4.387701652638167],[114.46350341446755,4.389275698505508],[114.46459952368551,4.389285731308911],[114.4646134229228,4.393747245887157],[114.46670045562533,4.394083040112348]]]},"properties":{"id":302,"name":"Kg. Labi","mukim":"MUKIM LABI","area":1512609.125,"district":"Belait","mukimDisplayName":"Labi"},"id":302},{"type":"Feature","geometry":{"type":"Polygon","coordinates":[[[114.45605146838292,4.407455243729957],[114.45594117277348,4.406605383093807],[114.45469944727711,4.407277830030795],[114.4510875306104,4.407784518223253],[114.44946714298237,4.408376530865055],[114.43698786697524,4.408936764173423],[114.4479285146861,4.397891042943175],[114.45662821781627,4.3978562319433765],[114.45671007610855,4.3973637885902],[114.45806189494597,4.397293610569748],[114.45804719696035,4.396820203988897],[114.45957453822962,4.3968646441461985],[114.46166609282896,4.397311457379905],[114.46212187393628,4.395845144604264],[114.46332248734019,4.395849079287594],[114.46292811866437,4.397534303493287],[114.46422956533053,4.397693007482109],[114.46384493722154,4.400810322684272],[114.46081414467217,4.400403824024948],[114.46087655552586,4.400887882388068],[114.4600186832833,4.401199841460894],[114.4597531314199,4.403061619462321],[114.45937571531495,4.403682957503186],[114.46019239173161,4.404043885441997],[114.46154382973201,4.4042512753113785],[114.46142429536191,4.40551108338916],[114.45820062776032,4.404655048513805],[114.45784190610816,4.407285351284716],[114.45605146838292,4.407455243729957]]]},"properties":{"id":303,"name":"Kg. Labi Lama","mukim":"MUKIM LABI","area":2328317.25,"district":"Belait","mukimDisplayName":"Labi"},"id":303},{"type":"Feature","geometry":{"type":"Polygon","coordinates":[[[114.46506081229965,4.385907166711375],[114.46249880046567,4.38736668801886],[114.46150758542947,4.3880356083671845],[114.46071299782261,4.387528233867537],[114.45869486750617,4.387596743569454],[114.45843253221908,4.387190436298812],[114.45699822570992,4.3887218505901915],[114.45552645594711,4.388038291475379],[114.45393938296435,4.391822241098179],[114.4479285146861,4.397891042943175],[114.43698786697524,4.408936764173423],[114.42123058379087,4.408975597149013],[114.42116179536885,4.3820671798882165],[114.42108520375866,4.354111808295994],[114.44770715101916,4.354016781250026],[114.44866575804947,4.353501879727441],[114.44905999219998,4.352752279280957],[114.44987526498917,4.351900964653396],[114.49000538819425,4.351792578260269],[114.49014186468025,4.359506038186276],[114.4904103840363,4.37543226758972],[114.46585119180448,4.375499026897731],[114.46462423698082,4.376179940946989],[114.46364967769749,4.376304349965361],[114.46333218062364,4.377425571807745],[114.46349257581612,4.378768201590892],[114.46430199329427,4.379799577921952],[114.46453500198656,4.380471044382706],[114.4642851652024,4.38124930285408],[114.46602541556774,4.382308209502601],[114.46570163440978,4.3828214856511245],[114.4672872684494,4.382754076549101],[114.46681147229609,4.3834336103099405],[114.46657037801242,4.384284382932232],[114.46687044724099,4.385350808897487],[114.46506081229965,4.385907166711375]]]},"properties":{"id":304,"name":"Kg. Rampayoh","mukim":"MUKIM LABI","area":32628194,"district":"Belait","mukimDisplayName":"Labi"},"id":304},{"type":"Feature","geometry":{"type":"Polygon","coordinates":[[[114.49135269384222,4.431329681296992],[114.46897595307081,4.43137918847654],[114.46643161558262,4.431084815621306],[114.46616266703379,4.432105506961645],[114.46530336942678,4.431730138241855],[114.46505749517459,4.432868338893631],[114.46407454902403,4.43268549433332],[114.46350738045447,4.43288535810542],[114.46275028174595,4.432589421798712],[114.46193946800975,4.43287074185974],[114.46015833962667,4.432281527818561],[114.42129035300601,4.4323808864207175],[114.42127515927069,4.426429131309117],[114.46212274250114,4.426337079386198],[114.46367126248131,4.425728013597783],[114.46317637985356,4.424667714225421],[114.46402146375357,4.424448669037817],[114.46379820542049,4.423263070713278],[114.46429253096325,4.4230701433398325],[114.46536825365934,4.423153139771312],[114.46549883503992,4.42205064007081],[114.46698790051066,4.4219860529323896],[114.46688374280606,4.421402221940201],[114.46853935450049,4.420766901200811],[114.46883528465597,4.420910430502315],[114.47030589994961,4.420445811689904],[114.4911684793358,4.420401153988273],[114.49135269384222,4.431329681296992]]]},"properties":{"id":305,"name":"Kg. Ratan","mukim":"MUKIM LABI","area":6737089.5,"district":"Belait","mukimDisplayName":"Labi"},"id":305},{"type":"Feature","geometry":{"type":"Polygon","coordinates":[[[114.49186331614374,4.519863318917212],[114.51105419360952,4.542739471921481],[114.51133055325857,4.5435286727655475],[114.51523427533257,4.552980573411554],[114.51566274461409,4.553757934749772],[114.51479414752941,4.553977399496176],[114.51386346965643,4.554559209214999],[114.51227859137505,4.555908913392583],[114.51016794674311,4.558035496371192],[114.50864216366625,4.5597955092520195],[114.5080658541674,4.559370332539344],[114.50609060919362,4.558731446889297],[114.50552526258397,4.558167061501114],[114.504661039535,4.556791888525333],[114.50450561837935,4.555724412926704],[114.50398891320151,4.554458522943865],[114.5033641507313,4.553616700358517],[114.50207684097413,4.553295043666736],[114.50107266761131,4.553774721481575],[114.49794175000433,4.5536443863955665],[114.49649983871782,4.553218555527944],[114.49544692450546,4.553363731072502],[114.49452574320615,4.553154862676795],[114.49186382789651,4.551759431598134],[114.49152562014095,4.551289505276063],[114.4919458161677,4.550842085770812],[114.49179248102027,4.550250375017948],[114.49030209643362,4.550129626385778],[114.48904297175173,4.549400802368686],[114.48808008015324,4.549185230075059],[114.4866031389274,4.548254476081748],[114.48599740177809,4.548100282250352],[114.4842590410693,4.548120353392989],[114.48399349900549,4.547466835321241],[114.48476717101177,4.546530258048366],[114.48647188329531,4.54549781384639],[114.48757153782765,4.544575965875981],[114.48879259829785,4.54257903353632],[114.4885896998597,4.542143425019963],[114.4873615103217,4.541367790739921],[114.48599531275859,4.541246717505911],[114.48439842196876,4.5419517791713595],[114.48125048463777,4.541253540233538],[114.49186331614374,4.519863318917212]]]},"properties":{"id":312,"name":"Kg. Bisut","mukim":"MUKIM BUKIT SAWAT","area":7929422.5,"district":"Belait","mukimDisplayName":"Bukit Sawat"},"id":312},{"type":"Feature","geometry":{"type":"Polygon","coordinates":[[[114.59541900729535,4.496768825160442],[114.57500674885661,4.517397395293354],[114.55574539537437,4.509135547771654],[114.5556801820595,4.508047427545757],[114.56270457336174,4.501286171127311],[114.56513363456759,4.50072923718346],[114.56589970480627,4.500113984652404],[114.59541900729535,4.496768825160442]]]},"properties":{"id":313,"name":"Kg. Bukit Kandol","mukim":"MUKIM BUKIT SAWAT","area":5045761.5,"district":"Belait","mukimDisplayName":"Bukit Sawat"},"id":313},{"type":"Feature","geometry":{"type":"Polygon","coordinates":[[[114.56136691799358,4.530756965222316],[114.56078780343245,4.529874757898506],[114.55953883908022,4.528933858950256],[114.5575795489293,4.528386576535728],[114.55678460984089,4.527887613139649],[114.55579214677786,4.528088949845018],[114.55423837986137,4.528158106527137],[114.55206935515412,4.529456617573821],[114.55022895954923,4.529778352416525],[114.54939790134021,4.531377102602376],[114.54845453379104,4.53223126482726],[114.54688731373734,4.5332163185944365],[114.54630311544814,4.53381448871158],[114.54548315750391,4.535568365945479],[114.54552712802491,4.536434766745522],[114.54528228432319,4.537565058370265],[114.54505613217319,4.540014300051825],[114.54471342541056,4.5405612388482215],[114.542519801248,4.542360020868806],[114.54158872648168,4.54299387132153],[114.53989020919701,4.5437306494952585],[114.53883698519876,4.545036048762941],[114.53786577593966,4.546902511845162],[114.53662818559779,4.548142257057917],[114.53421469288446,4.551166471590818],[114.53135873087129,4.553219631377459],[114.53064947815695,4.553392491122921],[114.52876923333802,4.553359865466825],[114.52820657793882,4.553159840906058],[114.52549675073698,4.55079608047315],[114.52466623576787,4.550475512815009],[114.52279957652561,4.5504654508683995],[114.52172760408455,4.55064434348138],[114.52109198584694,4.550973571406103],[114.51863826444475,4.552799830669419],[114.51742048923104,4.553493448777962],[114.51566274461409,4.553757934749772],[114.51523427533257,4.552980573411554],[114.51133055325857,4.5435286727655475],[114.51105419360952,4.542739471921481],[114.49186331614374,4.519863318917212],[114.49185742903578,4.518813681508736],[114.49161506936882,4.475611266496934],[114.49149134514339,4.4535702076229935],[114.52226672665824,4.472822183668334],[114.54419684704501,4.486539663080416],[114.53504543979167,4.498263275274605],[114.53305361661847,4.499873295477391],[114.53148044203557,4.50090903991397],[114.52916417363903,4.501654797090781],[114.5272793221043,4.501968123643575],[114.52505715063558,4.5027305767930885],[114.55245508807891,4.522761869051263],[114.55337270084793,4.523674631949266],[114.55399012890152,4.521966899731044],[114.56324662166215,4.521656741212589],[114.56455556827285,4.522156347496705],[114.56986236255895,4.52337177337189],[114.56541914855705,4.5289029988556475],[114.56391633011371,4.529901054319129],[114.56258431232236,4.530504716234496],[114.56136691799358,4.530756965222316]]]},"properties":{"id":314,"name":"Kg. Bukit Sawat","mukim":"MUKIM BUKIT SAWAT","area":46467688,"district":"Belait","mukimDisplayName":"Bukit Sawat"},"id":314},{"type":"Feature","geometry":{"type":"Polygon","coordinates":[[[114.59356532280691,4.559675742156643],[114.59350181820588,4.560797571964001],[114.5937337657738,4.563886571637995],[114.5941774874891,4.5663419208678215],[114.59452859597624,4.567246772515572],[114.59457639299447,4.5688875471014185],[114.5936221594784,4.5709597819511965],[114.59343708830504,4.573766436924477],[114.59292050689263,4.575000636556731],[114.59286626802476,4.575985436673807],[114.59228248911533,4.577366780376927],[114.591663889151,4.577740952231586],[114.58844093532754,4.576952976936699],[114.5875959586988,4.576931525140567],[114.58578193074732,4.577250708507739],[114.58524215751797,4.5776136389666],[114.58483955778331,4.578926937677363],[114.5853610504008,4.580985836999944],[114.58593769116244,4.581766008141666],[114.58691860175453,4.582692614894312],[114.58713398718443,4.5831902920528185],[114.58705708978289,4.584129650015086],[114.5863720546777,4.585567785071703],[114.58656806532743,4.5876611909923675],[114.58661630117389,4.589471530260564],[114.58640478443635,4.591044604256371],[114.58593572389223,4.592992280264009],[114.58520774074567,4.595222709491568],[114.58403908032857,4.596966806956397],[114.58354367094883,4.597284678026797],[114.58234900700165,4.597104197795622],[114.58138162591362,4.598026900863908],[114.5809980060928,4.597650754420168],[114.58111447043444,4.596969326828462],[114.58081806396399,4.596504649538411],[114.57975431085156,4.596199177826684],[114.57892155851619,4.595279233106138],[114.54912038689864,4.572760694520683],[114.5090732558089,4.560099786912909],[114.50864216366625,4.5597955092520195],[114.51016794674311,4.558035496371192],[114.51227859137505,4.555908913392583],[114.51386346965643,4.554559209214999],[114.51479414752941,4.553977399496176],[114.51566274461409,4.553757934749772],[114.51742048923104,4.553493448777962],[114.51863826444475,4.552799830669419],[114.52109198584694,4.550973571406103],[114.52172760408455,4.55064434348138],[114.52279957652561,4.5504654508683995],[114.52466623576787,4.550475512815009],[114.52549675073698,4.55079608047315],[114.52820657793882,4.553159840906058],[114.52876923333802,4.553359865466825],[114.53064947815695,4.553392491122921],[114.53135873087129,4.553219631377459],[114.53421469288446,4.551166471590818],[114.53662818559779,4.548142257057917],[114.53786577593966,4.546902511845162],[114.53883698519876,4.545036048762941],[114.53989020919701,4.5437306494952585],[114.54158872648168,4.54299387132153],[114.542519801248,4.542360020868806],[114.54471342541056,4.5405612388482215],[114.54505613217319,4.540014300051825],[114.54528228432319,4.537565058370265],[114.54552712802491,4.536434766745522],[114.54548315750391,4.535568365945479],[114.54630311544814,4.53381448871158],[114.54688731373734,4.5332163185944365],[114.54845453379104,4.53223126482726],[114.54939790134021,4.531377102602376],[114.55022895954923,4.529778352416525],[114.55206935515412,4.529456617573821],[114.55423837986137,4.528158106527137],[114.55579214677786,4.528088949845018],[114.55678460984089,4.527887613139649],[114.5575795489293,4.528386576535728],[114.55953883908022,4.528933858950256],[114.56078780343245,4.529874757898506],[114.56136691799358,4.530756965222316],[114.5785208929202,4.544732028925866],[114.57872870337883,4.545981795253713],[114.57905431340654,4.546419263253452],[114.5815115579938,4.547164966725541],[114.58327740043418,4.5486431146220765],[114.58426433790169,4.549311106077397],[114.58574577095928,4.5512187564896935],[114.586245959494,4.552061033043919],[114.58745061084575,4.553464384413802],[114.58811333573587,4.554005223419698],[114.58906979351934,4.554226752669425],[114.59009287167301,4.554716306313312],[114.59145468030525,4.5559089524740815],[114.59215603297159,4.557821252363395],[114.59356532280691,4.559675742156643]]]},"properties":{"id":315,"name":"Kg. Merangking","mukim":"MUKIM BUKIT SAWAT","area":33053430,"district":"Belait","mukimDisplayName":"Bukit Sawat"},"id":315},{"type":"Feature","geometry":{"type":"Polygon","coordinates":[[[114.6562650346743,4.5099450072397165],[114.65542175371739,4.510715829718706],[114.65479093046751,4.510716747123904],[114.6535050548358,4.510311100626129],[114.6503950516255,4.509772055603145],[114.64872787433265,4.509774449385376],[114.64697136411216,4.510263487487951],[114.64523487674863,4.5094399481236],[114.64453640282396,4.509418150426001],[114.64319699834417,4.5100199180097045],[114.64233052374473,4.510145554822854],[114.64102319353061,4.509921112886249],[114.63877043950448,4.509992092737653],[114.6370457888494,4.5093719947009765],[114.63612226836277,4.50984852186336],[114.6360458112408,4.511127339639427],[114.63657821073818,4.5124053135986],[114.63655811378251,4.513492067202363],[114.63549072731837,4.515111934959918],[114.63398348847991,4.516132438490934],[114.63365786616872,4.516721202690094],[114.63377190901336,4.51763772714558],[114.63452854390451,4.518734482423906],[114.63555547865457,4.519604384913868],[114.63741470978631,4.519590468750142],[114.63848614280961,4.520256752750419],[114.6388720132196,4.521908480193898],[114.63921208063282,4.52267769315973],[114.63856195703873,4.524262770792548],[114.63804445853049,4.524716408454028],[114.63721141494594,4.524921080471206],[114.63685127513394,4.525453414555414],[114.63698841971429,4.5261661009813805],[114.63794789754917,4.527285182294014],[114.63872698148326,4.528551728878054],[114.63857260599764,4.52996641462257],[114.63802080890564,4.530238986402825],[114.63689365796294,4.530002727216099],[114.63547337088339,4.529472786257375],[114.63438091982901,4.529361065190739],[114.63332263615081,4.529588965663178],[114.63250056871763,4.530099403250285],[114.63177110854625,4.531311341772652],[114.63076935967842,4.531821990150905],[114.62932700255635,4.531868937396083],[114.62773047911969,4.533003000317969],[114.62529691811888,4.533300538006351],[114.62411549163005,4.533607618861616],[114.62342444294376,4.534041658312961],[114.62290040317211,4.534786123537251],[114.62229692557392,4.537378610558041],[114.62157722592642,4.538047302266658],[114.62127612465291,4.5393716650223475],[114.62164153732583,4.54179303588083],[114.62160909743389,4.542494599337273],[114.62073086193412,4.543276777175966],[114.61847857600353,4.543551464123694],[114.61748681369838,4.543394225491208],[114.61628253335788,4.543588304670599],[114.61575346342447,4.5439399278966],[114.61580215002252,4.545682457248293],[114.61538962187238,4.546133339292476],[114.61507170999232,4.544482743580922],[114.61454947840778,4.543209257600402],[114.61336442917691,4.542605433576909],[114.61216853527485,4.542776307558386],[114.6115169396837,4.541568460877947],[114.61087639297297,4.540902375729944],[114.6098894029602,4.539391624833243],[114.60812948791659,4.539900361290118],[114.60734809592148,4.540258041976897],[114.60634407984399,4.539941986970473],[114.60522634229707,4.538608230219657],[114.60474782399112,4.538492531543969],[114.60314460318793,4.538626352817668],[114.60287986555859,4.53799993198996],[114.6014150733537,4.537254128014824],[114.59691043843843,4.533450459520969],[114.5861696445238,4.523306038454425],[114.57500674885661,4.517397395293354],[114.59541900729535,4.496768825160442],[114.61174455370693,4.480269046947566],[114.63304258942718,4.458742070686304],[114.65736320590611,4.4741006143451205],[114.67570526412197,4.48568283441604],[114.67355115588701,4.487342677335721],[114.67315167933086,4.487891257210001],[114.67239338776001,4.490638005878649],[114.67228335831572,4.494387386660803],[114.67243963074053,4.496893582051536],[114.67275876800132,4.49943096809998],[114.67255646163613,4.499997078124029],[114.67180382481156,4.500745056734551],[114.67034041891107,4.501505212262646],[114.66871824988301,4.5014849130062125],[114.6666107215127,4.5009108877471204],[114.66512176307829,4.499984943784158],[114.66455815391112,4.4998500202513085],[114.66355676918621,4.500066500289782],[114.65985328829926,4.501803187595405],[114.65714154431019,4.5033008017463825],[114.65659046170053,4.503822097970395],[114.65639065998874,4.505293452543518],[114.65659796311117,4.507534109600178],[114.6562650346743,4.5099450072397165]]]},"properties":{"id":316,"name":"Kg. Merangking Hilir","mukim":"MUKIM BUKIT SAWAT","area":49908656,"district":"Belait","mukimDisplayName":"Bukit Sawat"},"id":316},{"type":"Feature","geometry":{"type":"Polygon","coordinates":[[[114.61538962187238,4.546133339292476],[114.61449693915145,4.546872494678381],[114.61431962356319,4.54794808441285],[114.6139815888709,4.548333097711368],[114.61259806911815,4.5491045008718975],[114.6108654829124,4.550351660668837],[114.6097294929154,4.551428457114848],[114.60915698661573,4.552379638498555],[114.60938528364503,4.553895853750597],[114.60934204120906,4.555186150055447],[114.6090055966326,4.556159577304528],[114.60823042445399,4.556737968896667],[114.60726165892511,4.556965583994017],[114.60651849710005,4.557509688090761],[114.60562145531486,4.55946873746887],[114.60458592366494,4.5600020508330665],[114.60329947870996,4.5589852902206305],[114.60092078645567,4.557732124665426],[114.5988477268288,4.5576445090156845],[114.59462423577804,4.558227178394229],[114.5936564450763,4.559235663669628],[114.59356532280691,4.559675742156643],[114.59215603297159,4.557821252363395],[114.59145468030525,4.5559089524740815],[114.59009287167301,4.554716306313312],[114.58906979351934,4.554226752669425],[114.58811333573587,4.554005223419698],[114.58745061084575,4.553464384413802],[114.586245959494,4.552061033043919],[114.58574577095928,4.5512187564896935],[114.58426433790169,4.549311106077397],[114.58327740043418,4.5486431146220765],[114.5815115579938,4.547164966725541],[114.57905431340654,4.546419263253452],[114.57872870337883,4.545981795253713],[114.5785208929202,4.544732028925866],[114.57809268457456,4.543212391511015],[114.5781061131807,4.542338200708756],[114.5776193369456,4.540821264988905],[114.57710576805842,4.539814534824658],[114.57707288638218,4.537002521806776],[114.57692940965123,4.53594001117152],[114.57648312593861,4.535096124743945],[114.57518275831136,4.534741830178553],[114.5741967360857,4.5337750911319254],[114.57325629202273,4.532579865915024],[114.57292127231825,4.531568976966824],[114.57293227805718,4.530209245812944],[114.57324825507563,4.529540432097868],[114.57412507098617,4.528675339745732],[114.57459493914047,4.527881031264945],[114.57463296811156,4.526832340572844],[114.57396674318183,4.526399696361248],[114.57336220560435,4.5252044304167205],[114.57068151664531,4.52343139615665],[114.56986236255895,4.52337177337189],[114.57429601097559,4.517842464927226],[114.57500674885661,4.517397395293354],[114.5861696445238,4.523306038454425],[114.59691043843843,4.533450459520969],[114.6014150733537,4.537254128014824],[114.60287986555859,4.53799993198996],[114.60314460318793,4.538626352817668],[114.60474782399112,4.538492531543969],[114.60522634229707,4.538608230219657],[114.60634407984399,4.539941986970473],[114.60734809592148,4.540258041976897],[114.60812948791659,4.539900361290118],[114.6098894029602,4.539391624833243],[114.61087639297297,4.540902375729944],[114.6115169396837,4.541568460877947],[114.61216853527485,4.542776307558386],[114.61336442917691,4.542605433576909],[114.61454947840778,4.543209257600402],[114.61507170999232,4.544482743580922],[114.61538962187238,4.546133339292476]]]},"properties":{"id":317,"name":"Kg. Merangking Ulu","mukim":"MUKIM BUKIT SAWAT","area":11083558,"district":"Belait","mukimDisplayName":"Bukit Sawat"},"id":317},{"type":"Feature","geometry":{"type":"Polygon","coordinates":[[[114.4913708752427,4.4324084143506886],[114.52176416962645,4.432206055612673],[114.54626777817668,4.432042104069759],[114.58705215756576,4.431767616392025],[114.58725035934296,4.430954355571623],[114.58775112606735,4.4306012801178],[114.58859580955216,4.430521620757079],[114.58941917075408,4.431065281269431],[114.59003068039836,4.432483275364766],[114.58996112613106,4.434812353065511],[114.59089560510039,4.436217026315827],[114.59191229396943,4.436735894419437],[114.59286707160734,4.4367090258628386],[114.59384008345094,4.435937098064752],[114.59422800992091,4.4351877733090275],[114.59437138538117,4.4343029342449665],[114.63304258942718,4.458742070686304],[114.61174455370693,4.480269046947566],[114.59541900729535,4.496768825160442],[114.56589970480627,4.500113984652404],[114.54419684704501,4.486539663080416],[114.52226672665824,4.472822183668334],[114.49149134514339,4.4535702076229935],[114.49146518744566,4.448911918969455],[114.4913708752427,4.4324084143506886]]]},"properties":{"id":318,"name":"Kg. Pangkalan Siong","mukim":"MUKIM BUKIT SAWAT","area":78965168,"district":"Belait","mukimDisplayName":"Bukit Sawat"},"id":318},{"type":"Feature","geometry":{"type":"Polygon","coordinates":[[[114.56986236255895,4.52337177337189],[114.57068151664531,4.52343139615665],[114.57336220560435,4.5252044304167205],[114.57396674318183,4.526399696361248],[114.57463296811156,4.526832340572844],[114.57459493914047,4.527881031264945],[114.57412507098617,4.528675339745732],[114.57324825507563,4.529540432097868],[114.57293227805718,4.530209245812944],[114.57292127231825,4.531568976966824],[114.57325629202273,4.532579865915024],[114.5741967360857,4.5337750911319254],[114.57518275831136,4.534741830178553],[114.57648312593861,4.535096124743945],[114.57692940965123,4.53594001117152],[114.57707288638218,4.537002521806776],[114.57710576805842,4.539814534824658],[114.5776193369456,4.540821264988905],[114.5781061131807,4.542338200708756],[114.57809268457456,4.543212391511015],[114.5785208929202,4.544732028925866],[114.56136691799358,4.530756965222316],[114.56258431232236,4.530504716234496],[114.56391633011371,4.529901054319129],[114.56541914855705,4.5289029988556475],[114.56986236255895,4.52337177337189]]]},"properties":{"id":319,"name":"Kg. Pulau Apil","mukim":"MUKIM BUKIT SAWAT","area":1704074,"district":"Belait","mukimDisplayName":"Bukit Sawat"},"id":319},{"type":"Feature","geometry":{"type":"Polygon","coordinates":[[[114.57994069414619,4.598699581509071],[114.57861330372624,4.599441361009339],[114.57711507888722,4.5997031419577885],[114.57632725561653,4.599998057705514],[114.57472810935059,4.600226754931036],[114.57395158113755,4.600532658626729],[114.57246594273701,4.601712346845258],[114.5721515813246,4.602120163220245],[114.57161459971988,4.603750338975617],[114.56992495289887,4.604476680703899],[114.56972349185098,4.604974631673342],[114.57004178738254,4.606467704904532],[114.5695714794264,4.60817739672655],[114.56865113140417,4.610113542415314],[114.56878732483062,4.610701870963492],[114.56998320789275,4.611334561151395],[114.57105446899449,4.6117058752437945],[114.57203464223937,4.611715963843745],[114.57403045529163,4.612573443342098],[114.57516934943848,4.613590637720236],[114.57468789916156,4.614711382773046],[114.57361795690818,4.615471392501195],[114.57313527600382,4.616343436014249],[114.5727664009522,4.617645035532921],[114.57148465628113,4.6192537488338425],[114.57058771310052,4.621733302204779],[114.5704793535459,4.623985493823338],[114.57010986730705,4.6250607146551035],[114.5702474681116,4.6265997665199805],[114.57064399026865,4.627640434382142],[114.57074809621152,4.628658428833835],[114.57022132880137,4.6305384003104715],[114.56936738732432,4.631614068963432],[114.56662051366958,4.633042982361994],[114.56547627626661,4.635749275599046],[114.56418314048165,4.636690734225102],[114.56340730175167,4.637484132353737],[114.56324976436309,4.637981958530237],[114.56255206576006,4.638502705997706],[114.55934361135782,4.639434850013231],[114.55805968250338,4.64024033458673],[114.55748599751892,4.6407952237066725],[114.55706155867806,4.642402744830626],[114.55722121303498,4.643557090642434],[114.55699690427582,4.644157400503261],[114.55586151050338,4.645324232522872],[114.5548818786427,4.645959049842464],[114.55367684868821,4.646356498420726],[114.55251640280784,4.646143377419217],[114.55197494887972,4.645464841072655],[114.55147591415312,4.643994583720351],[114.55069712980684,4.6434630707900455],[114.54941231480466,4.643295777937154],[114.54780187474168,4.643546769504829],[114.5473299057275,4.644470537880314],[114.53748451528594,4.631855630664578],[114.51541884360189,4.6035810771630485],[114.51079252665681,4.597623935824257],[114.48881195362159,4.57061630364178],[114.47506362518563,4.55372250883092],[114.48125048463777,4.541253540233538],[114.48439842196876,4.5419517791713595],[114.48599531275859,4.541246717505911],[114.4873615103217,4.541367790739921],[114.4885896998597,4.542143425019963],[114.48879259829785,4.54257903353632],[114.48757153782765,4.544575965875981],[114.48647188329531,4.54549781384639],[114.48476717101177,4.546530258048366],[114.48399349900549,4.547466835321241],[114.4842590410693,4.548120353392989],[114.48599740177809,4.548100282250352],[114.4866031389274,4.548254476081748],[114.48808008015324,4.549185230075059],[114.48904297175173,4.549400802368686],[114.49030209643362,4.550129626385778],[114.49179248102027,4.550250375017948],[114.4919458161677,4.550842085770812],[114.49152562014095,4.551289505276063],[114.49186382789651,4.551759431598134],[114.49452574320615,4.553154862676795],[114.49544692450546,4.553363731072502],[114.49649983871782,4.553218555527944],[114.49794175000433,4.5536443863955665],[114.50107266761131,4.553774721481575],[114.50207684097413,4.553295043666736],[114.5033641507313,4.553616700358517],[114.50398891320151,4.554458522943865],[114.50450561837935,4.555724412926704],[114.504661039535,4.556791888525333],[114.50552526258397,4.558167061501114],[114.50609060919362,4.558731446889297],[114.5080658541674,4.559370332539344],[114.50864216366625,4.5597955092520195],[114.5090732558089,4.560099786912909],[114.54912038689864,4.572760694520683],[114.57892155851619,4.595279233106138],[114.57975431085156,4.596199177826684],[114.58081806396399,4.596504649538411],[114.58111447043444,4.596969326828462],[114.5809980060928,4.597650754420168],[114.58138162591362,4.598026900863908],[114.57994069414619,4.598699581509071]]]},"properties":{"id":320,"name":"Kg. Sungai Mau","mukim":"MUKIM BUKIT SAWAT","area":53450856,"district":"Belait","mukimDisplayName":"Bukit Sawat"},"id":320},{"type":"Feature","geometry":{"type":"Polygon","coordinates":[[[114.6426538475323,4.778910383400026],[114.64970339974045,4.784628515443414],[114.64915373188705,4.785660215117207],[114.6452164117963,4.791074078263914],[114.64471273931377,4.792739473128677],[114.64503665307511,4.793955501963851],[114.64557841203036,4.794661734810026],[114.64740025450818,4.795980893960223],[114.64363445321116,4.803117615546007],[114.64212324253334,4.80433528829167],[114.64087762238104,4.804802178610103],[114.63948389669756,4.80488795196044],[114.63831884791904,4.80473514215184],[114.63681842710687,4.804328899327581],[114.63544172243371,4.803418699715692],[114.63451176881108,4.8022789349425405],[114.63364801754452,4.800618986374363],[114.63356814919949,4.799840331312132],[114.63367712261305,4.799095077293881],[114.6345320776536,4.7966849088550125],[114.63467595371635,4.794892766412117],[114.63432735468795,4.7932941447553805],[114.63331092100134,4.790803734184372],[114.63130732516805,4.787882497358873],[114.63003940141162,4.786766251075932],[114.62817075769819,4.785531459389034],[114.62713716972004,4.785171114145753],[114.62583168579756,4.785216344669392],[114.6251265095893,4.7855992879323175],[114.62445787290027,4.786327427721197],[114.6236785896158,4.7878357711024515],[114.62274979456943,4.788652469088962],[114.62208069297178,4.788953289312505],[114.62096419000181,4.789030935717751],[114.61902842006639,4.788886973858686],[114.61761281568374,4.788367988056105],[114.61552428559241,4.786731124479208],[114.61320863003807,4.7836009976013125],[114.61278672479466,4.783157892909682],[114.61391257137343,4.781692259715819],[114.62552269091016,4.766797572749913],[114.62630045572863,4.76579974533855],[114.63311451486523,4.771172369287295],[114.6426538475323,4.778910383400026]]]},"properties":{"id":330,"name":"Kg. Kandang","mukim":"MUKIM PEKAN TUTONG","area":7961806,"district":"Tutong","mukimDisplayName":"Pekan Tutong"},"id":330},{"type":"Feature","geometry":{"type":"Polygon","coordinates":[[[114.65950507595024,4.788929343316677],[114.65946150252164,4.789514159774535],[114.65991858025058,4.7904929351664896],[114.66153315358063,4.791035466117785],[114.66180829321141,4.791946368042355],[114.66131185208768,4.793178486678201],[114.6607266628832,4.795185762577793],[114.66057307349337,4.7971690543800385],[114.66127888220034,4.797714098612144],[114.66346082945228,4.798027141236415],[114.66439421185851,4.7987083032797555],[114.66476067286185,4.79977849298887],[114.66462071508764,4.803163970333846],[114.66350739713573,4.804065554378529],[114.66143534276647,4.804579786197567],[114.6596460396837,4.804651628665449],[114.65763795576095,4.804250777807108],[114.65697009552895,4.8033916265583745],[114.6565965808896,4.800559158068304],[114.65546768545015,4.797942249609625],[114.6545276064838,4.7965887466280375],[114.65273704190525,4.794957367485069],[114.65148489844141,4.794499300746659],[114.65047774434798,4.794356847976289],[114.64934639544514,4.794518390051061],[114.64828165740171,4.794976788021481],[114.64740025450818,4.795980893960223],[114.64557841203036,4.794661734810026],[114.64503665307511,4.793955501963851],[114.64471273931377,4.792739473128677],[114.6452164117963,4.791074078263914],[114.64915373188705,4.785660215117207],[114.65500516861758,4.789928552009974],[114.65603921705181,4.790187958986417],[114.65797387450668,4.789715180631805],[114.65950507595024,4.788929343316677]]]},"properties":{"id":331,"name":"Kg. Serambangun","mukim":"MUKIM PEKAN TUTONG","area":2092679.875,"district":"Tutong","mukimDisplayName":"Pekan Tutong"},"id":331},{"type":"Feature","geometry":{"type":"Polygon","coordinates":[[[114.6612116068415,4.805560716170479],[114.65973628741321,4.805356496486967],[114.65854705577502,4.805440635933007],[114.65702633414041,4.805015190651508],[114.65681248491173,4.8061395200781885],[114.65586217597306,4.807442585380141],[114.65694241995483,4.8080645466760386],[114.65770527800167,4.808806549853637],[114.65802974290717,4.809522402284977],[114.65697236645136,4.810066227740361],[114.65441793997968,4.812130109895397],[114.65294227333455,4.811134219792332],[114.65246022815634,4.8102339761510455],[114.65224354371736,4.8082287689126915],[114.65151810600187,4.808284992154875],[114.65120497608719,4.805142544723672],[114.6525977901315,4.803025599643011],[114.65301921938311,4.803223618309871],[114.65368382889746,4.802530823741041],[114.65259242518134,4.800937156303547],[114.65263454858469,4.800391540341713],[114.65546768545015,4.797942249609625],[114.6565965808896,4.800559158068304],[114.65697009552895,4.8033916265583745],[114.65763795576095,4.804250777807108],[114.6596460396837,4.804651628665449],[114.66143534276647,4.804579786197567],[114.6612116068415,4.805560716170479]]]},"properties":{"id":332,"name":"Kg. Petani","mukim":"MUKIM PEKAN TUTONG","area":737245.875,"district":"Tutong","mukimDisplayName":"Pekan Tutong"},"id":332},{"type":"Feature","geometry":{"type":"Polygon","coordinates":[[[114.93496034290918,4.837858309635835],[114.92026545969361,4.838521124346096],[114.91894444108718,4.838456249331498],[114.91832459052745,4.838818786021394],[114.91798426729805,4.838276642079546],[114.91710587428601,4.8384873619386255],[114.91716865830485,4.838932010956265],[114.91570134588315,4.83930394526614],[114.91512714250787,4.839114711976567],[114.91409473059224,4.836529322472935],[114.91364102440933,4.836705071233016],[114.9125924108319,4.835476514034013],[114.91431038908506,4.834805547823162],[114.91418085617427,4.834460024163063],[114.9169855605166,4.833435636249824],[114.91661863788958,4.832853444403373],[114.91799946171606,4.8320290178895],[114.91883736260583,4.831846112601891],[114.91972616761983,4.830074170419557],[114.92051784398255,4.828235262505552],[114.92926192618533,4.832244539186113],[114.93494393802936,4.834921377447057],[114.93496034290918,4.837858309635835]]]},"properties":{"id":260,"name":"Kg. Kilugus","mukim":"MUKIM LUMAPAS","area":1674766.5,"district":"Brunei-Muara","mukimDisplayName":"Lumapas"},"id":260},{"type":"Feature","geometry":{"type":"Polygon","coordinates":[[[114.96108581148626,4.848431375438],[114.96062457162165,4.848155291068816],[114.95933528135508,4.848695756189517],[114.95872412698394,4.849314917937471],[114.95934845846323,4.850097478996528],[114.95407802610667,4.85056567371518],[114.95060485030358,4.850824125112607],[114.93833604139179,4.851094166694732],[114.93503452685518,4.851102748311819],[114.93496034290918,4.837858309635835],[114.93494393802936,4.834921377447057],[114.93488128435982,4.823773335981635],[114.93489090878319,4.814667302683414],[114.93707334755591,4.81444240726158],[114.93822009038782,4.8136502024692245],[114.93984955457768,4.810529503353845],[114.9411475838584,4.809279758056715],[114.94541174719153,4.807453174521563],[114.9472125053281,4.806919495590505],[114.94909033398395,4.8047285012318435],[114.9525475774943,4.804396370243037],[114.95372004146405,4.803963898640181],[114.95489516259867,4.805740107413012],[114.95606748322429,4.811195243029031],[114.95728477683048,4.812036841632048],[114.95828954010103,4.813067862434382],[114.95839287989406,4.831756153225653],[114.95883486413929,4.834746332039851],[114.95997853281644,4.834960892524328],[114.96272797893505,4.837652099699125],[114.96225425947851,4.838063065903705],[114.96440530945526,4.843640591381188],[114.96495276510325,4.8443602170814115],[114.96444885560975,4.845256242979466],[114.96309556523822,4.846208702627603],[114.96145819059309,4.848316386154705],[114.96108581148626,4.848431375438]]]},"properties":{"id":261,"name":"Kg. Kasat","mukim":"MUKIM LUMAPAS","area":12885698,"district":"Brunei-Muara","mukimDisplayName":"Lumapas"},"id":261},{"type":"Feature","geometry":{"type":"Polygon","coordinates":[[[114.97033359198247,4.840739717779031],[114.96928631882625,4.840671360132055],[114.96842371404017,4.84196283014476],[114.96772717600449,4.842663665760957],[114.96495276510325,4.8443602170814115],[114.96440530945526,4.843640591381188],[114.96225425947851,4.838063065903705],[114.96272797893505,4.837652099699125],[114.95997853281644,4.834960892524328],[114.95883486413929,4.834746332039851],[114.95839287989406,4.831756153225653],[114.95828954010103,4.813067862434382],[114.9597075785442,4.812731645918689],[114.96200808902299,4.8113936067288625],[114.96280013078162,4.810393753778873],[114.96354772163623,4.810084264644789],[114.9645631550871,4.810921515378502],[114.96513377171105,4.810987091762211],[114.96788341210086,4.80928711413087],[114.97099190547821,4.808176284308467],[114.9713232773947,4.808250212110589],[114.97320374166931,4.811720293732724],[114.97452266002249,4.813048831312655],[114.97543642804031,4.814561375280059],[114.97506258232222,4.8151911621368],[114.96775714639273,4.823642607783063],[114.96837624688004,4.827183031372138],[114.96945572167648,4.827131579838091],[114.96960398596178,4.829128679381802],[114.97035832644464,4.831769371225401],[114.96957407601846,4.831988333694055],[114.96955514247037,4.832778041676256],[114.96882698990822,4.8330980044810605],[114.96942248499238,4.835038861607889],[114.97019086915596,4.8358667752418265],[114.97063155664702,4.837854470222038],[114.97016008536741,4.83916618869525],[114.96970229080915,4.839808617461495],[114.97033359198247,4.840739717779031]]]},"properties":{"id":262,"name":"Kg. Baong","mukim":"MUKIM LUMAPAS","area":4491088.5,"district":"Brunei-Muara","mukimDisplayName":"Lumapas"},"id":262},{"type":"Feature","geometry":{"type":"Polygon","coordinates":[[[115.02564198517082,4.994968842726456],[115.02424461818849,4.995255115772022],[115.02387083052878,4.995866003099701],[115.02392736730047,4.9978661580035615],[115.0237139391021,4.998222786790566],[115.02280876608496,4.997556784094016],[115.02158450635868,4.99557005472775],[115.02030220005828,4.994882888267613],[115.01921495519109,4.995234604917077],[115.01880151903929,4.99560495117787],[115.01801526709316,4.997047988951415],[115.01724895797743,4.997641143552305],[115.0166759560853,4.998062545684831],[115.01571389569197,4.997977936760791],[115.01403404758099,4.997094056503386],[115.01403754965189,4.995179319534314],[115.01116359125683,4.995078451423579],[115.01095878341522,4.993648952660366],[115.00949400639645,4.99387889049124],[115.00758602288973,4.993293520254398],[115.00592755492694,4.99315935687025],[115.00564761841798,4.99179070712421],[115.00304310679373,4.989444823821622],[115.01664437962063,4.989387709377203],[115.01705586657877,4.984985399386029],[115.02558536352058,4.9826126363584144],[115.0255928471529,4.984245228021891],[115.02727790440414,4.985862964100047],[115.02628850617202,4.988486329747175],[115.02632823125892,4.989567291060002],[115.02579421927172,4.99112826384158],[115.02564198517082,4.994968842726456]]]},"properties":{"id":264,"name":"Kg. Sungai Buloh","mukim":"MUKIM MENTIRI","area":2197195,"district":"Brunei-Muara","mukimDisplayName":"Mentiri"},"id":264},{"type":"Feature","geometry":{"type":"Polygon","coordinates":[[[114.77433441103855,4.805786489963899],[114.77201362970543,4.806967179113075],[114.77170766918398,4.806463675749047],[114.76935766840211,4.806865055326068],[114.76588340462746,4.80283047498036],[114.7604841262263,4.799198674289212],[114.75942142889755,4.797029001446684],[114.7615820663248,4.795856588328122],[114.76211433581652,4.796751687984673],[114.76415214801496,4.795510871957896],[114.76490490967404,4.795284901055859],[114.76413679487584,4.794024413659497],[114.76538964075208,4.792873083681621],[114.77299067812507,4.788148419388309],[114.77415259361874,4.788175447521453],[114.77421601188193,4.7885087479047215],[114.77682460980887,4.793521543746647],[114.77908166238582,4.796983795458874],[114.78051581223312,4.799960080702136],[114.7814308333015,4.801403743158122],[114.77944744120649,4.802961838812544],[114.77752817493092,4.79859019371885],[114.7745462559465,4.800473446975188],[114.77671352651204,4.804583701700881],[114.77433441103855,4.805786489963899]]]},"properties":{"id":265,"name":"Kg. Luagan Timbaran","mukim":"MUKIM KIUDANG","area":2597135,"district":"Tutong","mukimDisplayName":"Kiudang"},"id":265},{"type":"Feature","geometry":{"type":"Polygon","coordinates":[[[114.7620643963288,4.363901162855647],[114.76117870868805,4.365514301391835],[114.75951830035856,4.3671627182935],[114.75730703220728,4.368392751003422],[114.75337578095169,4.371514699607736],[114.75187224148823,4.373475515548075],[114.74884501824839,4.3788038721729965],[114.74772416759326,4.3818477504050035],[114.74651897114701,4.3859099186586805],[114.74609155381756,4.38669322150759],[114.74465778053725,4.388257839174669],[114.74373284937064,4.388958367695717],[114.740095736893,4.391995434274305],[114.73864405014864,4.3936050305016074],[114.73747183020198,4.395458854288881],[114.73642561097992,4.397457299972108],[114.7349622479076,4.3999049345286245],[114.73396961345065,4.402327171742544],[114.73211471302527,4.405711454924627],[114.73039729537508,4.407988080465554],[114.69174836513318,4.408094640316674],[114.6906845252869,4.407096588929709],[114.68966990386288,4.405798157999479],[114.68813984376757,4.404607341504264],[114.6851872100269,4.40300375239125],[114.68063302311312,4.4012949684550415],[114.67951243786574,4.400624431613069],[114.67837139077339,4.399299569556717],[114.67779853337241,4.398856893538873],[114.67635941915054,4.39817417603865],[114.67185361497397,4.3965928909610765],[114.66926640402913,4.396575899628403],[114.66692326723602,4.395915960272953],[114.66507951843394,4.394642927746558],[114.66369082611914,4.394263312019863],[114.66222273618027,4.394085722226441],[114.66149936538275,4.394390460611936],[114.6596987589581,4.395742620595403],[114.65746459065045,4.396904814193415],[114.65712635840646,4.39819767811258],[114.65703113067447,4.400196162672209],[114.65671227235984,4.401165921773912],[114.65584894539421,4.401773747890888],[114.65627520249808,4.403165362188058],[114.65559923693709,4.405932536987399],[114.65529873090067,4.406216015452691],[114.65343989190967,4.406884288127899],[114.65345412162594,4.406333398964336],[114.6529965817547,4.40523326434413],[114.65269498975088,4.403912522295148],[114.65219128442416,4.403221485314332],[114.6506214669078,4.402313268328696],[114.64956833242032,4.401293656358161],[114.64787294193643,4.4005901318792295],[114.64653810491184,4.399728728883186],[114.64562912209875,4.39971544476855],[114.6448254629342,4.398285879897952],[114.64352212592397,4.39740827530142],[114.64286467066071,4.397724965463774],[114.64192350266235,4.3974757695039814],[114.64126189809187,4.396297629366985],[114.64037512694543,4.393506539746671],[114.63970261781978,4.394174107402838],[114.63906720408902,4.3941479088532125],[114.63794805453676,4.3945314284392865],[114.6378278896056,4.395415620127014],[114.63723233885977,4.395696984249793],[114.63676224076522,4.394993445816102],[114.63632283118224,4.39530793653552],[114.6353554265897,4.395259320379601],[114.63367630530587,4.395578227550077],[114.63305123219929,4.395261108016861],[114.63072142312437,4.3951836777852655],[114.63008853644621,4.396074889999239],[114.62985290554073,4.397529991459623],[114.62920671049694,4.397638073308635],[114.62925858166356,4.398258869496936],[114.62888092973597,4.398741003347103],[114.62764357908101,4.398705280727041],[114.62668733460598,4.399558227766621],[114.62584854076118,4.400561887630509],[114.62617426788762,4.401461619174439],[114.62498166475551,4.401487305770355],[114.62508995604632,4.402359672091198],[114.62423205344427,4.402496308620178],[114.62432037857135,4.40421343045562],[114.62338952685884,4.404171256928437],[114.621924371958,4.404393480820822],[114.62188137360498,4.404969783207797],[114.6226631745021,4.405532613878844],[114.62141388957686,4.406458696749733],[114.62135181868807,4.405915129291467],[114.62067591180922,4.404938359195182],[114.61973506067665,4.404696300240838],[114.61928324407839,4.405012111742252],[114.61860219604401,4.4063887528731165],[114.61819719118654,4.406844244006221],[114.61732588397919,4.406567037442577],[114.61574153106721,4.404462675174779],[114.6154360074421,4.403100411434199],[114.61571173836023,4.402062754115499],[114.61626635540541,4.401140834434383],[114.61807245767737,4.399458172893808],[114.61794334225316,4.3989342581557915],[114.61715108952025,4.397852949172233],[114.61609280484846,4.397110240881857],[114.61502770025308,4.398115126794576],[114.61430790500788,4.398058860504907],[114.61178735642487,4.397401733852775],[114.61068156491059,4.3962630330342085],[114.61024936367527,4.395262284828683],[114.61022171985206,4.393642939502462],[114.61038099840204,4.392465799274913],[114.61091182547972,4.39133423693527],[114.61152546385331,4.390773320976945],[114.57681244820849,4.390870961995619],[114.53113065159717,4.390997247654417],[114.49067464643572,4.391107000455272],[114.49053109584517,4.382592003956574],[114.4904103840363,4.37543226758972],[114.49014186468025,4.359506038186276],[114.49162265910641,4.359043215356938],[114.49310733237974,4.358932493479442],[114.49448892840842,4.357945322955965],[114.49718043516484,4.358071947827574],[114.4981438953875,4.357836813911832],[114.49880758913852,4.358180163287859],[114.49901674396722,4.35913142838935],[114.49940577069705,4.359747752094558],[114.50063056318963,4.360423979545324],[114.50163458833414,4.359947366860459],[114.50277781886592,4.360195056134033],[114.50382113895493,4.360136065104732],[114.50469200312864,4.35980761675227],[114.50552827375417,4.359817851985943],[114.5066278068011,4.360797378018763],[114.50724219771284,4.360891211081183],[114.5080054057847,4.359577305489506],[114.50850777444445,4.3596468929686605],[114.50897045868149,4.360381385813891],[114.51010625475783,4.360583296118316],[114.51164939975037,4.360438706465414],[114.51225696647674,4.360202283809691],[114.51282808115909,4.3591671962461245],[114.51280071798676,4.358611051097074],[114.51180526502311,4.357842032715885],[114.51097170980228,4.35634199082743],[114.5108729128007,4.355885049328517],[114.51156260168922,4.355251302516483],[114.51288501632524,4.355326662311684],[114.51599086062926,4.356692317535684],[114.51672291105484,4.357759286321855],[114.51696130139874,4.359115846521659],[114.5180787553296,4.360695053327707],[114.51759067248949,4.3618762485728],[114.5177637317617,4.362963146902423],[114.51854365639242,4.364029424152359],[114.5196916086569,4.365210603312788],[114.52025916555577,4.365394224643431],[114.52208617308602,4.364403280930241],[114.52305234570719,4.364556727726835],[114.52459990940709,4.365440645543207],[114.52520370882641,4.366341196002235],[114.52532780490712,4.367487215748596],[114.52647462079459,4.368231442877759],[114.52752972817524,4.36836740898665],[114.52903531083064,4.368063535443297],[114.53000479809425,4.3690422472717385],[114.53108595457905,4.369870582664669],[114.53259104316518,4.369805241185457],[114.53378124509027,4.370555844050527],[114.5348523389194,4.370132999308738],[114.53544783078955,4.369288338834761],[114.53556100572077,4.3685237900464955],[114.53548322807175,4.366650498810429],[114.53594646248995,4.365521835679962],[114.53830764958244,4.363304178031097],[114.53938107367294,4.362490440785752],[114.54106451165697,4.361594076960316],[114.54240884151831,4.3611483180346475],[114.5431355209751,4.361663021199676],[114.54360467353378,4.362322273931828],[114.54451034788448,4.3642880907553385],[114.54466451912873,4.365509490907723],[114.54529425077935,4.366305174817092],[114.54601721518102,4.366586648090529],[114.54817726075154,4.366637796016623],[114.54969921777666,4.366250324191078],[114.55071581589725,4.366303273843311],[114.55268787833717,4.367766804751787],[114.55476456696346,4.367919774966191],[114.55684634184091,4.36786809822806],[114.55757670076521,4.3676465260470785],[114.55846394494708,4.366919466798434],[114.55967387198758,4.366615486921327],[114.56101777867062,4.366714735087601],[114.56248822853351,4.366542880904769],[114.56496191950431,4.366063070087874],[114.5681509222489,4.3652133299561475],[114.56893562624047,4.365099563589028],[114.57051932902101,4.364534248185893],[114.57157956561605,4.3638516435021195],[114.57400898826963,4.363666426945028],[114.57478575216686,4.363322615383632],[114.577663367189,4.362906673490772],[114.58019441091463,4.361566329761021],[114.58178462081297,4.361121089462338],[114.58372901727574,4.360250933667925],[114.58475184480905,4.360109371179618],[114.58483105066509,4.35941331503855],[114.58580308182614,4.359437511111596],[114.58855153001589,4.357911983964938],[114.58994762533227,4.357945757672652],[114.59082951952945,4.357749461283696],[114.59223823337378,4.357868549995651],[114.59337195821603,4.358335462703662],[114.59497938931044,4.359464134901027],[114.59744896142148,4.361825539989903],[114.59857184466927,4.363889634766915],[114.59877003537687,4.366565338012394],[114.59938274424617,4.368431292538692],[114.59895696747867,4.370068621295719],[114.59871010498686,4.371852989166173],[114.59938758351247,4.372688004002373],[114.59941682679255,4.3737065312898595],[114.60005994545692,4.374743157580031],[114.60125102753226,4.375169485940985],[114.60123607528308,4.374436097289444],[114.60219487013444,4.373729142298482],[114.60297862711074,4.373620028193209],[114.6024572783643,4.3720705840467184],[114.60250601969507,4.370672549935938],[114.60285375305047,4.369713285636461],[114.603438809596,4.369061077416263],[114.60423611445493,4.3691555965507645],[114.60443072527161,4.369858408811635],[114.60410111314177,4.3710374211194845],[114.60448731312093,4.371335279649183],[114.6058705906773,4.37111167778872],[114.60856892922615,4.371341625420105],[114.60987195667393,4.370599515518931],[114.61017608150836,4.369710702415342],[114.61011060864989,4.368189897460089],[114.6097755857759,4.367390765315238],[114.60965874012616,4.366300896565855],[114.60985462975115,4.364269443802953],[114.61032437302474,4.363090041657404],[114.61087563566043,4.362895097273555],[114.61150782554134,4.363464825661732],[114.61255987209546,4.363831177777311],[114.61331297225955,4.363776343617958],[114.61456213136326,4.36255962008047],[114.6156073297552,4.360429099465766],[114.61665660208229,4.359784393678328],[114.6164094042543,4.359072935407306],[114.61500761776877,4.358927350196591],[114.61426188227078,4.358472239283049],[114.61299615959992,4.356840452025107],[114.6128978656719,4.356128580639674],[114.61365827237647,4.352354773467609],[114.61462764717257,4.351323446527968],[114.61520725307165,4.351884520856226],[114.61610453479081,4.353306320807681],[114.61697307888561,4.353831429850635],[114.61826291259418,4.353936804209002],[114.6187349234036,4.355027068579083],[114.61935575769262,4.354392068175606],[114.62029108817724,4.354922765167635],[114.62004847266898,4.355605210142565],[114.62105185348292,4.355562014409215],[114.62097211863123,4.355045863644099],[114.62198041637973,4.355138879145753],[114.6228053082334,4.354900028935575],[114.62373796860089,4.355621472937867],[114.62432017733819,4.354917019927701],[114.62518434922002,4.3550355863639645],[114.62498687343137,4.355919931767747],[114.6263080819707,4.355752614237694],[114.62608603372374,4.3550760431544955],[114.62744842493007,4.354936024123729],[114.62934209408324,4.3536622976884916],[114.62968967251257,4.354050900435976],[114.63075957066577,4.353710450782289],[114.63216726806095,4.353847753149386],[114.63247565400454,4.353160657590276],[114.63306112953093,4.353006234188058],[114.63358919846621,4.353724626022562],[114.6344881518104,4.354130415164371],[114.6353408220448,4.353553443466367],[114.63660094694863,4.353495377595019],[114.63718918721774,4.352599480963536],[114.6384917588931,4.3526178896498715],[114.63868167104665,4.351652161741258],[114.63974428246645,4.351646082221617],[114.64091138298032,4.351294496133197],[114.64125606701431,4.351771303694069],[114.64253013495525,4.349636954944617],[114.64225208922566,4.349080096010486],[114.6435301556285,4.348304389484818],[114.6433349378698,4.347227598979575],[114.64376524519493,4.347065199506126],[114.64417603483811,4.348174801243112],[114.64493167690728,4.348260266057177],[114.64553024758914,4.3477312285401375],[114.64548937388489,4.347197444110259],[114.64686764868448,4.346304696301178],[114.64755455247203,4.346670477175257],[114.64801818040475,4.346126798580561],[114.64873618406389,4.346941597202868],[114.64908354860111,4.346507063490794],[114.64892046546018,4.345575956044961],[114.64965579703271,4.345333650903254],[114.64948698729299,4.344773376203923],[114.65027700874126,4.344354838813271],[114.65068930476329,4.343779647552655],[114.65156476250128,4.343707941991061],[114.6518062106158,4.342852575253034],[114.65248261251838,4.342481553166267],[114.6525266197622,4.341502099251799],[114.65194471814644,4.341230145748092],[114.65238565655983,4.339822511940942],[114.65305492376346,4.339921812161829],[114.65322896042295,4.339126837015916],[114.65416169131484,4.339467086868851],[114.655374151781,4.339384498971058],[114.65596542641785,4.339823462767357],[114.65683458532322,4.3398356435461],[114.65808633485369,4.340293162290701],[114.66000778455025,4.3399180550033964],[114.6604419033487,4.340100828274209],[114.66152259440132,4.341529606664114],[114.66337792428696,4.342676671328766],[114.66538353435382,4.343691090807736],[114.66617619297857,4.343916030798747],[114.66731096307203,4.342939707941782],[114.6680903402987,4.342743332822036],[114.67182131076919,4.343438502058537],[114.67282156900148,4.343091135553593],[114.67403153811024,4.340677735668165],[114.67458199084226,4.3391250009205775],[114.67491855520103,4.338660807154835],[114.67642284914466,4.338329805862768],[114.67752555629014,4.337371363631566],[114.67815821469458,4.337068559426777],[114.6795860941186,4.336793648413284],[114.67942354463767,4.337466656074059],[114.67692886404095,4.339844784182656],[114.67680950636417,4.3406520453955535],[114.67743069160744,4.342270915270781],[114.67792056512391,4.34245351825439],[114.67798661459109,4.344108445759872],[114.67859461571284,4.344845243249465],[114.67976329409976,4.345709894091708],[114.6801683431881,4.345766963066535],[114.68125704266347,4.347024137786588],[114.68214000389293,4.347613460305367],[114.68318801881593,4.3480236904705],[114.68380169303539,4.347975308599506],[114.6848365487565,4.348310954736163],[114.68627081290637,4.3500917119013405],[114.68684040715584,4.351398427475266],[114.68995414580233,4.351644382820501],[114.69096347508007,4.352110671620627],[114.6918058483108,4.353871347173113],[114.69225438790151,4.35436834992089],[114.69462263415153,4.355057143295609],[114.6981010262746,4.355421954530967],[114.69911835337857,4.354737321565248],[114.70079270077926,4.352218758684006],[114.7015968469276,4.3504369727949035],[114.70156975780537,4.349032352740306],[114.70184255453003,4.347931830011209],[114.70183475513451,4.346775589310682],[114.70233853052667,4.345432156319225],[114.70384592026045,4.343498583127754],[114.7049041701851,4.343151853627838],[114.70744133454424,4.34383955789037],[114.70924830959551,4.344198389524027],[114.71190624300951,4.344187057071111],[114.71302130646029,4.3440142581807155],[114.71373454526406,4.344125820650368],[114.71796722569688,4.345376696650436],[114.72051601449083,4.346379185623714],[114.72237881797162,4.34676100436119],[114.72366860338553,4.346640537922588],[114.72488042199882,4.347409473241607],[114.72647507640646,4.348928538672895],[114.72929329840146,4.351380144256025],[114.73126147582713,4.352169482934022],[114.73395206731178,4.352146679372824],[114.7358970968346,4.352523708400146],[114.73726241984139,4.353011234345375],[114.73779748913468,4.353822255132794],[114.73787803875722,4.356360379382954],[114.73890656077475,4.357607767806573],[114.73960539416258,4.358184849909238],[114.74216497519238,4.358223734249361],[114.74336077750131,4.358701573056223],[114.74392356595253,4.359551794910995],[114.74484164727114,4.3588309329905774],[114.74610344261662,4.358761672202873],[114.74678414201189,4.35987892355444],[114.74659486906239,4.361023024337892],[114.74727724775977,4.3617474036893285],[114.74825183141797,4.361868064239129],[114.75086215453665,4.361922885085928],[114.75139211110911,4.363678766140355],[114.75247688054586,4.363733245338649],[114.75351113428961,4.364617124468382],[114.75661262101579,4.364896880311244],[114.75725497411807,4.364637226618018],[114.75843937973313,4.3637100917825355],[114.7594746070283,4.3633828631138005],[114.76022796489741,4.363917375006812],[114.7620643963288,4.363901162855647]]]},"properties":{"id":266,"name":"Kg. Kukub","mukim":"MUKIM SUKANG","area":128908056,"district":"Belait","mukimDisplayName":"Sukang"},"id":266},{"type":"Feature","geometry":{"type":"Polygon","coordinates":[[[114.85552903159984,4.317643377610888],[114.8559372928388,4.318264046954635],[114.85727746802252,4.319361673807345],[114.85829276451979,4.3206564476706],[114.85960541009624,4.321586830952324],[114.86019389795048,4.321781461128349],[114.86080084702282,4.322491006772076],[114.86102161100986,4.323607603732341],[114.86200044676167,4.324390341580915],[114.86299618930144,4.326101496429028],[114.86435812980483,4.327311535920183],[114.86524133715024,4.328495346960299],[114.86553154875854,4.3294845430126205],[114.86713913033937,4.3309921565639],[114.86860608825343,4.333502427074339],[114.86955853916538,4.335596121008173],[114.87056177323666,4.336985316623133],[114.87013792303463,4.337783668169944],[114.87019554899726,4.338397665303257],[114.87111838480037,4.339642963037067],[114.87194479371608,4.340292185674097],[114.87227253331554,4.340843171909194],[114.87288219523226,4.342799704383586],[114.87286888252977,4.343234163415066],[114.8721858162678,4.34416021771086],[114.87221765089302,4.344995040159849],[114.87303313389592,4.346120257224979],[114.87285022030593,4.347443857991966],[114.87296898783029,4.34945136364671],[114.87462021257662,4.350037275203107],[114.87484592112054,4.350369246294666],[114.87494788794858,4.353326471510596],[114.87574598772594,4.35428837853437],[114.876502951834,4.354505087504563],[114.8765763100924,4.356576892539449],[114.87635660464873,4.357102429927739],[114.87626937155534,4.358591927636822],[114.87745247089661,4.360040480026285],[114.87700437076852,4.361197575622418],[114.87699979542903,4.361910121917865],[114.87806786744679,4.36294213426204],[114.87825080450017,4.363648733838586],[114.87810667980109,4.36494931831767],[114.87852146920314,4.366153495498232],[114.87797860185358,4.367627438419745],[114.87877918043178,4.3684742975476505],[114.88012691430082,4.370714291144408],[114.87992914461795,4.372334422827011],[114.88005039917739,4.373677714836743],[114.87911677670219,4.374993738095109],[114.87885310452056,4.37642724981055],[114.87949253868109,4.377611511366377],[114.87940690003568,4.3792527762477675],[114.87908254010918,4.380362004888272],[114.87944156452782,4.381376699975256],[114.88004925420178,4.382124098407949],[114.88053891841777,4.383316738410618],[114.88095830890389,4.383814296430571],[114.88071454316335,4.38494362768637],[114.88026053158042,4.38582940493479],[114.87969328629808,4.386335101313064],[114.87975844016222,4.386830081920762],[114.8807439782609,4.388116153995969],[114.87980853689456,4.388844012635558],[114.87954997666611,4.389373341592192],[114.87927963572471,4.390837396392004],[114.87967244297886,4.392215459728988],[114.87928434693599,4.39292720909239],[114.87792587300245,4.393258696747653],[114.87763898877402,4.393919259290135],[114.87781975449347,4.394835014415791],[114.87856765442557,4.396677770512993],[114.87942952745786,4.398036579922292],[114.880770132537,4.399038352367464],[114.8809784710303,4.399945825171101],[114.88215830085109,4.401592503343684],[114.8821759518632,4.402206340010902],[114.88179782840089,4.402865206646959],[114.88130735335571,4.405270274102141],[114.88222970183202,4.40816531317515],[114.88211697501313,4.409421704459446],[114.8830598459341,4.410374391556709],[114.88325211118928,4.410996729961102],[114.88267770726657,4.413214949801492],[114.88208768226309,4.414012397378913],[114.88219092158153,4.414621163140123],[114.88294529577273,4.415628413762589],[114.88296701958893,4.416651495128659],[114.88268274338148,4.418164203759115],[114.8834575237531,4.419763516084903],[114.88357590655103,4.42071846478436],[114.88333308480367,4.421608392581223],[114.88345460543255,4.42303674957412],[114.88310105550978,4.423447665520148],[114.88261203643088,4.425045794556709],[114.88169300450306,4.425996029827597],[114.88030613310944,4.425900538372466],[114.87927673579127,4.426003483932998],[114.87668393554695,4.426011475301755],[114.8759540785106,4.425260214172091],[114.87272571808265,4.4241048351176815],[114.87199651781512,4.424517183871991],[114.87113506767008,4.424593034865926],[114.86973330633761,4.424045917086411],[114.86846352246422,4.4239296952869305],[114.86759969371376,4.423410034627248],[114.86650629885413,4.422405505136405],[114.86473246354622,4.422289693665742],[114.86319564989434,4.4208498464263775],[114.86258565390514,4.420829387193717],[114.86187937093398,4.421369973927876],[114.8607145568111,4.4213235123578505],[114.85946469654401,4.422202946109497],[114.85793487413503,4.422507501001578],[114.85672210923843,4.422435460798256],[114.8555573233693,4.421469292177877],[114.85505145050216,4.421426181712043],[114.85407940884086,4.421990748280027],[114.85278194233815,4.422030319307873],[114.85148136367776,4.422343773728609],[114.85045845562517,4.422850266746826],[114.85004700422101,4.423302045330647],[114.8484987537746,4.423100719293622],[114.84797781951622,4.422360949117769],[114.8479511328019,4.420239277610933],[114.84688324051642,4.420395718113907],[114.8455562257064,4.421092779132603],[114.8436267883511,4.421853567799241],[114.84277782542398,4.422334368876149],[114.84041275937153,4.424123856966106],[114.83851213096771,4.425852573726012],[114.83686110002499,4.4259330436172535],[114.83451630862446,4.426230978638351],[114.83325323510711,4.42741028484739],[114.8318764293849,4.4280385113252265],[114.83096889700472,4.428900468298554],[114.82905172684492,4.4296298087601595],[114.8284724112646,4.4317660259406955],[114.82849273658258,4.432534731818621],[114.82733562576846,4.434310917836428],[114.82817685077926,4.435375610283889],[114.82755836635359,4.436471842887848],[114.82713964285874,4.438073954134337],[114.82678155495415,4.4388618914365185],[114.82587495187681,4.4400403897038325],[114.82581436669115,4.440872653049047],[114.82503308019143,4.4417703937824315],[114.82514297042492,4.442357946535145],[114.82648798557327,4.443140746775604],[114.8258525824498,4.444607844738251],[114.82507927070046,4.445161878315663],[114.82481058822157,4.445714393476014],[114.8255706113266,4.446743155279399],[114.82669141126145,4.447879360637791],[114.82665666536579,4.448313593141858],[114.8258039580622,4.4494376601934],[114.82488692408079,4.450145882365476],[114.82497573615552,4.452723244132794],[114.82483407290123,4.453564792999148],[114.8244128155776,4.4543257854196385],[114.822963371669,4.457803165364841],[114.82085980199554,4.459509824269454],[114.82108012494041,4.460865808126147],[114.82210289084324,4.4623640840052285],[114.8210178359154,4.464149076649239],[114.82101541386454,4.466355892607917],[114.82048152187286,4.467500753186698],[114.82141283403865,4.4698686870027515],[114.81987701535381,4.471406026725732],[114.82000396375953,4.47167047640525],[114.8200110927641,4.474059552569465],[114.8189125798626,4.475116237151751],[114.81867142188396,4.475838808153622],[114.81815226928515,4.476074388119766],[114.81764826335142,4.476857099532714],[114.81774616830468,4.478526043277158],[114.8176496583021,4.480537835225376],[114.81792390182419,4.481277794416378],[114.81766735925268,4.484020956465112],[114.81852956052566,4.486631031082517],[114.81852302712456,4.487840439873012],[114.81805988266984,4.490430184613931],[114.81846581119224,4.4916985533489315],[114.81894586562402,4.4923251258081205],[114.81858624909768,4.49317890874205],[114.81873276487033,4.494148746407411],[114.81977591741021,4.494728404783501],[114.82002567293692,4.495753328711014],[114.81983264914399,4.496565065789613],[114.81889789226474,4.4973948557862515],[114.81856776287816,4.498126453400036],[114.81871554506549,4.49971045034144],[114.81930277226162,4.502088737359606],[114.81884137787621,4.5035680077117375],[114.81938720895313,4.504907178966543],[114.81873961514081,4.507032824344349],[114.81960584544574,4.508341638234127],[114.8185891782932,4.511364615435154],[114.81923205000176,4.512000305297176],[114.82004582565729,4.513472354517093],[114.81993809550866,4.5143669276512],[114.81913344107035,4.515957168451773],[114.81868096680631,4.517408712833501],[114.81880198895658,4.51889555744795],[114.81837179620504,4.520075988875826],[114.81871198330393,4.521203800330897],[114.81930835085143,4.522108978637542],[114.81821075771568,4.525012353559588],[114.81881197438818,4.525653254805187],[114.81972416661995,4.527069612598824],[114.81955464011126,4.528776933564061],[114.81815806833907,4.530396359406215],[114.81816102240256,4.530821710375183],[114.81949760558881,4.531943424298777],[114.81973336190198,4.533183186565894],[114.81952019608093,4.534611679638798],[114.81992980751319,4.536163793146908],[114.8193923762864,4.537273883652225],[114.82014997936142,4.538790190051663],[114.81992757709277,4.539765367568432],[114.8189444470533,4.541013871185779],[114.81841892616796,4.542342680836223],[114.81972911227746,4.543862134269369],[114.81978512345327,4.544702227143207],[114.81869927096942,4.5456944062930305],[114.81797256778069,4.547182091600992],[114.819166439851,4.548606081841378],[114.81922548457374,4.549140358922065],[114.81979434392349,4.550070488700745],[114.81967267329637,4.550826040825924],[114.81919104885804,4.5515756069419195],[114.81909353171189,4.552687768450011],[114.8178566183168,4.554407604678805],[114.8175076034087,4.555427815679995],[114.81960272452139,4.557037618495559],[114.81880198495435,4.558635182218334],[114.81785052006026,4.560122971364626],[114.81789386625128,4.561629825248816],[114.81715693789062,4.562715634683816],[114.8159143186686,4.563090163219057],[114.81550081710832,4.563453166155546],[114.8157208009442,4.564691557203062],[114.81615495594967,4.565214819544799],[114.81695811738696,4.565565139321835],[114.8172389296409,4.566043637054668],[114.81599328193863,4.568435021107984],[114.81582464985708,4.569312806742565],[114.81608017067707,4.570379251116031],[114.81684897928457,4.571299455486834],[114.81727665368854,4.572672886841213],[114.81709340939415,4.57469932065014],[114.81783235383338,4.577699765790693],[114.81737684554487,4.579093924009552],[114.81742768768204,4.58103825969373],[114.81825181880909,4.582374325395952],[114.81834691709923,4.584047204970241],[114.81774585944403,4.584989594228148],[114.81535346608462,4.58667895148857],[114.81604447519041,4.588711813519171],[114.8175901988949,4.590235649045204],[114.8178271637149,4.591121262774399],[114.81733650712759,4.592823023809339],[114.81716848675171,4.593908820783752],[114.81672943480345,4.594778367042429],[114.81558633492155,4.595297295946896],[114.81425337175871,4.595617820946217],[114.81253259067037,4.595849060357531],[114.80942575582529,4.596735600681539],[114.80912049554303,4.597134450858177],[114.80872026744056,4.598944462431281],[114.80921295705869,4.600968872053202],[114.8091173998787,4.602181065126849],[114.80858858074353,4.60317748972256],[114.80841096896573,4.604073383151707],[114.80844632535319,4.6068859874428725],[114.80836939675135,4.608874500518172],[114.80804302482876,4.610326763286252],[114.8084042675214,4.6132381629692025],[114.80868971074358,4.613755651505081],[114.80971579691797,4.614802556583073],[114.80946627140162,4.615763666243989],[114.80877611532539,4.616877577637364],[114.80839871527904,4.6182206130505685],[114.80886838843807,4.619126447701248],[114.80812730394828,4.620354688109766],[114.80763382299357,4.621686481571568],[114.80742182075046,4.624101027151759],[114.80768244283229,4.624796644438112],[114.80774964105656,4.626567666633656],[114.8069594120307,4.628325690270411],[114.80605375314738,4.629530958028174],[114.80479850107997,4.630625058070791],[114.8029939370734,4.631891492993483],[114.8008315492083,4.633888160164843],[114.80016824805426,4.634948561315577],[114.79989002952675,4.635929248784006],[114.79986585460772,4.637476981627897],[114.79962211710232,4.638497413262919],[114.79894240881559,4.639345325760486],[114.79903778431529,4.639786221926444],[114.80006404443279,4.640503594814012],[114.80021241574514,4.641342270294687],[114.80003203123206,4.642451545481273],[114.79968922497382,4.646563911950483],[114.79942201645154,4.647841604238983],[114.79881679396935,4.649501274885102],[114.7985579626632,4.651138439071998],[114.79878528102047,4.6528657740264245],[114.79930522012823,4.654101244238507],[114.79985757714796,4.656158744804321],[114.79910389773352,4.656337204349312],[114.79822000828452,4.656114749961722],[114.79656606007202,4.656239210527177],[114.79502913060868,4.655631843005615],[114.79339553218541,4.655524133250319],[114.79268462119558,4.654527482868316],[114.79259077226531,4.653599345024776],[114.7918456398423,4.6528841323626455],[114.79081098835813,4.651445328417122],[114.78834356505078,4.649054198576179],[114.78920967505687,4.647996628014458],[114.78755205995813,4.6468620942090215],[114.7869358898794,4.647096013049557],[114.78523262599865,4.647129162330422],[114.78455334700027,4.6473562317137835],[114.78165858581467,4.647442111719518],[114.78086032711333,4.647732828758041],[114.77902332520587,4.647576453837086],[114.77600273895112,4.647782250967888],[114.77509710122477,4.647306631911942],[114.77330837353773,4.646875798738334],[114.77255219108802,4.6471734164341925],[114.7712166596187,4.645904273274827],[114.76890327698702,4.645840704191884],[114.76799658515483,4.644999341428537],[114.76629494070252,4.645588086953694],[114.76524310893576,4.645457521426868],[114.76453933455238,4.644488961461658],[114.76364102327166,4.644118809568925],[114.76285362538498,4.643319294933304],[114.76226736913074,4.641780681562927],[114.76122009007834,4.640799052610034],[114.7590353705018,4.642074949972944],[114.75625263348759,4.641621653192018],[114.75394757497688,4.641521443803215],[114.75354899256287,4.64137067958239],[114.75324915720353,4.640460017299435],[114.75259670620353,4.639781075957756],[114.75266606871448,4.638554244500076],[114.75238522454586,4.637617080855281],[114.75181854826761,4.637123572495087],[114.75129307376234,4.6353605500908275],[114.75078950275878,4.6349703896169565],[114.74999331702081,4.6334378610827205],[114.75005063260998,4.632856224453194],[114.74891042885959,4.632150973415294],[114.74584970977921,4.632098909577094],[114.74471148280531,4.631475469986212],[114.74356309631406,4.630144526854508],[114.74463415308952,4.62841357018295],[114.74546339984204,4.62587800729902],[114.74531206771755,4.623401243555077],[114.7448566562044,4.621161630890669],[114.74415352154733,4.61896767256857],[114.74379978331227,4.616626299266046],[114.74412424160127,4.6150534032221975],[114.74434448769492,4.6126996249008965],[114.74464603511726,4.6111946211872334],[114.74442877595226,4.609690554053734],[114.74335280111433,4.6069315745396295],[114.74370871379979,4.6043510217361625],[114.74362538445857,4.602405950462902],[114.74390635063978,4.601579583564907],[114.74472661144286,4.600435681374182],[114.74525541128259,4.599992972445421],[114.7468096692292,4.59924402776742],[114.74742957289122,4.599141895546778],[114.7488952041353,4.599501101101989],[114.75027009123829,4.5996463362142785],[114.75268926617126,4.59956723201556],[114.7557610981025,4.599220274124669],[114.75757130706724,4.599130495124976],[114.76139980056134,4.59844356661847],[114.76215535606725,4.597723207839667],[114.76227639452381,4.595948806348474],[114.76210416791764,4.594639619108026],[114.76163684709506,4.593162562023201],[114.76049589971028,4.591518464479444],[114.75919597725057,4.589935965006821],[114.75749726533641,4.588147843231426],[114.75652700576137,4.587474908475389],[114.75353536326786,4.586511950785681],[114.75198735845528,4.5861004289166205],[114.75040006236573,4.585345626794288],[114.74898402386557,4.584122465278812],[114.74806256138753,4.583063987315272],[114.74711292308075,4.581526714479675],[114.7464102788022,4.579106639765505],[114.74620357680719,4.577161071674948],[114.7455244999994,4.576076055980104],[114.74526348305474,4.575024309973209],[114.74385325719192,4.574132477202064],[114.74236535707693,4.574044368546246],[114.74057079238678,4.572893059513709],[114.7396669995371,4.572011900602539],[114.73794046868542,4.570815165641086],[114.73683494015607,4.570296635611585],[114.73599954965788,4.569302227251557],[114.73417243798632,4.568580870724047],[114.73197314108414,4.568301201173157],[114.7315334677475,4.567996386597793],[114.73156598409068,4.567351619480139],[114.73207159569489,4.566490973645174],[114.73457878753177,4.563160884271232],[114.73600679478203,4.561427927609717],[114.73935361848501,4.561366237906358],[114.73972435153814,4.560811214011086],[114.74040108174152,4.559139265675156],[114.74219293704988,4.55524137894605],[114.74255231606124,4.554267810435852],[114.74347355970572,4.552999248291284],[114.74476827096915,4.551933939654075],[114.74847152448308,4.54989164269411],[114.7499087106949,4.549371840959742],[114.7529833491736,4.548731317678818],[114.75394257246845,4.548331710480346],[114.75479548491163,4.546817162541477],[114.75498702779915,4.546049830764671],[114.75594163453357,4.544643790005469],[114.75743891298548,4.542933187804291],[114.75967220043118,4.541163907570175],[114.76151919202691,4.540208588238276],[114.7637962772527,4.539945858013614],[114.7647282456639,4.5396726528708164],[114.76527390825571,4.540010208511833],[114.76536827218311,4.541080815307108],[114.76655684359807,4.5409148214823],[114.76835435053782,4.540956181972293],[114.76870380613852,4.542581404677467],[114.7686798394893,4.543635684975395],[114.76776831960566,4.544937039941624],[114.76754973231895,4.547438668220283],[114.76787268316039,4.548473273204904],[114.76795715547375,4.550208084570445],[114.76850972750047,4.552527979953974],[114.76886347639594,4.555434062090555],[114.76895376013346,4.556842134071108],[114.76944745231535,4.560605020578465],[114.76990208867247,4.5629483733796254],[114.77078968706428,4.566189212072099],[114.77174331777877,4.567344342829765],[114.77400141078515,4.567497675203016],[114.77498077833904,4.567047113566182],[114.77574517713074,4.566282618903399],[114.77738963380851,4.562506382146489],[114.77781441471205,4.560602193039655],[114.7787598360142,4.558178975763165],[114.77935628243303,4.5556530583378185],[114.78041581229206,4.552576344016292],[114.78054954539505,4.5515028037740235],[114.78115029412277,4.549874217677043],[114.78212545685003,4.546459722132921],[114.78315098647516,4.543321197870996],[114.78453722810207,4.539685873159647],[114.78583643105557,4.536721203557341],[114.78620780824578,4.535249577799769],[114.78636720275107,4.53352110566056],[114.78633142572292,4.530159889211364],[114.78621386737481,4.528105792856888],[114.78563815213573,4.522714053242987],[114.784982416595,4.518649214574913],[114.7844622200526,4.516431817248521],[114.78409016673248,4.513640520928017],[114.78364016732985,4.511769867358975],[114.78277021939773,4.508945959756077],[114.78196576019343,4.506016886641457],[114.78123027965674,4.503751504876769],[114.78124828433369,4.502017224010536],[114.78203007179415,4.499823472666277],[114.78325485188778,4.497324128575403],[114.78416271328199,4.495764139166588],[114.78642476426361,4.491390777139251],[114.78685942694136,4.489432451476919],[114.78747907901533,4.484537246490039],[114.78780402485589,4.481203515651816],[114.78802474824752,4.479688677080134],[114.788442555588,4.478670572752261],[114.78851849827008,4.476343149164701],[114.78804929852929,4.472345842027501],[114.78755048855713,4.469513078321958],[114.78770112008237,4.467877598106289],[114.78862276429767,4.466040574752622],[114.78990991841412,4.464390698977558],[114.7912978828634,4.463123202617972],[114.79406995284484,4.461001144494282],[114.79484623607456,4.460107972685533],[114.79506205535442,4.459191316313908],[114.793795196596,4.457979478578102],[114.79258997942509,4.456470688265978],[114.791695429832,4.454885223694918],[114.79036796014319,4.451451492299169],[114.78985150866863,4.449926236069397],[114.78901448856462,4.448363213929432],[114.78644431088239,4.445208160713185],[114.78548307613433,4.443345060593153],[114.78493730722414,4.441231163083321],[114.78440753637281,4.4347868722593455],[114.78468179885176,4.432873288465728],[114.78533598236491,4.423920586008685],[114.78553919891141,4.421665684394795],[114.78568502201882,4.416597760405661],[114.78584958807319,4.412897128897752],[114.78575868994399,4.40842497510338],[114.78558633377236,4.403214589213319],[114.7853388029581,4.400479914781639],[114.78458662620903,4.395392152602929],[114.78434140338946,4.393015061520777],[114.78393842520093,4.387364379243784],[114.78381049866529,4.383751497063744],[114.78365697031046,4.382245256681046],[114.78353839656118,4.376410964588558],[114.78319484676545,4.369516662576767],[114.78327558520749,4.3636627253213325],[114.78291369337776,4.359342623323594],[114.78281279996801,4.356823987601747],[114.7828274360232,4.354911052579226],[114.78270312453905,4.3532390568471655],[114.78255892232286,4.349212178938831],[114.78428262957425,4.348051071050067],[114.78562581712438,4.346944506952617],[114.78643922903798,4.346074671315218],[114.78756943628893,4.344549302957141],[114.78852205532067,4.341813073183968],[114.78922339207931,4.340751090402944],[114.79047557701689,4.340107751011566],[114.79263849978057,4.34008886570228],[114.79383372064076,4.339796725026642],[114.79691215038733,4.338591405539829],[114.79824355540528,4.3376999422973075],[114.79935188454773,4.335834888893115],[114.79990847842095,4.334014443425165],[114.80016016159709,4.332294962539988],[114.80079548471869,4.330440647631981],[114.80159961772293,4.328733642688388],[114.80197407948013,4.327591507789182],[114.80197002486722,4.324332974567375],[114.8015835219028,4.321232450189421],[114.80154311662643,4.319195874398623],[114.80199696362742,4.317861587773198],[114.80285550354122,4.316844622588477],[114.80405171818896,4.31595298461819],[114.80513419959965,4.315445508815332],[114.80759193142681,4.314793430401852],[114.80903364209452,4.314841106280824],[114.81075630990395,4.315443602344712],[114.81263538248248,4.316374336311177],[114.81616823693247,4.318405485853597],[114.81808007322293,4.319743673189715],[114.82063395624434,4.321297835133013],[114.82266027066437,4.321934721110636],[114.82525139283153,4.3220068770046],[114.82828203899534,4.321989227824481],[114.82983722740187,4.321754163515649],[114.83179969245661,4.320818331332682],[114.83409093757662,4.3189213691090265],[114.83647393805789,4.3164588381144915],[114.83742168254527,4.315905940442949],[114.84001353765217,4.315480315303971],[114.84444230871796,4.315068869982898],[114.84597320237438,4.315184324183622],[114.84705498945485,4.315570784759579],[114.84936124314157,4.316785316483494],[114.85077998234323,4.317239993493502],[114.85359604356373,4.31758411322837],[114.85552903159984,4.317643377610888]]]},"properties":{"id":267,"name":"Hutan Simpan Bukit Ladan","mukim":"MUKIM RAMBAI","area":245585424,"district":"Tutong","mukimDisplayName":"Rambai"},"id":267},{"type":"Feature","geometry":{"type":"Polygon","coordinates":[[[114.76691019799226,4.480494093413624],[114.78747907901533,4.484537246490039],[114.78685942694136,4.489432451476919],[114.78642476426361,4.491390777139251],[114.78416271328199,4.495764139166588],[114.78325485188778,4.497324128575403],[114.78203007179415,4.499823472666277],[114.76580810578841,4.492132155114452],[114.76691019799226,4.480494093413624]]]},"properties":{"id":268,"name":"Kg. Lalipo","mukim":"MUKIM RAMBAI","area":3408939.25,"district":"Tutong","mukimDisplayName":"Rambai"},"id":268},{"type":"Feature","geometry":{"type":"Polygon","coordinates":[[[114.72531475467068,4.41438458191604],[114.73773258225079,4.428749027249422],[114.76844548964962,4.464273533730016],[114.76795485536063,4.469455070871902],[114.76691019799226,4.480494093413624],[114.76580810578841,4.492132155114452],[114.76538904539137,4.491933283671227],[114.74127565880093,4.490239141481025],[114.71635372228627,4.488487432526199],[114.67576964854902,4.48563322227142],[114.67812084735102,4.483823180895336],[114.68034381267498,4.481594571893202],[114.68190504314047,4.479787538148731],[114.68266898853255,4.478464924794513],[114.68288880225684,4.477320781414859],[114.68295841767892,4.47504060813411],[114.68319330859924,4.47185046240918],[114.68289475861908,4.468433459125868],[114.68253862558956,4.466368159123867],[114.68213091271272,4.4631852003007495],[114.68213471132115,4.461734165687944],[114.68269128229048,4.459978016096436],[114.68386341404465,4.458215032746195],[114.68486944924969,4.457469701380404],[114.68610979545484,4.4571309769207055],[114.68845242729188,4.4576245753985715],[114.69082972083281,4.458424722443688],[114.69392909956535,4.460038194132687],[114.69546820326994,4.459790459168867],[114.69721782419815,4.458704966773873],[114.69877756473424,4.457393341719748],[114.70007504708835,4.456153124613643],[114.70356882661733,4.452269378401002],[114.7053307803283,4.449984906762823],[114.70614987519156,4.448076488366541],[114.70714400964745,4.445140766005474],[114.70854308322751,4.442999486441201],[114.70903456834256,4.441946118447063],[114.70991644600609,4.440533534141207],[114.71077866342894,4.439535623480671],[114.71199563214871,4.437727234339692],[114.7128963861931,4.436026021775556],[114.71390674476476,4.433658327940635],[114.71419169456217,4.432072785161732],[114.71492658025502,4.430069008789931],[114.71547746751591,4.428335500896458],[114.71669555399352,4.426139606735923],[114.71877932603103,4.4218095916147675],[114.71967842036904,4.420523274755956],[114.72074045402073,4.419300363240894],[114.72306318739173,4.417007993838534],[114.72531475467068,4.41438458191604]]]},"properties":{"id":269,"name":"Kg. Supon Kechil","mukim":"MUKIM RAMBAI","area":49507444,"district":"Tutong","mukimDisplayName":"Rambai"},"id":269},{"type":"Feature","geometry":{"type":"Polygon","coordinates":[[[114.78804929852929,4.472345842027501],[114.78851849827008,4.476343149164701],[114.788442555588,4.478670572752261],[114.78802474824752,4.479688677080134],[114.78780402485589,4.481203515651816],[114.78747907901533,4.484537246490039],[114.76691019799226,4.480494093413624],[114.76795485536063,4.469455070871902],[114.7828047638385,4.47237155882071],[114.78804929852929,4.472345842027501]]]},"properties":{"id":270,"name":"Kg. Bedawan","mukim":"MUKIM RAMBAI","area":2887256,"district":"Tutong","mukimDisplayName":"Rambai"},"id":270},{"type":"Feature","geometry":{"type":"Polygon","coordinates":[[[114.78255892232286,4.349212178938831],[114.78270312453905,4.3532390568471655],[114.7828274360232,4.354911052579226],[114.78281279996801,4.356823987601747],[114.78291369337776,4.359342623323594],[114.78327558520749,4.3636627253213325],[114.78319484676545,4.369516662576767],[114.78353839656118,4.376410964588558],[114.78365697031046,4.382245256681046],[114.78381049866529,4.383751497063744],[114.78393842520093,4.387364379243784],[114.78434140338946,4.393015061520777],[114.78458662620903,4.395392152602929],[114.7853388029581,4.400479914781639],[114.78558633377236,4.403214589213319],[114.78575868994399,4.40842497510338],[114.78584958807319,4.412897128897752],[114.78568502201882,4.416597760405661],[114.78553919891141,4.421665684394795],[114.78533598236491,4.423920586008685],[114.78468179885176,4.432873288465728],[114.78440753637281,4.4347868722593455],[114.78493730722414,4.441231163083321],[114.78548307613433,4.443345060593153],[114.78644431088239,4.445208160713185],[114.78901448856462,4.448363213929432],[114.78985150866863,4.449926236069397],[114.79036796014319,4.451451492299169],[114.791695429832,4.454885223694918],[114.79258997942509,4.456470688265978],[114.793795196596,4.457979478578102],[114.79506205535442,4.459191316313908],[114.79484623607456,4.460107972685533],[114.79406995284484,4.461001144494282],[114.7912978828634,4.463123202617972],[114.78990991841412,4.464390698977558],[114.78862276429767,4.466040574752622],[114.78770112008237,4.467877598106289],[114.78755048855713,4.469513078321958],[114.78804929852929,4.472345842027501],[114.7828047638385,4.47237155882071],[114.76795485536063,4.469455070871902],[114.76844548964962,4.464273533730016],[114.73773258225079,4.428749027249422],[114.72531475467068,4.41438458191604],[114.727648064799,4.411342048160321],[114.72915473357652,4.4096424411777955],[114.73039729537508,4.407988080465554],[114.73211471302527,4.405711454924627],[114.73396961345065,4.402327171742544],[114.7349622479076,4.3999049345286245],[114.73642561097992,4.397457299972108],[114.73747183020198,4.395458854288881],[114.73864405014864,4.3936050305016074],[114.740095736893,4.391995434274305],[114.74373284937064,4.388958367695717],[114.74465778053725,4.388257839174669],[114.74609155381756,4.38669322150759],[114.74651897114701,4.3859099186586805],[114.74772416759326,4.3818477504050035],[114.74884501824839,4.3788038721729965],[114.75187224148823,4.373475515548075],[114.75337578095169,4.371514699607736],[114.75730703220728,4.368392751003422],[114.75951830035856,4.3671627182935],[114.76117870868805,4.365514301391835],[114.7620643963288,4.363901162855647],[114.7637831295445,4.360077464669302],[114.7644613888683,4.359003704254865],[114.76536453805222,4.358382352277992],[114.76624370416344,4.3582251556911284],[114.76708795522684,4.358453298763532],[114.7713148276824,4.362465572211312],[114.7726420044486,4.363180677555803],[114.77403986404045,4.363035507197762],[114.77520219086895,4.362075907083274],[114.77628867679701,4.360222263775138],[114.77675401703222,4.358752868737021],[114.77741546875912,4.355223594995715],[114.77794841305393,4.353765018927962],[114.7793278123218,4.351753920093193],[114.78255892232286,4.349212178938831]]]},"properties":{"id":271,"name":"Kg. Belabau","mukim":"MUKIM RAMBAI","area":53799032,"district":"Tutong","mukimDisplayName":"Rambai"},"id":271},{"type":"Feature","geometry":{"type":"Polygon","coordinates":[[[114.68547778748666,4.685856477198671],[114.6790792774486,4.692426408284497],[114.67869245990475,4.692621395509883],[114.6771616661066,4.6941673827173425],[114.67613239978003,4.693561223526174],[114.67491817765752,4.693502165217163],[114.67362382840629,4.692787084567542],[114.67361636564709,4.692276587628551],[114.6753421513861,4.6913345977116245],[114.67588505429273,4.690661296135002],[114.67505365369286,4.6896885264130725],[114.67433205234627,4.689570322788711],[114.67196115681998,4.688780812583604],[114.67164420209336,4.688030621228342],[114.66985064229786,4.686782106437885],[114.66836871146087,4.685456804782224],[114.6667009407639,4.685167869100624],[114.66655299989618,4.684032954970783],[114.66607579372089,4.6842242080147125],[114.66520575522817,4.685773124261477],[114.66461084732127,4.6857747823406735],[114.6637286312842,4.686184203523033],[114.66248262791237,4.686237702133826],[114.65915127769323,4.684941558763303],[114.65891786917668,4.683449136038596],[114.65990687682911,4.680708945293804],[114.65948739463823,4.679611945699275],[114.66007098898945,4.679141371272231],[114.66145182867461,4.678550530274015],[114.66115905829663,4.6761965761346165],[114.66058236547228,4.675890658147966],[114.65924356561457,4.6770825432072165],[114.65883464507128,4.676990491269909],[114.6580187600733,4.675832556690078],[114.6574244836121,4.674203400578553],[114.6569327489267,4.673912046544276],[114.6580245339468,4.670448346200418],[114.66630073260205,4.658476136587554],[114.6707461076434,4.656465304199579],[114.67224677049511,4.6566739989383885],[114.67161421475798,4.658060920718066],[114.6723426976142,4.658739854259524],[114.67227636825704,4.659424837653491],[114.67929683480912,4.673002142093891],[114.68547778748666,4.685856477198671]]]},"properties":{"id":272,"name":"Kg. Layong","mukim":"MUKIM LAMUNIN","area":7054372,"district":"Tutong","mukimDisplayName":"Lamunin"},"id":272},{"type":"Feature","geometry":{"type":"Polygon","coordinates":[[[114.69216807137519,4.683303433434347],[114.68547778748666,4.685856477198671],[114.67929683480912,4.673002142093891],[114.68367307422639,4.670628364738433],[114.68555487103329,4.669068904515739],[114.68660180121454,4.668652823791832],[114.6869969490563,4.667921425410384],[114.6873035396815,4.6662513228312745],[114.68693602274708,4.665743481674245],[114.68451475090876,4.657652979514019],[114.69573084116757,4.655951665426144],[114.69657794119784,4.670627062425078],[114.6988351298312,4.670899237718964],[114.69939587350694,4.671148504249426],[114.70152707103155,4.672666629178036],[114.70350207103544,4.673960504077205],[114.70760651081807,4.6825336674671005],[114.7082711877822,4.68350032153133],[114.70169569220997,4.683419968647288],[114.69216807137519,4.683303433434347]]]},"properties":{"id":273,"name":"Kg. Biong","mukim":"MUKIM LAMUNIN","area":5439111,"district":"Tutong","mukimDisplayName":"Lamunin"},"id":273},{"type":"Feature","geometry":{"type":"Polygon","coordinates":[[[114.74846918557594,4.65933946663023],[114.74921830598029,4.661611672180601],[114.74924117284998,4.66290262619075],[114.7487773880306,4.663634830229662],[114.74766772071598,4.66387770609837],[114.74474210365732,4.663634631806585],[114.74370401492413,4.663889166805894],[114.7429657703135,4.66458598411437],[114.7427070164582,4.666096217944607],[114.74304106043296,4.669230096076311],[114.74301970506535,4.670033088261123],[114.74255207287534,4.672963813109772],[114.7424801428553,4.675057030910613],[114.74264920544192,4.6765839171041526],[114.74237705070857,4.67827670786975],[114.72759238170039,4.677005091781919],[114.72098790503041,4.67669019459466],[114.72077565325868,4.676183528908442],[114.71977273858266,4.675801641864345],[114.71817454652063,4.675557891302961],[114.71731080585079,4.674921632064553],[114.7088933998554,4.671093800566934],[114.70894323648483,4.669473474170862],[114.70875074171221,4.6638423956382455],[114.72206833778422,4.663799450493688],[114.7231581389211,4.66331999065833],[114.7228463972325,4.661878460000861],[114.72321070339214,4.6612027211572995],[114.72438958078455,4.660139230291451],[114.72427505162085,4.659485853562549],[114.72509112598932,4.659608151163855],[114.72621022822231,4.659118549552524],[114.72768316448311,4.659437927743707],[114.72761465951181,4.6585193188006455],[114.72939997788004,4.658159787236977],[114.7312350038228,4.659376272762274],[114.73203477552654,4.659743566911358],[114.73260015621376,4.660051626548816],[114.73407831348894,4.659450354951],[114.74846918557594,4.65933946663023]]]},"properties":{"id":274,"name":"Kg. Bintudoh","mukim":"MUKIM LAMUNIN","area":6514373,"district":"Tutong","mukimDisplayName":"Lamunin"},"id":274},{"type":"Feature","geometry":{"type":"Polygon","coordinates":[[[114.68451475090876,4.657652979514019],[114.68693602274708,4.665743481674245],[114.6873035396815,4.6662513228312745],[114.6869969490563,4.667921425410384],[114.68660180121454,4.668652823791832],[114.68555487103329,4.669068904515739],[114.68367307422639,4.670628364738433],[114.67929683480912,4.673002142093891],[114.67227636825704,4.659424837653491],[114.6723426976142,4.658739854259524],[114.67161421475798,4.658060920718066],[114.67224677049511,4.6566739989383885],[114.67560001293623,4.657140601528897],[114.67689798025843,4.658796374715434],[114.68451475090876,4.657652979514019]]]},"properties":{"id":275,"name":"Kg. Bukit Bang Dalam","mukim":"MUKIM LAMUNIN","area":1832068.875,"district":"Tutong","mukimDisplayName":"Lamunin"},"id":275},{"type":"Feature","geometry":{"type":"Polygon","coordinates":[[[114.43770570967484,4.554699373790836],[114.4377013439785,4.5505078583615495],[114.43695668992027,4.550843873507763],[114.43652304629823,4.55145912365329],[114.4355393429679,4.553936411674905],[114.43521341031804,4.554436817054301],[114.4345480399723,4.554701069945255],[114.43365926523947,4.554408911862594],[114.43244580396006,4.553055382193888],[114.43180751020586,4.552686947495796],[114.43099239903155,4.552663123460639],[114.42830503891285,4.553531239823303],[114.4279742320054,4.554415280091106],[114.42840733265882,4.556272333759012],[114.42831515690132,4.557021730055779],[114.42767425077587,4.5576313915115545],[114.42624527922568,4.558094963092483],[114.42428546750278,4.558030701443619],[114.42161155851142,4.558629064404434],[114.42151112741297,4.51906868594985],[114.46127242037885,4.518952781670461],[114.4621517227978,4.5187702158504],[114.46393874809587,4.519393334295358],[114.46489346468965,4.5189658249920335],[114.46658340592259,4.519946985431131],[114.46716879287226,4.519580053172658],[114.46878346208058,4.519756217702951],[114.46971712298102,4.519686268267476],[114.47082067949543,4.519979901134565],[114.47203349904592,4.520711872257667],[114.47228210307821,4.521238038423972],[114.47305886922497,4.5219247844809605],[114.47328177315647,4.5225324087228636],[114.47334425396512,4.524500415307396],[114.47423648954906,4.5247476724362325],[114.47485984700879,4.5242514798804505],[114.4750449590873,4.523296028360437],[114.47540335990654,4.522927699414121],[114.47552508358659,4.521852577997946],[114.47614648339089,4.521252385260678],[114.47675300818292,4.521442721975965],[114.47763102082571,4.522295381932611],[114.47862804501031,4.522772980450845],[114.47909663831074,4.522327493555665],[114.48016054159855,4.520553277494805],[114.48073390772967,4.519892159710362],[114.48220296433567,4.519729528121025],[114.48333054078253,4.5192854380363805],[114.48420793100762,4.5192362552539205],[114.48586254429068,4.518735403426883],[114.48663047222374,4.51882922102238],[114.49185742903578,4.518813681508736],[114.49186331614374,4.519863318917212],[114.48125048463777,4.541253540233538],[114.47506362518563,4.55372250883092],[114.43770570967484,4.554699373790836]]]},"properties":{"id":276,"name":"Kg. Bukit Puan","mukim":"MUKIM LABI","area":26527324,"district":"Belait","mukimDisplayName":"Labi"},"id":276},{"type":"Feature","geometry":{"type":"Polygon","coordinates":[[[114.71492658025502,4.430069008789931],[114.71419169456217,4.432072785161732],[114.71390674476476,4.433658327940635],[114.7128963861931,4.436026021775556],[114.71199563214871,4.437727234339692],[114.71077866342894,4.439535623480671],[114.70991644600609,4.440533534141207],[114.70903456834256,4.441946118447063],[114.70854308322751,4.442999486441201],[114.70714400964745,4.445140766005474],[114.70614987519156,4.448076488366541],[114.7053307803283,4.449984906762823],[114.70356882661733,4.452269378401002],[114.70007504708835,4.456153124613643],[114.69877756473424,4.457393341719748],[114.69721782419815,4.458704966773873],[114.69546820326994,4.459790459168867],[114.69392909956535,4.460038194132687],[114.69082972083281,4.458424722443688],[114.68845242729188,4.4576245753985715],[114.68610979545484,4.4571309769207055],[114.68486944924969,4.457469701380404],[114.68386341404465,4.458215032746195],[114.68269128229048,4.459978016096436],[114.68213471132115,4.461734165687944],[114.68213091271272,4.4631852003007495],[114.68253862558956,4.466368159123867],[114.68289475861908,4.468433459125868],[114.68319330859924,4.47185046240918],[114.68295841767892,4.47504060813411],[114.68288880225684,4.477320781414859],[114.68266898853255,4.478464924794513],[114.68190504314047,4.479787538148731],[114.68034381267498,4.481594571893202],[114.67812084735102,4.483823180895336],[114.67576964854902,4.48563322227142],[114.67570526412197,4.48568283441604],[114.65736320590611,4.4741006143451205],[114.63304258942718,4.458742070686304],[114.59437138538117,4.4343029342449665],[114.59422800992091,4.4351877733090275],[114.59384008345094,4.435937098064752],[114.59286707160734,4.4367090258628386],[114.59191229396943,4.436735894419437],[114.59089560510039,4.436217026315827],[114.58996112613106,4.434812353065511],[114.59003068039836,4.432483275364766],[114.58941917075408,4.431065281269431],[114.58859580955216,4.430521620757079],[114.58775112606735,4.4306012801178],[114.58725035934296,4.430954355571623],[114.58705215756576,4.431767616392025],[114.54626777817668,4.432042104069759],[114.52176416962645,4.432206055612673],[114.4913708752427,4.4324084143506886],[114.49135269384222,4.431329681296992],[114.4911684793358,4.420401153988273],[114.49109678154073,4.416147887274936],[114.49097930345233,4.409178920570217],[114.49071163076584,4.393300800402936],[114.49067464643572,4.391107000455272],[114.53113065159717,4.390997247654417],[114.57681244820849,4.390870961995619],[114.61152546385331,4.390773320976945],[114.61091182547972,4.39133423693527],[114.61038099840204,4.392465799274913],[114.61022171985206,4.393642939502462],[114.61024936367527,4.395262284828683],[114.61068156491059,4.3962630330342085],[114.61178735642487,4.397401733852775],[114.61430790500788,4.398058860504907],[114.61502770025308,4.398115126794576],[114.61609280484846,4.397110240881857],[114.61715108952025,4.397852949172233],[114.61794334225316,4.3989342581557915],[114.61807245767737,4.399458172893808],[114.61626635540541,4.401140834434383],[114.61571173836023,4.402062754115499],[114.6154360074421,4.403100411434199],[114.61574153106721,4.404462675174779],[114.61732588397919,4.406567037442577],[114.61819719118654,4.406844244006221],[114.61860219604401,4.4063887528731165],[114.61928324407839,4.405012111742252],[114.61973506067665,4.404696300240838],[114.62067591180922,4.404938359195182],[114.62135181868807,4.405915129291467],[114.62141388957686,4.406458696749733],[114.62114845789681,4.407942876478428],[114.619978038416,4.409714118743039],[114.62022999316495,4.410797442253191],[114.62062502185982,4.411298020357698],[114.62049240382531,4.4134548626611325],[114.62092916252189,4.414179169116902],[114.62201269600884,4.414587115900762],[114.62369344945914,4.417340657504564],[114.6243300660341,4.419063507667711],[114.62474169365004,4.419658719611324],[114.62620022222694,4.420852185257274],[114.62707758712051,4.4212386503934225],[114.62814221372544,4.422138421819053],[114.62923545865486,4.424224875638791],[114.62938512242243,4.425400204060402],[114.63023644642809,4.425939926464132],[114.63123168341718,4.4259764488129525],[114.63277255761163,4.425573375115719],[114.63509863722395,4.426035507676487],[114.63578534877296,4.426717562574922],[114.63568084529122,4.4278268967825785],[114.63863573988971,4.427988247331026],[114.63892549941185,4.428905988929053],[114.63993568568603,4.429661189725493],[114.64127380414327,4.430269353190228],[114.64223671920303,4.429614072077188],[114.6431215275759,4.430241303150082],[114.66303423317771,4.430198049458235],[114.69254385147423,4.430125071495233],[114.71492658025502,4.430069008789931]]]},"properties":{"id":277,"name":"Kg. Apak-Apak","mukim":"MUKIM SUKANG","area":108400808,"district":"Belait","mukimDisplayName":"Sukang"},"id":277},{"type":"Feature","geometry":{"type":"Polygon","coordinates":[[[114.71492658025502,4.430069008789931],[114.69254385147423,4.430125071495233],[114.66303423317771,4.430198049458235],[114.6431215275759,4.430241303150082],[114.64223671920303,4.429614072077188],[114.64127380414327,4.430269353190228],[114.63993568568603,4.429661189725493],[114.63892549941185,4.428905988929053],[114.63863573988971,4.427988247331026],[114.63568084529122,4.4278268967825785],[114.63578534877296,4.426717562574922],[114.63509863722395,4.426035507676487],[114.63277255761163,4.425573375115719],[114.63123168341718,4.4259764488129525],[114.63023644642809,4.425939926464132],[114.62938512242243,4.425400204060402],[114.62923545865486,4.424224875638791],[114.62814221372544,4.422138421819053],[114.62707758712051,4.4212386503934225],[114.62620022222694,4.420852185257274],[114.62474169365004,4.419658719611324],[114.6243300660341,4.419063507667711],[114.62369344945914,4.417340657504564],[114.62201269600884,4.414587115900762],[114.62092916252189,4.414179169116902],[114.62049240382531,4.4134548626611325],[114.62062502185982,4.411298020357698],[114.62022999316495,4.410797442253191],[114.619978038416,4.409714118743039],[114.62114845789681,4.407942876478428],[114.62141388957686,4.406458696749733],[114.6226631745021,4.405532613878844],[114.62188137360498,4.404969783207797],[114.621924371958,4.404393480820822],[114.62338952685884,4.404171256928437],[114.62432037857135,4.40421343045562],[114.62423205344427,4.402496308620178],[114.62508995604632,4.402359672091198],[114.62498166475551,4.401487305770355],[114.62617426788762,4.401461619174439],[114.62584854076118,4.400561887630509],[114.62668733460598,4.399558227766621],[114.62764357908101,4.398705280727041],[114.62888092973597,4.398741003347103],[114.62925858166356,4.398258869496936],[114.62920671049694,4.397638073308635],[114.62985290554073,4.397529991459623],[114.63008853644621,4.396074889999239],[114.63072142312437,4.3951836777852655],[114.63305123219929,4.395261108016861],[114.63367630530587,4.395578227550077],[114.6353554265897,4.395259320379601],[114.63632283118224,4.39530793653552],[114.63676224076522,4.394993445816102],[114.63723233885977,4.395696984249793],[114.6378278896056,4.395415620127014],[114.63794805453676,4.3945314284392865],[114.63906720408902,4.3941479088532125],[114.63970261781978,4.394174107402838],[114.64037512694543,4.393506539746671],[114.64126189809187,4.396297629366985],[114.64192350266235,4.3974757695039814],[114.64286467066071,4.397724965463774],[114.64352212592397,4.39740827530142],[114.6448254629342,4.398285879897952],[114.64562912209875,4.39971544476855],[114.64653810491184,4.399728728883186],[114.64787294193643,4.4005901318792295],[114.64956833242032,4.401293656358161],[114.6506214669078,4.402313268328696],[114.65219128442416,4.403221485314332],[114.65269498975088,4.403912522295148],[114.6529965817547,4.40523326434413],[114.65345412162594,4.406333398964336],[114.65343989190967,4.406884288127899],[114.65529873090067,4.406216015452691],[114.65559923693709,4.405932536987399],[114.65627520249808,4.403165362188058],[114.65584894539421,4.401773747890888],[114.65671227235984,4.401165921773912],[114.65703113067447,4.400196162672209],[114.65712635840646,4.39819767811258],[114.65746459065045,4.396904814193415],[114.6596987589581,4.395742620595403],[114.66149936538275,4.394390460611936],[114.66222273618027,4.394085722226441],[114.66369082611914,4.394263312019863],[114.66507951843394,4.394642927746558],[114.66692326723602,4.395915960272953],[114.66926640402913,4.396575899628403],[114.67185361497397,4.3965928909610765],[114.67635941915054,4.39817417603865],[114.67779853337241,4.398856893538873],[114.67837139077339,4.399299569556717],[114.67951243786574,4.400624431613069],[114.68063302311312,4.4012949684550415],[114.6851872100269,4.40300375239125],[114.68813984376757,4.404607341504264],[114.68966990386288,4.405798157999479],[114.6906845252869,4.407096588929709],[114.69174836513318,4.408094640316674],[114.73039729537508,4.407988080465554],[114.72915473357652,4.4096424411777955],[114.727648064799,4.411342048160321],[114.72531475467068,4.41438458191604],[114.72306318739173,4.417007993838534],[114.72074045402073,4.419300363240894],[114.71967842036904,4.420523274755956],[114.71877932603103,4.4218095916147675],[114.71669555399352,4.426139606735923],[114.71547746751591,4.428335500896458],[114.71492658025502,4.430069008789931]]]},"properties":{"id":278,"name":"Kg. Sungai Hilir","mukim":"MUKIM SUKANG","area":33438544,"district":"Belait","mukimDisplayName":"Sukang"},"id":278},{"type":"Feature","geometry":{"type":"Polygon","coordinates":[[[114.73090568653326,4.633060641820431],[114.7409998436348,4.635795112454075],[114.74166822098007,4.635976118122705],[114.74150620815404,4.637118393121999],[114.74095707547953,4.63853366334542],[114.74084756481163,4.640027080688862],[114.74100652779305,4.641044913382289],[114.7420569068815,4.6417447662895555],[114.74384059396345,4.643372043841596],[114.74615629000358,4.645856952806913],[114.74656517918794,4.647587684703213],[114.74657202465008,4.649899759891787],[114.74645029105932,4.652497749805821],[114.74663541182889,4.654578447447164],[114.74721283279318,4.655946933765121],[114.74735076871751,4.657484851342039],[114.74834457519052,4.658682837532151],[114.74846918557594,4.65933946663023],[114.73407831348894,4.659450354951],[114.73260015621376,4.660051626548816],[114.73203477552654,4.659743566911358],[114.73181935381866,4.658880870802376],[114.73210587880264,4.657207765864058],[114.72301300670803,4.647355083595437],[114.72167005846748,4.646778140527731],[114.7201490965361,4.6448137483238465],[114.719863063228,4.643888983950793],[114.73090568653326,4.633060641820431]]]},"properties":{"id":279,"name":"Kg. Bukit Sulang","mukim":"MUKIM LAMUNIN","area":5784459.5,"district":"Tutong","mukimDisplayName":"Lamunin"},"id":279},{"type":"Feature","geometry":{"type":"Polygon","coordinates":[[[114.73203477552654,4.659743566911358],[114.7312350038228,4.659376272762274],[114.72939997788004,4.658159787236977],[114.72761465951181,4.6585193188006455],[114.72768316448311,4.659437927743707],[114.72621022822231,4.659118549552524],[114.72509112598932,4.659608151163855],[114.72427505162085,4.659485853562549],[114.72438958078455,4.660139230291451],[114.72321070339214,4.6612027211572995],[114.7228463972325,4.661878460000861],[114.7231581389211,4.66331999065833],[114.72206833778422,4.663799450493688],[114.70875074171221,4.6638423956382455],[114.70845117293123,4.655078890078984],[114.719863063228,4.643888983950793],[114.7201490965361,4.6448137483238465],[114.72167005846748,4.646778140527731],[114.72301300670803,4.647355083595437],[114.73210587880264,4.657207765864058],[114.73181935381866,4.658880870802376],[114.73203477552654,4.659743566911358]]]},"properties":{"id":280,"name":"Kg. Menengah","mukim":"MUKIM LAMUNIN","area":3456326.25,"district":"Tutong","mukimDisplayName":"Lamunin"},"id":280},{"type":"Feature","geometry":{"type":"Polygon","coordinates":[[[114.21234174312221,4.552939730247673],[114.21520107246299,4.552905653616017],[114.21971531610002,4.552611436201768],[114.22088735332996,4.552403548853419],[114.22218262110884,4.552427967011432],[114.2273787476811,4.553154956871097],[114.22971170473791,4.553847410388769],[114.23262786316238,4.554135657945736],[114.23456176330754,4.555011056805599],[114.23529220993893,4.555722748973544],[114.23618400655442,4.557688076314638],[114.23646275481362,4.5593159062590045],[114.23649747158835,4.56248996296587],[114.23669445887408,4.564449190690416],[114.23658663340751,4.565415479596027],[114.23553585306571,4.569006029309024],[114.23523480373488,4.5696691410149395],[114.23389094994099,4.5713834817779615],[114.2334526328487,4.572157312971963],[114.23354086374431,4.573356732375292],[114.23398179190391,4.573980531618464],[114.2347590235012,4.574510362159346],[114.2344366167473,4.575306944295244],[114.23402252182899,4.575430154292731],[114.23358242440179,4.577519192547428],[114.23345091978817,4.578861709467245],[114.2342002666777,4.582126995798279],[114.23228938664391,4.581930673635279],[114.22734758295483,4.581383216417184],[114.22248846043819,4.580403720379044],[114.21984997575156,4.579972375609741],[114.21940655524777,4.579866974861433],[114.21222490419824,4.57898034889519],[114.20839959973502,4.578361711513697],[114.20960321017422,4.5710676028879345],[114.21234174312221,4.552939730247673]]]},"properties":{"id":281,"name":"Kg. Mumong A","mukim":"MUKIM KUALA BELAIT","area":8298089,"district":"Belait","mukimDisplayName":"Kuala Belait"},"id":281},{"type":"Feature","geometry":{"type":"Polygon","coordinates":[[[114.29681829448919,4.542437446790279],[114.2848168215684,4.554477506549275],[114.25955615222804,4.579817463161695],[114.25974055357477,4.581996785916028],[114.25937152288566,4.584039475983746],[114.2568427732993,4.591038800835949],[114.24969610632004,4.588562863467222],[114.2489689057308,4.5881773651948885],[114.24350191920634,4.5843411003515095],[114.24241132029829,4.583785734459144],[114.24139170990202,4.58348568191494],[114.2342002666777,4.582126995798279],[114.23345091978817,4.578861709467245],[114.23358242440179,4.577519192547428],[114.23402252182899,4.575430154292731],[114.2344366167473,4.575306944295244],[114.2347590235012,4.574510362159346],[114.23582462507974,4.57505000681719],[114.2380374386239,4.575607297606057],[114.24011555349445,4.575730402959886],[114.24149284697152,4.5760030680512545],[114.2432006090019,4.577075594419278],[114.24437320336311,4.577471322065825],[114.2450786806162,4.5773811824306065],[114.2459781773039,4.576876016322729],[114.24691051809899,4.5756318217487655],[114.24729382358966,4.574858109515562],[114.24828116627377,4.573613784621143],[114.24976353045491,4.572340723631582],[114.25121983849533,4.571702539481622],[114.2521535558343,4.57106556227578],[114.2537833581186,4.569692590090968],[114.25482946433561,4.568958399565589],[114.25806856595352,4.567946467150588],[114.2590734385122,4.567491914345591],[114.26041940132586,4.566587931486619],[114.2641159470397,4.563214134833059],[114.2667215804394,4.559947632508961],[114.26753772742538,4.558639851918565],[114.26952136047387,4.554954266090413],[114.27021452920133,4.553873745094213],[114.27141694399467,4.552498138983855],[114.273473890227,4.550424334747649],[114.2741582977526,4.549201034676282],[114.27448835091444,4.547584464589638],[114.27499768623123,4.547070952876488],[114.2757433333843,4.546852456095655],[114.27696426308644,4.546883619410467],[114.27775441808474,4.546621811807621],[114.2790385713215,4.54532747128914],[114.28037824577443,4.542474716758133],[114.28952255401128,4.542566056575367],[114.29681829448919,4.542437446790279]]]},"properties":{"id":282,"name":"Kg. Mumong B","mukim":"MUKIM KUALA BELAIT","area":9366484,"district":"Belait","mukimDisplayName":"Kuala Belait"},"id":282},{"type":"Feature","geometry":{"type":"Polygon","coordinates":[[[114.20839959973502,4.578361711513697],[114.2067313441304,4.589134791253577],[114.20636583556028,4.589078472529628],[114.2061840684301,4.591259866591165],[114.20288513330108,4.59101794358028],[114.20191576555335,4.5907632320113585],[114.19752752427172,4.590370965301826],[114.19161566979108,4.590071983676731],[114.18795104555615,4.590096039757537],[114.18551105628995,4.589935744281745],[114.18323354442076,4.589925366691915],[114.1817606648169,4.589227682898273],[114.1851143883204,4.585321496281709],[114.18673376830237,4.583772250052791],[114.18980821868634,4.5810053191448965],[114.19332131554097,4.577602574330409],[114.19450126287504,4.576357893881464],[114.19606419121182,4.574173929529085],[114.1991348227184,4.569723300708017],[114.20152206343319,4.567178650785539],[114.20322253658946,4.565021953008914],[114.20462057883819,4.562921133440013],[114.20541302027101,4.561118208090871],[114.2058121557256,4.558935626905199],[114.20584379971324,4.55833988246125],[114.20655714298242,4.555657697915232],[114.20770897535961,4.554164639882195],[114.20856030856359,4.553583098597606],[114.20968692767921,4.553111336526789],[114.21234174312221,4.552939730247673],[114.20960321017422,4.5710676028879345],[114.20839959973502,4.578361711513697]]]},"properties":{"id":283,"name":"PEKAN KUALA BELAIT","mukim":"MUKIM KUALA BELAIT","area":5799719,"district":"Belait","mukimDisplayName":"Kuala Belait"},"id":283},{"type":"Feature","geometry":{"type":"Polygon","coordinates":[[[114.21984997575156,4.579972375609741],[114.21947832397986,4.582100809147936],[114.21920891072581,4.58429172863554],[114.21808250769209,4.590884659508271],[114.22003033330799,4.591183157035768],[114.21969640163938,4.592789003525051],[114.2172080504026,4.592593416428936],[114.21390132812877,4.592163416240194],[114.21268491444334,4.591885817286227],[114.21018141539174,4.591838894633759],[114.20890811088968,4.5915585937798244],[114.2061840684301,4.591259866591165],[114.20636583556028,4.589078472529628],[114.2067313441304,4.589134791253577],[114.20839959973502,4.578361711513697],[114.21222490419824,4.57898034889519],[114.21940655524777,4.579866974861433],[114.21984997575156,4.579972375609741]]]},"properties":{"id":284,"name":"Kg. Pandan A","mukim":"MUKIM KUALA BELAIT","area":1874860.125,"district":"Belait","mukimDisplayName":"Kuala Belait"},"id":284},{"type":"Feature","geometry":{"type":"Polygon","coordinates":[[[114.21984997575156,4.579972375609741],[114.22248846043819,4.580403720379044],[114.22734758295483,4.581383216417184],[114.23228938664391,4.581930673635279],[114.23207402014538,4.583333172291022],[114.23113846372857,4.584207709383742],[114.23090679427695,4.585145447423597],[114.2315859833619,4.58645539164831],[114.23052956512612,4.592791259604964],[114.23108372285259,4.592876225223835],[114.23078730843264,4.594718238352878],[114.22587806375736,4.593992734844784],[114.21969640163938,4.592789003525051],[114.22003033330799,4.591183157035768],[114.21808250769209,4.590884659508271],[114.21920891072581,4.58429172863554],[114.21947832397986,4.582100809147936],[114.21984997575156,4.579972375609741]]]},"properties":{"id":285,"name":"Kg. Pandan B","mukim":"MUKIM KUALA BELAIT","area":1908873.5,"district":"Belait","mukimDisplayName":"Kuala Belait"},"id":285},{"type":"Feature","geometry":{"type":"Polygon","coordinates":[[[114.2568427732993,4.591038800835949],[114.25530910977037,4.595507426287519],[114.25468381820332,4.596116212862405],[114.25384012612348,4.596372757267321],[114.25251373038702,4.596166266373617],[114.25209779922072,4.59880148310427],[114.25013969264478,4.59831514264458],[114.24907154868863,4.598229990844333],[114.24630867303696,4.597583513809364],[114.24541830190631,4.5975267748311035],[114.24118129600986,4.596598512643091],[114.23877447707876,4.596352777737394],[114.23734817240319,4.596048563471791],[114.23601871499774,4.595979250762473],[114.23489310092499,4.595633650712345],[114.23281858982797,4.595252904730214],[114.23078730843264,4.594718238352878],[114.23108372285259,4.592876225223835],[114.23052956512612,4.592791259604964],[114.2315859833619,4.58645539164831],[114.23090679427695,4.585145447423597],[114.23113846372857,4.584207709383742],[114.23207402014538,4.583333172291022],[114.23228938664391,4.581930673635279],[114.2342002666777,4.582126995798279],[114.24139170990202,4.58348568191494],[114.24241132029829,4.583785734459144],[114.24350191920634,4.5843411003515095],[114.2489689057308,4.5881773651948885],[114.24969610632004,4.588562863467222],[114.2568427732993,4.591038800835949]]]},"properties":{"id":286,"name":"Kg. Pandan C","mukim":"MUKIM KUALA BELAIT","area":3430505.5,"district":"Belait","mukimDisplayName":"Kuala Belait"},"id":286},{"type":"Feature","geometry":{"type":"Polygon","coordinates":[[[114.3072412093891,4.463530310655606],[114.30704833515615,4.463925528697804],[114.30656849125124,4.468800004128502],[114.30124473883284,4.468821225298976],[114.29863362039305,4.468618011977099],[114.29726962300796,4.468274197472685],[114.29687163580573,4.467754280346724],[114.29565453747821,4.467011908861428],[114.29468357268217,4.46663720062636],[114.2918467862865,4.466262677071397],[114.29054382126859,4.465884795441025],[114.28965502313734,4.465242814446423],[114.28808288396014,4.464755909215421],[114.28691053637107,4.464718833883037],[114.28452763619917,4.463935012631282],[114.28494033157001,4.463191986134973],[114.28419902269272,4.454675197824537],[114.30132533796584,4.460980109741741],[114.30248291353459,4.461492223018177],[114.3072412093891,4.463530310655606]]]},"properties":{"id":287,"name":"Kg. Kajitan","mukim":"MUKIM KUALA BALAI","area":2205716.5,"district":"Belait","mukimDisplayName":"Kuala Balai"},"id":287},{"type":"Feature","geometry":{"type":"Polygon","coordinates":[[[114.34000046626502,4.454393266155527],[114.33974423798877,4.455586215500738],[114.3371964342339,4.456706690430541],[114.33688450010158,4.458136366500174],[114.33585869595478,4.458735743405282],[114.33497926151958,4.460248186375266],[114.3338171022737,4.460350472924359],[114.33311559810006,4.460912885608093],[114.3072412093891,4.463530310655606],[114.30248291353459,4.461492223018177],[114.30368964092732,4.459719815501954],[114.30595926061056,4.457375899036849],[114.30803862187173,4.455720228114865],[114.31221363311172,4.453509295419432],[114.31377721265737,4.452250735862514],[114.31297193666731,4.4515196449786325],[114.31331299138202,4.4509490742852025],[114.31207752519178,4.450536020092707],[114.31022571583296,4.448596037357254],[114.29454473314853,4.442830775754765],[114.29650401053331,4.440587706738674],[114.2986585698733,4.436384108576191],[114.31656870836373,4.443273007480799],[114.31680009720466,4.443362004700531],[114.31795041050577,4.445855339703964],[114.32026323869898,4.444628862761711],[114.32970751638369,4.445058290160417],[114.329784131998,4.446948257616401],[114.33045372084376,4.4481132929687],[114.33005764673753,4.448277043209257],[114.33045942579692,4.45049180931482],[114.3378252743194,4.453712751128329],[114.33864529483498,4.453522955261455],[114.33958155098551,4.45378072925787],[114.34000046626502,4.454393266155527]]]},"properties":{"id":288,"name":"Kg. Kuala Balai","mukim":"MUKIM KUALA BALAI","area":6934381,"district":"Belait","mukimDisplayName":"Kuala Balai"},"id":288},{"type":"Feature","geometry":{"type":"Polygon","coordinates":[[[114.3494348652798,4.46089406735364],[114.3505109988403,4.462697509616554],[114.35215172607177,4.463000996057764],[114.3535542891947,4.46542131217746],[114.35443845747591,4.465871343772159],[114.35578204839766,4.466265986242112],[114.35610808652662,4.468466209197516],[114.35655476551608,4.4693490046851325],[114.3566922708476,4.470712379450052],[114.35637591899612,4.471689633008001],[114.35496138280838,4.472905272712564],[114.3542505519937,4.473774059248913],[114.35177210858228,4.473691695536729],[114.34808075149319,4.4712769437169175],[114.34741186491446,4.4704194196885965],[114.34811793881248,4.469739972586168],[114.34667056711383,4.467782110371097],[114.3456954769192,4.4668921781764315],[114.34515681863171,4.46611903850284],[114.3449865909083,4.465092459174132],[114.34546067477011,4.46446292119914],[114.34673388376285,4.46407403584006],[114.34735118668301,4.463636426224457],[114.3494348652798,4.46089406735364]]]},"properties":{"id":289,"name":"Kg. Lubok Tapang","mukim":"MUKIM KUALA BALAI","area":1065493.25,"district":"Belait","mukimDisplayName":"Kuala Balai"},"id":289},{"type":"Feature","geometry":{"type":"Polygon","coordinates":[[[114.37115446296886,4.483878164749442],[114.36727158160146,4.483874039299037],[114.367034417633,4.484768745567995],[114.36650312500099,4.485010258583423],[114.36506584890513,4.484520017095785],[114.36392338675546,4.484963202983771],[114.36252989966847,4.486074262486991],[114.36144003466667,4.486277105916224],[114.3608544816476,4.486078363146956],[114.35769769951361,4.483857451159848],[114.35711027260372,4.48288469281172],[114.3574655355599,4.481335793739048],[114.35730386709578,4.4804687568958785],[114.35605666855423,4.48050865925068],[114.35601041226087,4.478682568409515],[114.35575447566936,4.477603342546695],[114.35481082149668,4.477779132123661],[114.3538256615597,4.477287770278474],[114.35303814483274,4.476048596162646],[114.35320786842416,4.474753707175232],[114.3542505519937,4.473774059248913],[114.35496138280838,4.472905272712564],[114.35637591899612,4.471689633008001],[114.3566922708476,4.470712379450052],[114.35655476551608,4.4693490046851325],[114.35610808652662,4.468466209197516],[114.36574320668116,4.47396988557667],[114.36742819774649,4.474647456148415],[114.3676656090738,4.475121104004121],[114.37292232917451,4.475108176228628],[114.3723987826718,4.476201334528291],[114.37262916662814,4.47797567092199],[114.37052888268116,4.478234396496461],[114.37020404594837,4.48134460734741],[114.37059125305605,4.481997569570129],[114.37115446296886,4.483878164749442]]]},"properties":{"id":290,"name":"Kg. Lubok Lanyap","mukim":"MUKIM KUALA BALAI","area":2340924.5,"district":"Belait","mukimDisplayName":"Kuala Balai"},"id":290},{"type":"Feature","geometry":{"type":"Polygon","coordinates":[[[114.30630742223309,4.474647919003241],[114.30127653746187,4.474654347896623],[114.2991697809101,4.474908771825414],[114.29902978174454,4.478284041415322],[114.29911551536952,4.480416794986352],[114.29611043709224,4.4811238261625785],[114.27819670565717,4.475271327351394],[114.28452763619917,4.463935012631282],[114.28691053637107,4.464718833883037],[114.28808288396014,4.464755909215421],[114.28965502313734,4.465242814446423],[114.29054382126859,4.465884795441025],[114.2918467862865,4.466262677071397],[114.29468357268217,4.46663720062636],[114.29565453747821,4.467011908861428],[114.29687163580573,4.467754280346724],[114.29726962300796,4.468274197472685],[114.29863362039305,4.468618011977099],[114.30124473883284,4.468821225298976],[114.30656849125124,4.468800004128502],[114.30630742223309,4.474647919003241]]]},"properties":{"id":291,"name":"Kg. Pangalayan","mukim":"MUKIM KUALA BALAI","area":3453587.75,"district":"Belait","mukimDisplayName":"Kuala Balai"},"id":291},{"type":"Feature","geometry":{"type":"Polygon","coordinates":[[[114.67034119972645,4.624993597911599],[114.67009757907545,4.626020384596329],[114.67010140884548,4.627815565601299],[114.66596957972709,4.642848470057592],[114.66456323605254,4.657365743232377],[114.65491975629351,4.651202693072785],[114.65150029613551,4.651197499491613],[114.64454661713934,4.650223786461895],[114.64405865022123,4.649387784720862],[114.6434907410835,4.6493310153576175],[114.64310001474112,4.650017354825155],[114.63410213500674,4.640442472217038],[114.62589124354638,4.637845593662599],[114.6242246625954,4.6371005183127965],[114.62377823931449,4.6370510343103195],[114.62370866835838,4.636397388328024],[114.62480166561144,4.635499030636138],[114.62588070777358,4.633742696034473],[114.62722506480002,4.632191094148863],[114.62871310054216,4.631272163264229],[114.63008590197755,4.630032489652046],[114.63204172070213,4.628993563056653],[114.63385543299646,4.628724597782679],[114.63556694704263,4.627546720353012],[114.636250260625,4.626317131401839],[114.63712663957402,4.625237928064903],[114.63744612698304,4.61908928137986],[114.63829552204716,4.616502131010715],[114.65614129302982,4.621413070381802],[114.65691812196816,4.622514145839027],[114.65780938710819,4.622774340510318],[114.65874526033402,4.622476860838917],[114.6604857662728,4.622243481340203],[114.66084850194932,4.621910738577645],[114.6620396924416,4.621570923686059],[114.67034119972645,4.624993597911599]]]},"properties":{"id":407,"name":"Kg. Rambai","mukim":"MUKIM RAMBAI","area":13015403,"district":"Tutong","mukimDisplayName":"Rambai"},"id":407},{"type":"Feature","geometry":{"type":"Polygon","coordinates":[[[114.68603453080786,4.601532297420292],[114.68726154631693,4.6042118112535135],[114.68749735069339,4.605337399831005],[114.68883192187255,4.606272030247403],[114.68922303796137,4.6071806972901905],[114.68974393370138,4.609389521064555],[114.69032821112272,4.610035641777417],[114.69230908486571,4.6132941636446425],[114.69697663725432,4.624800719887525],[114.69271524998504,4.624864295540285],[114.67034119972645,4.624993597911599],[114.6620396924416,4.621570923686059],[114.66084850194932,4.621910738577645],[114.6604857662728,4.622243481340203],[114.65874526033402,4.622476860838917],[114.65780938710819,4.622774340510318],[114.65691812196816,4.622514145839027],[114.65614129302982,4.621413070381802],[114.65958484279427,4.615445363111648],[114.66027213304214,4.6144557931043115],[114.66147011485477,4.613584985806528],[114.66278774850313,4.613607433331294],[114.66642189334515,4.613256141115389],[114.66588555660127,4.6124222082744275],[114.66690421500086,4.610669076431953],[114.66723478666864,4.610433856120349],[114.6679416070874,4.60917194544139],[114.66973510153345,4.607728368436667],[114.67085181889186,4.608218697643011],[114.68335578585784,4.602674345869591],[114.68603453080786,4.601532297420292]]]},"properties":{"id":408,"name":"Kg. Kuala Ungar","mukim":"MUKIM RAMBAI","area":7125295,"district":"Tutong","mukimDisplayName":"Rambai"},"id":408},{"type":"Feature","geometry":{"type":"Polygon","coordinates":[[[114.6457411987812,4.588613765793556],[114.64528493101875,4.5952124516835395],[114.63829552204716,4.616502131010715],[114.63744612698304,4.61908928137986],[114.63712663957402,4.625237928064903],[114.636250260625,4.626317131401839],[114.63556694704263,4.627546720353012],[114.63385543299646,4.628724597782679],[114.63204172070213,4.628993563056653],[114.63008590197755,4.630032489652046],[114.62871310054216,4.631272163264229],[114.62722506480002,4.632191094148863],[114.62588070777358,4.633742696034473],[114.62480166561144,4.635499030636138],[114.62370866835838,4.636397388328024],[114.62377823931449,4.6370510343103195],[114.61689219996475,4.642449738715204],[114.61670654105636,4.641860918171601],[114.61529329912764,4.639214946250411],[114.61383614555699,4.637406773380955],[114.61267304524156,4.636219557288944],[114.61163576282499,4.6355197972953235],[114.60910771615379,4.6332821304058385],[114.6062974039892,4.631023180599939],[114.6049999806989,4.629734576448701],[114.60396190340855,4.62894324074697],[114.60067791569661,4.626073407811648],[114.59975173195879,4.624784635877665],[114.59938953368821,4.6237447324818195],[114.59880153813666,4.6227379435115346],[114.59822244454305,4.620226180880863],[114.59703397557801,4.61734159987204],[114.59576699000715,4.6150009890975765],[114.59445831204962,4.613701378285017],[114.5939833716273,4.613045857022835],[114.59261874773821,4.612096559487072],[114.59152343433576,4.610955481127764],[114.59023550769857,4.608988259344972],[114.58838390964605,4.606670697329127],[114.58779533142774,4.605437804955915],[114.58610108898031,4.6031879236326345],[114.58460074315337,4.60182070332756],[114.5823445221774,4.600476716086435],[114.57994069414619,4.598699581509071],[114.58138162591362,4.598026900863908],[114.58234900700165,4.597104197795622],[114.58354367094883,4.597284678026797],[114.58403908032857,4.596966806956397],[114.58520774074567,4.595222709491568],[114.58593572389223,4.592992280264009],[114.58640478443635,4.591044604256371],[114.58661630117389,4.589471530260564],[114.58656806532743,4.5876611909923675],[114.5863720546777,4.585567785071703],[114.58705708978289,4.584129650015086],[114.58713398718443,4.5831902920528185],[114.58691860175453,4.582692614894312],[114.58593769116244,4.581766008141666],[114.5853610504008,4.580985836999944],[114.58483955778331,4.578926937677363],[114.58524215751797,4.5776136389666],[114.58578193074732,4.577250708507739],[114.5875959586988,4.576931525140567],[114.58844093532754,4.576952976936699],[114.591663889151,4.577740952231586],[114.59228248911533,4.577366780376927],[114.59286626802476,4.575985436673807],[114.59292050689263,4.575000636556731],[114.59343708830504,4.573766436924477],[114.5936221594784,4.5709597819511965],[114.59457639299447,4.5688875471014185],[114.59452859597624,4.567246772515572],[114.5941774874891,4.5663419208678215],[114.5937337657738,4.563886571637995],[114.59350181820588,4.560797571964001],[114.59356532280691,4.559675742156643],[114.62443475466306,4.5773843025583245],[114.6457411987812,4.588613765793556]]]},"properties":{"id":409,"name":"Kg. Bukit","mukim":"MUKIM UKONG","area":36788356,"district":"Tutong","mukimDisplayName":"Ukong"},"id":409},{"type":"Feature","geometry":{"type":"Polygon","coordinates":[[[114.65018030048532,4.680624595559641],[114.64691992638187,4.680334329284288],[114.64099738210852,4.68105938998369],[114.64011184438063,4.680787263166876],[114.63848485145935,4.680963545510425],[114.63771128920814,4.681553518696673],[114.6321872299898,4.688338549997896],[114.63236068060813,4.685114231665083],[114.63220559337513,4.681131736403362],[114.63204417066592,4.6791626214719715],[114.63156826715121,4.677352351342468],[114.63089945594932,4.675452456463076],[114.63039980466844,4.673608902052412],[114.63001531537103,4.672884478384692],[114.62947672223214,4.671013898558477],[114.62881510627089,4.669683737396306],[114.62723425430961,4.66778521072841],[114.6263527431853,4.666383018129174],[114.6253034659889,4.665433755783629],[114.62477083984218,4.664723308017181],[114.6275316170056,4.663828590129975],[114.62826597725224,4.663080437611265],[114.62989640999099,4.663664278669641],[114.63173213771535,4.663916537495119],[114.63220784479516,4.663775771199112],[114.63270972677024,4.663087154866164],[114.63274460434545,4.662160887448615],[114.63540383301921,4.661578804829103],[114.63552886095721,4.662303891799913],[114.63642048483827,4.66170963392165],[114.63774529283998,4.661258147224075],[114.63872814235644,4.661200665134479],[114.64036220663608,4.660793253634614],[114.640430952149,4.660199093733683],[114.6398544121457,4.659789475142677],[114.63910658599544,4.658811281640225],[114.6400567029141,4.658077619175876],[114.64014064051963,4.656984981154605],[114.64166356516697,4.656151423053796],[114.64162142693091,4.655415963589742],[114.64082127347412,4.6549058317002245],[114.64113360216703,4.6544182451574905],[114.64230315158042,4.653972203823426],[114.64266985603302,4.653363699113176],[114.64206191212382,4.6524541425646095],[114.64207501469801,4.651912488239984],[114.64310001474112,4.650017354825155],[114.6434907410835,4.6493310153576175],[114.64405865022123,4.649387784720862],[114.64454661713934,4.650223786461895],[114.65150029613551,4.651197499491613],[114.65262150463701,4.665560483550838],[114.6513960957885,4.670677121632154],[114.65230607527006,4.671777156813094],[114.65167213704564,4.673889634620857],[114.65089110462618,4.674321123283937],[114.65099117365698,4.675991084713223],[114.65018030048532,4.680624595559641]]]},"properties":{"id":410,"name":"Kg. Ukong","mukim":"MUKIM UKONG","area":6898409,"district":"Tutong","mukimDisplayName":"Ukong"},"id":410},{"type":"Feature","geometry":{"type":"Polygon","coordinates":[[[114.75749247489375,4.772210164711036],[114.7546274956923,4.778317303184601],[114.75156386769088,4.777090504013967],[114.75027387192337,4.776756389542066],[114.74933228467576,4.7770822779353885],[114.74847887630258,4.7759821070009565],[114.74827745760227,4.775345186127203],[114.747548686701,4.775573633944848],[114.74857884716099,4.777152056662631],[114.74794069047525,4.77789585059685],[114.74897649347943,4.779604943427078],[114.74747970445316,4.780857765524729],[114.74465026443663,4.779114765996905],[114.74463072826941,4.777874016344105],[114.74238720138317,4.7748419535742],[114.73769259717929,4.769010118735042],[114.7390074471684,4.76750111755638],[114.74038826906435,4.765965773470806],[114.74043914828404,4.764922827642864],[114.74252670046768,4.76464707999913],[114.74273641850951,4.764754322164061],[114.74431918819835,4.763863489195013],[114.74632184753257,4.762736321563391],[114.75205380059127,4.762615210724501],[114.75749247489375,4.772210164711036]]]},"properties":{"id":352,"name":"Kg. Kebia","mukim":"MUKIM KIUDANG","area":2677340.5,"district":"Tutong","mukimDisplayName":"Kiudang"},"id":352},{"type":"Feature","geometry":{"type":"Polygon","coordinates":[[[114.66830805749137,4.810241428563425],[114.66770571721764,4.8107532398377595],[114.66648231536708,4.810869675541552],[114.66571332311956,4.810410497712813],[114.66303693287855,4.810407047351907],[114.66310428317585,4.80950721333207],[114.66103838319775,4.809414513304979],[114.6609403670868,4.806336638842279],[114.6612116068415,4.805560716170479],[114.66143534276647,4.804579786197567],[114.66350739713573,4.804065554378529],[114.66462071508764,4.803163970333846],[114.66519069827791,4.802741102814972],[114.66680960732589,4.80238108769996],[114.66955618649283,4.802103295146608],[114.67075484360286,4.801773832352401],[114.67109654528055,4.802682891323237],[114.67193739768484,4.803432281382467],[114.66986796112383,4.8049430295983155],[114.66909843457685,4.805866315318367],[114.66803776943547,4.806414722823861],[114.66759619103084,4.806895754371662],[114.66792365632885,4.807529422387082],[114.66755248182216,4.808111683457925],[114.66876533155208,4.809043063103987],[114.66830805749137,4.810241428563425]]]},"properties":{"id":333,"name":"Kg. Panchor Dulit","mukim":"MUKIM PEKAN TUTONG","area":715652.375,"district":"Tutong","mukimDisplayName":"Pekan Tutong"},"id":333},{"type":"Feature","geometry":{"type":"Polygon","coordinates":[[[114.66209338588013,4.825141777210853],[114.66097902907644,4.828906140051392],[114.6606683803575,4.828347317438881],[114.65979070031578,4.827800348140941],[114.65892878574397,4.8268373350721525],[114.6564290005511,4.824472009540243],[114.65556511941304,4.82381647583054],[114.65268418691745,4.821145841288675],[114.65084679690179,4.819302064806301],[114.64956103307381,4.818283685624867],[114.64751479762984,4.816299740814226],[114.64479718494857,4.813992064829146],[114.643990717809,4.813102360977837],[114.64153413984869,4.8110517005800055],[114.64129368512852,4.8106883588647875],[114.6382662498678,4.8079785097136325],[114.63567757202614,4.8060304984583055],[114.63466028367924,4.805098970421697],[114.6341041480679,4.80467714580762],[114.6337159662572,4.80427181089244],[114.63328801983403,4.803955891057415],[114.63317839878836,4.803840885962767],[114.63309750799435,4.803774367791933],[114.63363244643304,4.803208727020598],[114.63451176881108,4.8022789349425405],[114.63544172243371,4.803418699715692],[114.63681842710687,4.804328899327581],[114.63831884791904,4.80473514215184],[114.63948389669756,4.80488795196044],[114.64087762238104,4.804802178610103],[114.64212324253334,4.80433528829167],[114.64363445321116,4.803117615546007],[114.64740025450818,4.795980893960223],[114.64828165740171,4.794976788021481],[114.64934639544514,4.794518390051061],[114.65047774434798,4.794356847976289],[114.65148489844141,4.794499300746659],[114.65273704190525,4.794957367485069],[114.6545276064838,4.7965887466280375],[114.65546768545015,4.797942249609625],[114.65263454858469,4.800391540341713],[114.65259242518134,4.800937156303547],[114.65368382889746,4.802530823741041],[114.65301921938311,4.803223618309871],[114.6525977901315,4.803025599643011],[114.65120497608719,4.805142544723672],[114.65151810600187,4.808284992154875],[114.65224354371736,4.8082287689126915],[114.65246022815634,4.8102339761510455],[114.65294227333455,4.811134219792332],[114.65441793997968,4.812130109895397],[114.6535112091453,4.81364322400575],[114.65232900969129,4.81496793307218],[114.65668830469042,4.818950421909409],[114.66016944491128,4.822351755529316],[114.66165461815694,4.823274196288351],[114.66122495935696,4.8241667932630365],[114.6614737675907,4.824815864131821],[114.66209338588013,4.825141777210853]]]},"properties":{"id":334,"name":"Kg. Sengkarai","mukim":"MUKIM PEKAN TUTONG","area":3481388.25,"district":"Tutong","mukimDisplayName":"Pekan Tutong"},"id":334},{"type":"Feature","geometry":{"type":"Polygon","coordinates":[[[114.6754320887133,4.819965801216501],[114.6738867048347,4.8196069011847245],[114.66759069779978,4.8214619278039885],[114.66649835112113,4.823194694725914],[114.66532657366683,4.8237380412278785],[114.66475416947816,4.823144504167541],[114.66209338588013,4.825141777210853],[114.6614737675907,4.824815864131821],[114.66122495935696,4.8241667932630365],[114.66165461815694,4.823274196288351],[114.66016944491128,4.822351755529316],[114.65668830469042,4.818950421909409],[114.65232900969129,4.81496793307218],[114.6535112091453,4.81364322400575],[114.65441793997968,4.812130109895397],[114.65697236645136,4.810066227740361],[114.65802974290717,4.809522402284977],[114.65770527800167,4.808806549853637],[114.65694241995483,4.8080645466760386],[114.65586217597306,4.807442585380141],[114.65681248491173,4.8061395200781885],[114.65702633414041,4.805015190651508],[114.65854705577502,4.805440635933007],[114.65973628741321,4.805356496486967],[114.6612116068415,4.805560716170479],[114.6609403670868,4.806336638842279],[114.66103838319775,4.809414513304979],[114.66310428317585,4.80950721333207],[114.66303693287855,4.810407047351907],[114.66571332311956,4.810410497712813],[114.66648231536708,4.810869675541552],[114.66770571721764,4.8107532398377595],[114.66830805749137,4.810241428563425],[114.66884153821691,4.810818725945598],[114.66931931130915,4.81080836225366],[114.67044782690323,4.811393058612819],[114.67055683026854,4.811691195550477],[114.67237586562462,4.810953619399051],[114.67403647331992,4.815397601235249],[114.675030461243,4.8183553185895365],[114.6754320887133,4.819965801216501]]]},"properties":{"id":335,"name":"Bukit Bendera","mukim":"MUKIM PEKAN TUTONG","area":2894327.25,"district":"Tutong","mukimDisplayName":"Pekan Tutong"},"id":335},{"type":"Feature","geometry":{"type":"Polygon","coordinates":[[[114.68065703914745,4.8215053390800815],[114.67939210332229,4.821101712968513],[114.67849060093558,4.820594005919407],[114.67799775280048,4.821426518831921],[114.67704822970607,4.821602947861748],[114.67629469736696,4.821493623651195],[114.67609533505886,4.821504658636654],[114.67582876275763,4.821521613458353],[114.67555612426241,4.821537669875376],[114.6754388377701,4.8215445765560965],[114.6754977902457,4.820707472598902],[114.67551832684289,4.82039431265042],[114.67552262081217,4.82032882726229],[114.6754320887133,4.819965801216501],[114.675030461243,4.8183553185895365],[114.67403647331992,4.815397601235249],[114.67237586562462,4.810953619399051],[114.67055683026854,4.811691195550477],[114.67044782690323,4.811393058612819],[114.66931931130915,4.81080836225366],[114.66884153821691,4.810818725945598],[114.66830805749137,4.810241428563425],[114.66876533155208,4.809043063103987],[114.66755248182216,4.808111683457925],[114.66792365632885,4.807529422387082],[114.66759619103084,4.806895754371662],[114.66803776943547,4.806414722823861],[114.66909843457685,4.805866315318367],[114.66986796112383,4.8049430295983155],[114.67193739768484,4.803432281382467],[114.67264383032477,4.804095474329799],[114.67328385004376,4.804031290825662],[114.67453619504771,4.805135438599858],[114.67472485323894,4.805873335071052],[114.6744338607737,4.806557963540369],[114.67468731412008,4.807295677503015],[114.67649404625165,4.8092329039653405],[114.67714423675379,4.809095889728941],[114.67731370427961,4.808518201416626],[114.67818226144837,4.80861458586701],[114.6791879360941,4.8095556088300615],[114.67953580480079,4.810690869949628],[114.6804018693751,4.81216340434175],[114.681067580802,4.81283933511759],[114.68069567724896,4.81494360162783],[114.68011718458605,4.816013856915363],[114.68017114209901,4.817107895181826],[114.68079415990519,4.818531289848195],[114.68081770476935,4.8200139197506715],[114.68065703914745,4.8215053390800815]]]},"properties":{"id":336,"name":"Kg. Panchor Papan","mukim":"MUKIM PEKAN TUTONG","area":1455123,"district":"Tutong","mukimDisplayName":"Pekan Tutong"},"id":336},{"type":"Feature","geometry":{"type":"Polygon","coordinates":[[[114.68765919600325,4.827022988563961],[114.68400837590961,4.831100160139074],[114.6799702320276,4.835826603637181],[114.67913840702577,4.836664222742037],[114.6780563730275,4.835839006515953],[114.67666242380791,4.834413583042871],[114.67596049902721,4.833371574620994],[114.67549292537936,4.833002088225551],[114.67506854723558,4.832646053899305],[114.67495563185092,4.832551322534837],[114.67679142735388,4.8299374341370855],[114.67694827718995,4.829565296745067],[114.67704329144907,4.829339868255157],[114.67667855518197,4.828143253703817],[114.6761267470888,4.827269555152532],[114.67566325353324,4.826808898646557],[114.67561353164123,4.826759932525594],[114.67535180251713,4.82650185888159],[114.67532418067576,4.8264746225085755],[114.67526242365312,4.826413727994178],[114.67544354965139,4.825775276991559],[114.67558747291405,4.825267962923329],[114.67566151162511,4.825006982943214],[114.67569473465105,4.824889873470006],[114.67563872765284,4.824326881419421],[114.67554252293216,4.823474529448721],[114.67549810880024,4.823192040841102],[114.6754841154248,4.82266366872563],[114.6754736916738,4.822390568476482],[114.67547060772394,4.822315705621538],[114.6754388377701,4.8215445765560965],[114.67555612426241,4.821537669875376],[114.67582876275763,4.821521613458353],[114.67609533505886,4.821504658636654],[114.67629469736696,4.821493623651195],[114.67704822970607,4.821602947861748],[114.67799775280048,4.821426518831921],[114.67849060093558,4.820594005919407],[114.67939210332229,4.821101712968513],[114.68065703914745,4.8215053390800815],[114.6806430342006,4.822098645607163],[114.68172695080229,4.823385056373659],[114.68237638883029,4.823708808509759],[114.68410538821335,4.823616378112728],[114.68503747637794,4.823868726073938],[114.68610139685106,4.824559107352033],[114.68666154978384,4.8251500317184],[114.68765919600325,4.827022988563961]]]},"properties":{"id":338,"name":"Kg. Tanah Burok","mukim":"MUKIM PEKAN TUTONG","area":1420734.625,"district":"Tutong","mukimDisplayName":"Pekan Tutong"},"id":338},{"type":"Feature","geometry":{"type":"Polygon","coordinates":[[[114.71852912320746,4.796750719709595],[114.71718131594504,4.796901831523725],[114.71627726313454,4.796198993255713],[114.71526967567374,4.795745148305016],[114.7144034238989,4.795659426092974],[114.7137996276733,4.795134346925709],[114.71259322289056,4.795708078246016],[114.71182066187468,4.796480101374971],[114.71113155030747,4.7982760790348715],[114.70979504725426,4.798298386929076],[114.70723561693819,4.797820564076703],[114.70626705548193,4.797970474565916],[114.70465675360185,4.798785681067821],[114.70288421261863,4.800609445134757],[114.70233346503028,4.800919044142793],[114.70097556613639,4.801112163937291],[114.6980488474874,4.799920686975609],[114.69650023988717,4.800737174455798],[114.69462508138905,4.8013009378353955],[114.69139426898298,4.801958571917776],[114.68727783748955,4.803825733870505],[114.68598696447948,4.804613038842031],[114.68512502947209,4.8046514783132634],[114.68223991573623,4.803590636955606],[114.67936957170026,4.801662247647352],[114.67884382220862,4.801437622453026],[114.67636529125987,4.801049439061421],[114.67463782212596,4.80065859293235],[114.67377484498616,4.800736167697027],[114.67306246930454,4.801077281575323],[114.67075484360286,4.801773832352401],[114.66955618649283,4.802103295146608],[114.66680960732589,4.80238108769996],[114.66519069827791,4.802741102814972],[114.66462071508764,4.803163970333846],[114.66476067286185,4.79977849298887],[114.66439421185851,4.7987083032797555],[114.66346082945228,4.798027141236415],[114.66127888220034,4.797714098612144],[114.66057307349337,4.7971690543800385],[114.6607266628832,4.795185762577793],[114.66131185208768,4.793178486678201],[114.66180829321141,4.791946368042355],[114.66153315358063,4.791035466117785],[114.65991858025058,4.7904929351664896],[114.65946150252164,4.789514159774535],[114.65950507595024,4.788929343316677],[114.65962304214922,4.788474194755316],[114.66058449526334,4.788146480120281],[114.66187781881767,4.788315182750702],[114.66293649252682,4.7877689664308765],[114.66799964446217,4.78666572575767],[114.67157117750901,4.786956259401288],[114.67274461591609,4.786780839863157],[114.67397718049196,4.7860878370392905],[114.67475527025309,4.785474095501458],[114.69135299747474,4.7687642334852125],[114.69966187514211,4.781076393801982],[114.71828792646566,4.786949670313277],[114.7243631954656,4.791208232741516],[114.71852912320746,4.796750719709595]]]},"properties":{"id":340,"name":"Paya Pekan Tutong","mukim":"MUKIM PEKAN TUTONG","area":13807088,"district":"Tutong","mukimDisplayName":"Pekan Tutong"},"id":340},{"type":"Feature","geometry":{"type":"Polygon","coordinates":[[[114.73112805793168,4.7798187510079275],[114.73058187592106,4.780087704244672],[114.72761848466196,4.780378212705308],[114.72656449225258,4.779648682925549],[114.72612095291325,4.7790106704287645],[114.72445813223958,4.778962843542743],[114.72309545061879,4.778655282621285],[114.72223042230186,4.779195278595502],[114.72230210939841,4.7802379229697465],[114.72150942018,4.781255330308322],[114.72120897538476,4.78200454842665],[114.72042780426136,4.782513214925355],[114.71915649779093,4.781843075152136],[114.71869185359675,4.781909397020116],[114.71841280866975,4.782855817980472],[114.71784605071952,4.783474656572505],[114.71851547911567,4.785894194576151],[114.71828792646566,4.786949670313277],[114.69966187514211,4.781076393801982],[114.69135299747474,4.7687642334852125],[114.69182876469281,4.7545242116102395],[114.70985841028968,4.754293575200528],[114.71496086876348,4.753619870033603],[114.71607958552504,4.7522902583951],[114.7164884871097,4.752241618391764],[114.71892265801938,4.752723056645018],[114.72188525660312,4.752786967813944],[114.7249094048482,4.751705532046402],[114.72602001363066,4.751480147182137],[114.7390212819596,4.764935556316525],[114.7390074471684,4.76750111755638],[114.73769259717929,4.769010118735042],[114.73432834291621,4.772871100658232],[114.73112805793168,4.7798187510079275]]]},"properties":{"id":341,"name":"Kg. Bakiau","mukim":"MUKIM KIUDANG","area":14339164,"district":"Tutong","mukimDisplayName":"Kiudang"},"id":341},{"type":"Feature","geometry":{"type":"Polygon","coordinates":[[[114.72602001363066,4.751480147182137],[114.7249094048482,4.751705532046402],[114.72188525660312,4.752786967813944],[114.71892265801938,4.752723056645018],[114.7164884871097,4.752241618391764],[114.71607958552504,4.7522902583951],[114.71496086876348,4.753619870033603],[114.70985841028968,4.754293575200528],[114.71081968808302,4.733711349961218],[114.71918267111715,4.733703332342301],[114.71960319684808,4.732790409346445],[114.72187604398496,4.731035942320385],[114.72287670617322,4.731459142136398],[114.72423985520146,4.73076692518753],[114.72452340377133,4.729829803473387],[114.72541253339406,4.7299834605947435],[114.7261682731339,4.730536734939261],[114.72796123479874,4.730222141422115],[114.72823623351098,4.729641069373664],[114.72912788021914,4.729467143436034],[114.73202733333478,4.72998952995339],[114.73498331087995,4.730186764713646],[114.73629328300312,4.73072229517909],[114.73718085463591,4.731536396636978],[114.7373192898488,4.729444121070576],[114.73834102171142,4.728362147335491],[114.73904748022983,4.728046289118993],[114.74238154308662,4.722990379150478],[114.74296059709656,4.726100909503106],[114.74399928931403,4.727156604600901],[114.7444059942245,4.727338037563859],[114.74431109605761,4.728700695786549],[114.74525518792855,4.729347626601751],[114.74671261559224,4.7295460252942485],[114.75547715922079,4.735171600039095],[114.74448273280555,4.749699464166833],[114.74451207922927,4.751069990134534],[114.74487057163807,4.751850768431295],[114.73902253522742,4.750205009372745],[114.73881380196832,4.748478098245448],[114.73755702718162,4.748666092096093],[114.73683422361377,4.750909004106431],[114.73600411864277,4.750719682297834],[114.73487786925186,4.751118009828617],[114.73426913125088,4.751029316526914],[114.73243230805119,4.7511922785812635],[114.7303825838458,4.751180058162746],[114.72764481302693,4.751523067534348],[114.72602001363066,4.751480147182137]]]},"properties":{"id":342,"name":"Kg. Kiudang","mukim":"MUKIM KIUDANG","area":10356423,"district":"Tutong","mukimDisplayName":"Kiudang"},"id":342},{"type":"Feature","geometry":{"type":"Polygon","coordinates":[[[114.74238154308662,4.722990379150478],[114.73904748022983,4.728046289118993],[114.73834102171142,4.728362147335491],[114.7373192898488,4.729444121070576],[114.73718085463591,4.731536396636978],[114.73629328300312,4.73072229517909],[114.73498331087995,4.730186764713646],[114.73202733333478,4.72998952995339],[114.72912788021914,4.729467143436034],[114.72823623351098,4.729641069373664],[114.72796123479874,4.730222141422115],[114.7261682731339,4.730536734939261],[114.72541253339406,4.7299834605947435],[114.72452340377133,4.729829803473387],[114.72423985520146,4.73076692518753],[114.72287670617322,4.731459142136398],[114.72187604398496,4.731035942320385],[114.71960319684808,4.732790409346445],[114.71918267111715,4.733703332342301],[114.71081968808302,4.733711349961218],[114.71155544477207,4.717949876120675],[114.71436936052562,4.717312860302708],[114.71450953163286,4.716643618362189],[114.71450475159523,4.71495258610922],[114.71508163470529,4.71429122331137],[114.71575494396173,4.713545510972302],[114.71671258761533,4.709731855183883],[114.71730904097397,4.707105257931906],[114.71840659582335,4.706060612863517],[114.71848093238971,4.704940446234854],[114.72022916317029,4.703396473765317],[114.7229514391499,4.7023954152325755],[114.7236671562484,4.702569808203097],[114.72482450159943,4.703345088223392],[114.72664131263701,4.701914017988134],[114.72735224058405,4.700882001115002],[114.72832832956293,4.701581271672579],[114.73436922498485,4.704195850024686],[114.73654912348506,4.703980401029041],[114.74590212718665,4.703055935486848],[114.74709945467623,4.7025809630064614],[114.74821217725278,4.701877002866817],[114.75036982022151,4.700261067056972],[114.75007033341224,4.702644727969156],[114.74779287935947,4.719828941762069],[114.74238154308662,4.722990379150478]]]},"properties":{"id":343,"name":"Kg. Pad Nunok","mukim":"MUKIM KIUDANG","area":11106119,"district":"Tutong","mukimDisplayName":"Kiudang"},"id":343},{"type":"Feature","geometry":{"type":"Polygon","coordinates":[[[114.78654627705293,4.683275575171037],[114.78610026441486,4.685690056980636],[114.7851176960336,4.687215997821776],[114.78497206607531,4.688278237411307],[114.78565558311674,4.690066078601323],[114.78537777845747,4.6912027538497485],[114.78388109068986,4.69126960810327],[114.7831698181761,4.691940947443246],[114.782490613534,4.69201783458728],[114.78108053766033,4.691454184544675],[114.77927016174041,4.6911717802308],[114.778962020331,4.691566941785176],[114.77893361035879,4.6930329849006185],[114.77835130892326,4.694466454550716],[114.77750657695269,4.695355228548672],[114.77690278006673,4.696372740742578],[114.77774926058858,4.697633577726186],[114.7779330646862,4.698652177612059],[114.77755664311219,4.6993977036509005],[114.7778324362804,4.701439121265711],[114.77828340162078,4.701915996719391],[114.78043272822042,4.701926093251798],[114.78217886312679,4.702968371351354],[114.78259222353722,4.704073056579763],[114.78357091835886,4.704687148819193],[114.78386692501833,4.705346483457358],[114.78378830425125,4.708139296187139],[114.78388377642833,4.708614667987323],[114.7845554638261,4.709240398004445],[114.7847960305756,4.7111725407391445],[114.78387502014753,4.7117964424754994],[114.78351247546692,4.71266487037866],[114.78372878294917,4.713620060672427],[114.7852059534046,4.7141874690839325],[114.78555075174641,4.714575344865545],[114.78563546965772,4.715613161990401],[114.78593651861986,4.716067299631349],[114.78566403163424,4.7169063525999855],[114.78458447589408,4.7168733449375555],[114.78420639265146,4.717630464916936],[114.78316382779283,4.718304745657532],[114.78215717118813,4.718347546959202],[114.78159270452089,4.718946095849543],[114.78132097836087,4.7200491122354284],[114.78148049896696,4.720657409439166],[114.78051530089738,4.721396463319985],[114.77909002210357,4.722014769936628],[114.77792206836412,4.721809046577596],[114.77718904445788,4.721404217152031],[114.77632729796447,4.722071457937021],[114.77687256601558,4.723007881989104],[114.77701050814818,4.724528539890509],[114.77727330671462,4.72519899626488],[114.77738078716533,4.726512582209158],[114.7771173878958,4.727840867207591],[114.75729352772763,4.735157859860728],[114.75547715922079,4.735171600039095],[114.74671261559224,4.7295460252942485],[114.74525518792855,4.729347626601751],[114.74431109605761,4.728700695786549],[114.7444059942245,4.727338037563859],[114.74399928931403,4.727156604600901],[114.74296059709656,4.726100909503106],[114.74238154308662,4.722990379150478],[114.74779287935947,4.719828941762069],[114.75007033341224,4.702644727969156],[114.75036982022151,4.700261067056972],[114.75296435524946,4.698317908987718],[114.75395149298082,4.697374487418438],[114.75675450498038,4.6951042622789],[114.75999621715,4.692977450469253],[114.76363780884886,4.691249627618629],[114.76571797204987,4.690106323891163],[114.76708850341372,4.689664270224361],[114.7690619522522,4.689457004394093],[114.77023276064786,4.689499371920418],[114.77197904236307,4.689053379154722],[114.77471534804461,4.687893696278281],[114.77602877346271,4.687579253057584],[114.77841905889105,4.68677243159852],[114.78025464035568,4.686040432107377],[114.7838111917395,4.684302602480262],[114.78654627705293,4.683275575171037]]]},"properties":{"id":344,"name":"Kg. Mungkom","mukim":"MUKIM KIUDANG","area":16520756,"district":"Tutong","mukimDisplayName":"Kiudang"},"id":344},{"type":"Feature","geometry":{"type":"Polygon","coordinates":[[[114.5708217468411,4.745099322019019],[114.57821054712633,4.751013707068788],[114.57529617344248,4.7530952690705455],[114.57194746357872,4.750109466795248],[114.56921008435457,4.748040697665936],[114.56859729570027,4.74741764491517],[114.5708217468411,4.745099322019019]]]},"properties":{"id":345,"name":"Kg. Panapar-Danau","mukim":"MUKIM TELISAI","area":369703.28125,"district":"Tutong","mukimDisplayName":"Telisai"},"id":345},{"type":"Feature","geometry":{"type":"Polygon","coordinates":[[[114.59773539600559,4.754550875487648],[114.60467715316693,4.753316917853838],[114.6116430840084,4.753533763152643],[114.61264046851026,4.753751186328948],[114.61315155539822,4.754204479874907],[114.61397831822721,4.755524612610958],[114.61468028068283,4.7577459779879945],[114.61571321985674,4.758671485627987],[114.61611003225025,4.7593215365390495],[114.61858594372943,4.760429289691142],[114.61935307551808,4.761177819275499],[114.62041482884743,4.761701720255709],[114.62144611827823,4.763460147134763],[114.62420979668757,4.7660113849229395],[114.62552269091016,4.766797572749913],[114.61391257137343,4.781692259715819],[114.61278672479466,4.783157892909682],[114.61119288946054,4.7813664869046555],[114.61096796827056,4.780695048020875],[114.61089042405067,4.779724211351254],[114.61140455487102,4.777109237690524],[114.61132757487516,4.776138967522346],[114.61117722543702,4.77554193870556],[114.61001772940512,4.7740711862090714],[114.60872047372726,4.773079565176827],[114.6079967124698,4.772777918845654],[114.60709497151848,4.772646907952882],[114.60601765325076,4.772603831187683],[114.60365594463731,4.772219334872439],[114.60134007831984,4.771834702679318],[114.6001659268783,4.7714872769922145],[114.60000328558725,4.77020986010493],[114.59945613237548,4.768629214743057],[114.59797882004693,4.767258563934729],[114.59683906047078,4.766431666590044],[114.59531129689982,4.765528002092052],[114.59344744833285,4.764625237533952],[114.59028984286459,4.763310959094272],[114.5878814350055,4.761787170671136],[114.58697361138498,4.760674338589882],[114.58619429588965,4.759275861398242],[114.58546530728938,4.757358519572011],[114.58475213462691,4.753520390455462],[114.58733916310575,4.753157280624245],[114.58886270969695,4.7534075448880815],[114.5910472075563,4.754114992487526],[114.592469346054,4.75436551754027],[114.59515997634071,4.754511459138433],[114.59773539600559,4.754550875487648]]]},"properties":{"id":346,"name":"Kg. Penyatang","mukim":"MUKIM TELISAI","area":7185277.5,"district":"Tutong","mukimDisplayName":"Telisai"},"id":346},{"type":"Feature","geometry":{"type":"Polygon","coordinates":[[[114.57872141239885,4.724466295735085],[114.57746375870752,4.724361529412312],[114.57724778131741,4.726133346212067],[114.57486999851582,4.727468126829846],[114.57413011097893,4.72714571542787],[114.57312164749824,4.726180405469815],[114.57097417322333,4.725336553040577],[114.56988959328876,4.7251825146060815],[114.56934269293683,4.72408347569564],[114.56831561791545,4.7235135895435665],[114.56706739843513,4.723624278378904],[114.56656702699966,4.723258774439729],[114.5663774369509,4.722382457884066],[114.56649274965838,4.721128942547361],[114.56733313824391,4.719570509390873],[114.56748313561945,4.718961704822825],[114.56724814647484,4.717781304367929],[114.56653230804976,4.716870599440147],[114.56646236172622,4.7161326448448895],[114.5676440285063,4.715065546685915],[114.5695447307597,4.714077768806299],[114.5700117321599,4.713629167916937],[114.57072195462176,4.712419402898098],[114.57052859808368,4.710966002330535],[114.56996803902011,4.709759629167799],[114.5675740525067,4.706556206665669],[114.56647516043226,4.705305656239112],[114.56537532584582,4.704797102407918],[114.56465749692623,4.70415966242927],[114.56399166467189,4.704825138259788],[114.56424319504714,4.705847430860535],[114.56338855967981,4.706263760292189],[114.56114717935847,4.705539029619991],[114.57592033010879,4.683397239361585],[114.57764809265595,4.684864750419776],[114.58024174549804,4.685490290013171],[114.58534484293794,4.687690307160263],[114.59733932227839,4.711437725312119],[114.58113346650813,4.71274629157532],[114.57872141239885,4.724466295735085]]]},"properties":{"id":347,"name":"Kg. Binchaya","mukim":"MUKIM TELISAI","area":9463392,"district":"Tutong","mukimDisplayName":"Telisai"},"id":347},{"type":"Feature","geometry":{"type":"Polygon","coordinates":[[[114.62133034714465,4.749175833999443],[114.6213349826124,4.750702222336331],[114.61940656097846,4.752825365518692],[114.61828375664805,4.753055073363504],[114.61740935543793,4.7534723268762],[114.6162734283062,4.752599315280377],[114.61567354275269,4.753485519948083],[114.61568566323074,4.754219148819159],[114.61497341386635,4.754402092594037],[114.61397831822721,4.755524612610958],[114.61315155539822,4.754204479874907],[114.61264046851026,4.753751186328948],[114.6116430840084,4.753533763152643],[114.60467715316693,4.753316917853838],[114.59773539600559,4.754550875487648],[114.60232473837543,4.744208880741196],[114.60248696436886,4.743902712158642],[114.60551138137194,4.736254338106812],[114.59793192685822,4.726490058911595],[114.59250799278736,4.724896859253253],[114.5931307584629,4.723582521063228],[114.59733932227839,4.711437725312119],[114.61361895933756,4.711168085895548],[114.61469438888342,4.711774192447213],[114.61578237885972,4.712649314795606],[114.61683563912437,4.7138054498880795],[114.61736307650554,4.7146820972852685],[114.61768527909062,4.717369728233237],[114.61789802927818,4.718333429583562],[114.61888324445412,4.720156998590909],[114.6192392820427,4.722438985383786],[114.61962691618818,4.723280963421466],[114.62127612466256,4.724804280487723],[114.6237302550665,4.726061997015075],[114.62586747305515,4.726793781367456],[114.6274455409073,4.727632221055877],[114.63122601851951,4.727481414112379],[114.63269674572535,4.727793632237834],[114.63343377885205,4.728458862530713],[114.63491033333042,4.730702726225453],[114.6352338735728,4.731585574759608],[114.63546282920832,4.734146559096253],[114.63688553129244,4.736053408475586],[114.63741117883494,4.736262792601199],[114.63804372234668,4.7370340066508705],[114.63688869255904,4.737212396655095],[114.6352103919578,4.738060320984592],[114.63402127746008,4.73834450061964],[114.62985847300254,4.741288861762209],[114.62650491655928,4.743283103050928],[114.62586721428484,4.744968653811803],[114.62515249474157,4.7463011442376475],[114.62401186405819,4.746810697617499],[114.62263375510564,4.748288646167999],[114.62204763255049,4.748393031157455],[114.62133034714465,4.749175833999443]]]},"properties":{"id":348,"name":"Kg. Bukit Beruang","mukim":"MUKIM TELISAI","area":13523657,"district":"Tutong","mukimDisplayName":"Telisai"},"id":348},{"type":"Feature","geometry":{"type":"Polygon","coordinates":[[[114.59733932227839,4.711437725312119],[114.5931307584629,4.723582521063228],[114.59250799278736,4.724896859253253],[114.59793192685822,4.726490058911595],[114.60551138137194,4.736254338106812],[114.60248696436886,4.743902712158642],[114.60232473837543,4.744208880741196],[114.59773539600559,4.754550875487648],[114.59515997634071,4.754511459138433],[114.592469346054,4.75436551754027],[114.5910472075563,4.754114992487526],[114.58886270969695,4.7534075448880815],[114.58733916310575,4.753157280624245],[114.58475213462691,4.753520390455462],[114.58367423469245,4.749551378183272],[114.58290821326885,4.747719847527493],[114.58239545149985,4.745785900574144],[114.58187348560848,4.740389427843963],[114.58151351797065,4.73870941723961],[114.58049505229553,4.737490134076597],[114.57942938114718,4.736741798572867],[114.57798040617332,4.73612731976741],[114.57637022941925,4.735910054023804],[114.57872141239885,4.724466295735085],[114.58113346650813,4.71274629157532],[114.59733932227839,4.711437725312119]]]},"properties":{"id":349,"name":"Kg. Bukit Pasir","mukim":"MUKIM TELISAI","area":9788796,"district":"Tutong","mukimDisplayName":"Telisai"},"id":349},{"type":"Feature","geometry":{"type":"Polygon","coordinates":[[[114.57872141239885,4.724466295735085],[114.57637022941925,4.735910054023804],[114.57214275998442,4.736621075252848],[114.56874201464021,4.736783020025243],[114.5677262584819,4.736581960809594],[114.56594746514948,4.735873661939002],[114.5653569107076,4.735382495599254],[114.56365612595026,4.73307879441706],[114.56345005920963,4.7320608058512],[114.56354827018286,4.730634773250588],[114.56415351756364,4.729207112080665],[114.56518302149088,4.728216644004493],[114.5669394092144,4.727060907343578],[114.56840854871557,4.725936439376604],[114.56988959328876,4.7251825146060815],[114.57097417322333,4.725336553040577],[114.57312164749824,4.726180405469815],[114.57413011097893,4.72714571542787],[114.57486999851582,4.727468126829846],[114.57724778131741,4.726133346212067],[114.57746375870752,4.724361529412312],[114.57872141239885,4.724466295735085]]]},"properties":{"id":350,"name":"Kg. Telamba","mukim":"MUKIM TELISAI","area":1608859.875,"district":"Tutong","mukimDisplayName":"Telisai"},"id":350},{"type":"Feature","geometry":{"type":"Polygon","coordinates":[[[114.74431918819835,4.763863489195013],[114.74273641850951,4.764754322164061],[114.74252670046768,4.76464707999913],[114.74043914828404,4.764922827642864],[114.74038826906435,4.765965773470806],[114.7390074471684,4.76750111755638],[114.7390212819596,4.764935556316525],[114.72602001363066,4.751480147182137],[114.72764481302693,4.751523067534348],[114.7303825838458,4.751180058162746],[114.73243230805119,4.7511922785812635],[114.73426913125088,4.751029316526914],[114.73487786925186,4.751118009828617],[114.73600411864277,4.750719682297834],[114.73683422361377,4.750909004106431],[114.73755702718162,4.748666092096093],[114.73881380196832,4.748478098245448],[114.73902253522742,4.750205009372745],[114.74487057163807,4.751850768431295],[114.74516851890351,4.754543448605071],[114.74566447937968,4.754928273551854],[114.74582375298638,4.756337198725131],[114.74315157723608,4.756671680211096],[114.74431918819835,4.763863489195013]]]},"properties":{"id":351,"name":"Kg. Pangkalan Mau","mukim":"MUKIM KIUDANG","area":2101309.5,"district":"Tutong","mukimDisplayName":"Kiudang"},"id":351},{"type":"Feature","geometry":{"type":"Polygon","coordinates":[[[114.56986236255895,4.52337177337189],[114.56455556827285,4.522156347496705],[114.56324662166215,4.521656741212589],[114.55399012890152,4.521966899731044],[114.55337270084793,4.523674631949266],[114.55245508807891,4.522761869051263],[114.52505715063558,4.5027305767930885],[114.5272793221043,4.501968123643575],[114.52916417363903,4.501654797090781],[114.53148044203557,4.50090903991397],[114.53305361661847,4.499873295477391],[114.53504543979167,4.498263275274605],[114.54419684704501,4.486539663080416],[114.56589970480627,4.500113984652404],[114.56513363456759,4.50072923718346],[114.56270457336174,4.501286171127311],[114.5556801820595,4.508047427545757],[114.55574539537437,4.509135547771654],[114.57500674885661,4.517397395293354],[114.57429601097559,4.517842464927226],[114.56986236255895,4.52337177337189]]]},"properties":{"id":321,"name":"Kg. Tarap","mukim":"MUKIM BUKIT SAWAT","area":10104598,"district":"Belait","mukimDisplayName":"Bukit Sawat"},"id":321},{"type":"Feature","geometry":{"type":"Polygon","coordinates":[[[114.53867858816086,4.660621449351491],[114.54781925081939,4.663009314526749],[114.5493496849456,4.6638095852161205],[114.55227318557675,4.664156521899442],[114.55942018392756,4.666695209703245],[114.56132294086147,4.668110568748617],[114.56318735708678,4.6690845840383925],[114.56527405466257,4.671881149960644],[114.56783988339025,4.676906544805284],[114.56951641804811,4.678611890494643],[114.5720763349024,4.679272303555725],[114.57401431985002,4.680780522602455],[114.57592033010879,4.683397239361585],[114.56114717935847,4.705539029619991],[114.55759241730266,4.710814348486519],[114.52437698947104,4.692998792828275],[114.52425117025291,4.692122517980893],[114.52391334703812,4.691760810568064],[114.52163239236326,4.6911328660825315],[114.52081225620881,4.69030384479703],[114.52055062505859,4.689343081695637],[114.52086532973242,4.6883926840641506],[114.52270750281511,4.687013439895683],[114.5230352905255,4.685979729081327],[114.52282867802558,4.68407828864196],[114.52297413238148,4.683252397897451],[114.52373659177044,4.681395337525356],[114.52468213877503,4.680625289727061],[114.5260559627032,4.680125145683563],[114.52634317056945,4.679414290003103],[114.52619624461954,4.676877273821414],[114.52729690376803,4.674884797570651],[114.52822916203479,4.673559160128451],[114.52897616163803,4.673003813271833],[114.53003029420016,4.672311787939834],[114.53132553326272,4.671926012629356],[114.53234800823519,4.670634611935925],[114.53240195662268,4.669287815391457],[114.53123527097632,4.6658263151517225],[114.53109839218133,4.664966397433597],[114.53127692259007,4.663868255762185],[114.53262558868458,4.662158007359688],[114.53349914229095,4.661227888544775],[114.53418566190908,4.661157409437687],[114.5370975544906,4.661382905822644],[114.53867858816086,4.660621449351491]]]},"properties":{"id":322,"name":"Kg. Pangkalan Dalai","mukim":"MUKIM TELISAI","area":20263664,"district":"Tutong","mukimDisplayName":"Telisai"},"id":322},{"type":"Feature","geometry":{"type":"Polygon","coordinates":[[[114.56988959328876,4.7251825146060815],[114.56840854871557,4.725936439376604],[114.5669394092144,4.727060907343578],[114.56518302149088,4.728216644004493],[114.56415351756364,4.729207112080665],[114.56354827018286,4.730634773250588],[114.56345005920963,4.7320608058512],[114.56365612595026,4.73307879441706],[114.5653569107076,4.735382495599254],[114.56427292275214,4.737004448726416],[114.56589733699825,4.7382047835446786],[114.56568106627361,4.7384942021192344],[114.57052628154533,4.742071037717352],[114.56902103614688,4.743657916313356],[114.5708217468411,4.745099322019019],[114.56859729570027,4.74741764491517],[114.56727383112847,4.746171571619487],[114.56529325809306,4.7445846064965815],[114.56409136067674,4.7434483157151455],[114.55944565351294,4.739601866935339],[114.55741670611486,4.73803196814793],[114.5550180665418,4.73598712863945],[114.5519154032567,4.733586917918989],[114.54796765589282,4.7303153766562565],[114.54738094856,4.730013966330588],[114.54453903839004,4.727992023274088],[114.54299250398576,4.726776022251502],[114.5438204288878,4.7258709052695655],[114.54446399370175,4.726320406361981],[114.54613791180341,4.724953081443831],[114.5453142554008,4.724237788837493],[114.54818391616246,4.721100519914775],[114.55069388537345,4.723288835779579],[114.5590633053189,4.717075429876734],[114.55881762016041,4.7167433783795945],[114.55969123798414,4.716093458730736],[114.55993686387367,4.7164255092864815],[114.56320782335044,4.713986767528781],[114.55759241730266,4.710814348486519],[114.56114717935847,4.705539029619991],[114.56338855967981,4.706263760292189],[114.56424319504714,4.705847430860535],[114.56399166467189,4.704825138259788],[114.56465749692623,4.70415966242927],[114.56537532584582,4.704797102407918],[114.56647516043226,4.705305656239112],[114.5675740525067,4.706556206665669],[114.56996803902011,4.709759629167799],[114.57052859808368,4.710966002330535],[114.57072195462176,4.712419402898098],[114.5700117321599,4.713629167916937],[114.5695447307597,4.714077768806299],[114.5676440285063,4.715065546685915],[114.56646236172622,4.7161326448448895],[114.56653230804976,4.716870599440147],[114.56724814647484,4.717781304367929],[114.56748313561945,4.718961704822825],[114.56733313824391,4.719570509390873],[114.56649274965838,4.721128942547361],[114.5663774369509,4.722382457884066],[114.56656702699966,4.723258774439729],[114.56706739843513,4.723624278378904],[114.56831561791545,4.7235135895435665],[114.56934269293683,4.72408347569564],[114.56988959328876,4.7251825146060815]]]},"properties":{"id":323,"name":"Kg. Telisai","mukim":"MUKIM TELISAI","area":5855784,"district":"Tutong","mukimDisplayName":"Telisai"},"id":323},{"type":"Feature","geometry":{"type":"Polygon","coordinates":[[[114.74205988275192,4.8203335805094705],[114.73630040936406,4.822829273943778],[114.73542929048429,4.822866724312376],[114.73506217375055,4.823365810052676],[114.73327110067981,4.824141195773388],[114.72981065107084,4.8240623241496765],[114.72885177005203,4.824610747930743],[114.72897826707684,4.823481109949591],[114.72635531319253,4.822665471813058],[114.72618899171326,4.824513954022072],[114.72409511852112,4.823774293110485],[114.72248475962965,4.8229532776617265],[114.7215633386986,4.823001316371392],[114.72116901292763,4.82333006245185],[114.71982122467305,4.823391701401392],[114.71910087281665,4.8234472780881825],[114.71675595590892,4.819917881454276],[114.71797946086366,4.819001014380368],[114.71820889339746,4.818522303606349],[114.71701063282111,4.817679687361937],[114.71768219960549,4.816234147467689],[114.72030185942941,4.816364368059085],[114.71964757463905,4.815036191350243],[114.70969434380042,4.805143684909753],[114.71852912320746,4.796750719709595],[114.7243631954656,4.791208232741516],[114.71828792646566,4.786949670313277],[114.71851547911567,4.785894194576151],[114.71784605071952,4.783474656572505],[114.71841280866975,4.782855817980472],[114.71869185359675,4.781909397020116],[114.71915649779093,4.781843075152136],[114.72042780426136,4.782513214925355],[114.72120897538476,4.78200454842665],[114.72150942018,4.781255330308322],[114.72230210939841,4.7802379229697465],[114.72223042230186,4.779195278595502],[114.72309545061879,4.778655282621285],[114.72445813223958,4.778962843542743],[114.72612095291325,4.7790106704287645],[114.72656449225258,4.779648682925549],[114.72761848466196,4.780378212705308],[114.73058187592106,4.780087704244672],[114.73112805793168,4.7798187510079275],[114.73139580545701,4.77994257990623],[114.73020911533732,4.78160382963233],[114.72984942227345,4.784112575987723],[114.72943892748235,4.784996901138356],[114.72971029030506,4.7867896903158655],[114.73076950891587,4.789498816581074],[114.73146363273827,4.791854632811134],[114.7321789100555,4.793046479720687],[114.7336464428355,4.794097161714042],[114.73397179617776,4.7948049334763825],[114.73393924482977,4.795780854495759],[114.73350657477619,4.798426093091341],[114.73451878128421,4.799881488997185],[114.73463063503084,4.800996010285152],[114.73587300974651,4.803126739174662],[114.73722929360008,4.804224071401154],[114.73837515967853,4.805856255288145],[114.73898257287397,4.806375137320115],[114.73972768413402,4.807539634161989],[114.739790216393,4.808507103430524],[114.7391474475557,4.810422903757407],[114.73853576979931,4.810172063554326],[114.73817528324213,4.811196922788415],[114.7370763903998,4.812876713965079],[114.73752276253863,4.813473577428123],[114.73660548448237,4.814381965693384],[114.73850914110301,4.816314558487207],[114.73820509922436,4.817784212835693],[114.74191605478984,4.820084166390775],[114.74205988275192,4.8203335805094705]]]},"properties":{"id":324,"name":"Kg. Luagan Dudok","mukim":"MUKIM KERIAM","area":9446663,"district":"Tutong","mukimDisplayName":"Keriam"},"id":324},{"type":"Feature","geometry":{"type":"Polygon","coordinates":[[[114.75758957511151,4.831280846517149],[114.75516287834347,4.83834870304011],[114.72812176891908,4.833646765060642],[114.7210593091855,4.834006509002148],[114.72019237883195,4.833110762952042],[114.70874565374056,4.832551745073282],[114.71920708618998,4.825747293290506],[114.7198543786134,4.825580717045489],[114.71982122467305,4.823391701401392],[114.72116901292763,4.82333006245185],[114.7215633386986,4.823001316371392],[114.72248475962965,4.8229532776617265],[114.72409511852112,4.823774293110485],[114.72618899171326,4.824513954022072],[114.72635531319253,4.822665471813058],[114.72897826707684,4.823481109949591],[114.72885177005203,4.824610747930743],[114.72981065107084,4.8240623241496765],[114.73327110067981,4.824141195773388],[114.73506217375055,4.823365810052676],[114.73542929048429,4.822866724312376],[114.73630040936406,4.822829273943778],[114.74205988275192,4.8203335805094705],[114.74857704057766,4.831641442091381],[114.75758957511151,4.831280846517149]]]},"properties":{"id":325,"name":"Kg. Bukit Panggal","mukim":"MUKIM KERIAM","area":5087372,"district":"Tutong","mukimDisplayName":"Keriam"},"id":325},{"type":"Feature","geometry":{"type":"Polygon","coordinates":[[[114.7604841262263,4.799198674289212],[114.75612707514024,4.806920648555241],[114.754943357937,4.807516420415329],[114.75500891040438,4.807783361466127],[114.75236082634328,4.80798977002765],[114.75271095454421,4.809556677848293],[114.75329936951621,4.811278668574434],[114.75582412587426,4.815836851704877],[114.75611847222937,4.816506898562148],[114.75614993835256,4.817735816675752],[114.75751922602309,4.819615973091478],[114.75894458913461,4.82138890711984],[114.76257488004623,4.825526329296094],[114.75950976883324,4.825942790062367],[114.75758957511151,4.831280846517149],[114.74857704057766,4.831641442091381],[114.74205988275192,4.8203335805094705],[114.74191605478984,4.820084166390775],[114.73820509922436,4.817784212835693],[114.73850914110301,4.816314558487207],[114.73660548448237,4.814381965693384],[114.73752276253863,4.813473577428123],[114.7370763903998,4.812876713965079],[114.73817528324213,4.811196922788415],[114.73853576979931,4.810172063554326],[114.7391474475557,4.810422903757407],[114.739790216393,4.808507103430524],[114.73972768413402,4.807539634161989],[114.73898257287397,4.806375137320115],[114.73837515967853,4.805856255288145],[114.73722929360008,4.804224071401154],[114.73587300974651,4.803126739174662],[114.73463063503084,4.800996010285152],[114.73451878128421,4.799881488997185],[114.73350657477619,4.798426093091341],[114.73393924482977,4.795780854495759],[114.73397179617776,4.7948049334763825],[114.7336464428355,4.794097161714042],[114.7321789100555,4.793046479720687],[114.73146363273827,4.791854632811134],[114.73076950891587,4.789498816581074],[114.72971029030506,4.7867896903158655],[114.72943892748235,4.784996901138356],[114.72984942227345,4.784112575987723],[114.73020911533732,4.78160382963233],[114.73139580545701,4.77994257990623],[114.75720678257996,4.7941747688872605],[114.75942142889755,4.797029001446684],[114.7604841262263,4.799198674289212]]]},"properties":{"id":326,"name":"Kg. Sinaut","mukim":"MUKIM KERIAM","area":10626687,"district":"Tutong","mukimDisplayName":"Keriam"},"id":326},{"type":"Feature","geometry":{"type":"Polygon","coordinates":[[[114.71982122467305,4.823391701401392],[114.7198543786134,4.825580717045489],[114.71920708618998,4.825747293290506],[114.70874565374056,4.832551745073282],[114.69238133570319,4.831752286035436],[114.6910872674658,4.830321288351099],[114.69006837623817,4.829456527937285],[114.6891843706671,4.828975269737548],[114.68816461830701,4.828927247124097],[114.68774207802386,4.828693287001743],[114.68763195723919,4.828525034471258],[114.68756568584159,4.828379199321336],[114.68754170937373,4.828313739639238],[114.68754167938664,4.828313654713887],[114.68755330844526,4.828189539349602],[114.6875885614815,4.82795327491173],[114.68768494378234,4.82763738730599],[114.68774667909098,4.82753352665942],[114.68774973891912,4.827497876585316],[114.68775456444567,4.827441658358905],[114.68775458538309,4.827441406889786],[114.68774130774321,4.827347514194459],[114.68771658295175,4.827226617865382],[114.68767480560768,4.8270688046833765],[114.68765919600325,4.827022988563961],[114.68666154978384,4.8251500317184],[114.68610139685106,4.824559107352033],[114.68503747637794,4.823868726073938],[114.68410538821335,4.823616378112728],[114.68237638883029,4.823708808509759],[114.68172695080229,4.823385056373659],[114.6806430342006,4.822098645607163],[114.68065703914745,4.8215053390800815],[114.68081770476935,4.8200139197506715],[114.68079415990519,4.818531289848195],[114.68017114209901,4.817107895181826],[114.68011718458605,4.816013856915363],[114.68069567724896,4.81494360162783],[114.681067580802,4.81283933511759],[114.6804018693751,4.81216340434175],[114.67953580480079,4.810690869949628],[114.6791879360941,4.8095556088300615],[114.67818226144837,4.80861458586701],[114.67731370427961,4.808518201416626],[114.67714423675379,4.809095889728941],[114.67649404625165,4.8092329039653405],[114.67468731412008,4.807295677503015],[114.6744338607737,4.806557963540369],[114.67472485323894,4.805873335071052],[114.67453619504771,4.805135438599858],[114.67328385004376,4.804031290825662],[114.67264383032477,4.804095474329799],[114.67193739768484,4.803432281382467],[114.67109654528055,4.802682891323237],[114.67075484360286,4.801773832352401],[114.67306246930454,4.801077281575323],[114.67377484498616,4.800736167697027],[114.67463782212596,4.80065859293235],[114.67636529125987,4.801049439061421],[114.67884382220862,4.801437622453026],[114.67936957170026,4.801662247647352],[114.68223991573623,4.803590636955606],[114.68512502947209,4.8046514783132634],[114.68598696447948,4.804613038842031],[114.68727783748955,4.803825733870505],[114.69139426898298,4.801958571917776],[114.69462508138905,4.8013009378353955],[114.69650023988717,4.800737174455798],[114.6980488474874,4.799920686975609],[114.70097556613639,4.801112163937291],[114.70233346503028,4.800919044142793],[114.70288421261863,4.800609445134757],[114.70465675360185,4.798785681067821],[114.70626705548193,4.797970474565916],[114.70723561693819,4.797820564076703],[114.70979504725426,4.798298386929076],[114.71113155030747,4.7982760790348715],[114.71182066187468,4.796480101374971],[114.71259322289056,4.795708078246016],[114.7137996276733,4.795134346925709],[114.7144034238989,4.795659426092974],[114.71526967567374,4.795745148305016],[114.71627726313454,4.796198993255713],[114.71718131594504,4.796901831523725],[114.71852912320746,4.796750719709595],[114.70969434380042,4.805143684909753],[114.71964757463905,4.815036191350243],[114.72030185942941,4.816364368059085],[114.71768219960549,4.816234147467689],[114.71701063282111,4.817679687361937],[114.71820889339746,4.818522303606349],[114.71797946086366,4.819001014380368],[114.71675595590892,4.819917881454276],[114.71910087281665,4.8234472780881825],[114.71982122467305,4.823391701401392]]]},"properties":{"id":327,"name":"Kg. Keriam","mukim":"MUKIM KERIAM","area":13445687,"district":"Tutong","mukimDisplayName":"Keriam"},"id":327},{"type":"Feature","geometry":{"type":"Polygon","coordinates":[[[114.49185742903578,4.518813681508736],[114.48663047222374,4.51882922102238],[114.48586254429068,4.518735403426883],[114.48420793100762,4.5192362552539205],[114.48333054078253,4.5192854380363805],[114.48220296433567,4.519729528121025],[114.48073390772967,4.519892159710362],[114.48016054159855,4.520553277494805],[114.47909663831074,4.522327493555665],[114.47862804501031,4.522772980450845],[114.47763102082571,4.522295381932611],[114.47675300818292,4.521442721975965],[114.47614648339089,4.521252385260678],[114.47552508358659,4.521852577997946],[114.47540335990654,4.522927699414121],[114.4750449590873,4.523296028360437],[114.47485984700879,4.5242514798804505],[114.47423648954906,4.5247476724362325],[114.47334425396512,4.524500415307396],[114.47328177315647,4.5225324087228636],[114.47305886922497,4.5219247844809605],[114.47228210307821,4.521238038423972],[114.47203349904592,4.520711872257667],[114.47082067949543,4.519979901134565],[114.46971712298102,4.519686268267476],[114.46878346208058,4.519756217702951],[114.46716879287226,4.519580053172658],[114.46658340592259,4.519946985431131],[114.46489346468965,4.5189658249920335],[114.46393874809587,4.519393334295358],[114.4621517227978,4.5187702158504],[114.46127242037885,4.518952781670461],[114.42151112741297,4.51906868594985],[114.42138476433111,4.469407303232465],[114.44871455858602,4.469318294294234],[114.4488281812986,4.469991947808289],[114.44931927524813,4.470566352607819],[114.45021314356174,4.469988410959081],[114.45115183774102,4.469901873329724],[114.45190679610053,4.4703491316877315],[114.45278717295407,4.469967789820476],[114.45348782323313,4.470429328908455],[114.454233370354,4.4720420737422515],[114.45519893554835,4.472151928028869],[114.45561780055266,4.471827924393766],[114.4565688367506,4.471727206319718],[114.45722685893088,4.471927153725839],[114.45765053385254,4.473493528191278],[114.45785013675147,4.474967264346521],[114.45988156377895,4.476113375434023],[114.46061109708621,4.476925848033628],[114.46167329401995,4.477041539047003],[114.46283868856942,4.476922407740399],[114.46345162708133,4.475887844922236],[114.46458956743925,4.475112229302356],[114.46544625548293,4.475134896811599],[114.46671079959302,4.4756366931106975],[114.46789923202267,4.475665283985516],[114.49161506936882,4.475611266496934],[114.49185742903578,4.518813681508736]]]},"properties":{"id":307,"name":"Kg. Sungai Petai","mukim":"MUKIM LABI","area":40412376,"district":"Belait","mukimDisplayName":"Labi"},"id":307},{"type":"Feature","geometry":{"type":"Polygon","coordinates":[[[114.4913708752427,4.4324084143506886],[114.49146518744566,4.448911918969455],[114.4721250867051,4.44897960983248],[114.4712958976919,4.448361487200939],[114.47032894107006,4.4482272583734686],[114.4698686080609,4.447477652991528],[114.469395838156,4.447539256555682],[114.46893672770733,4.446695674049192],[114.46790651820015,4.446813917369711],[114.4675794629375,4.446214185535209],[114.465977389157,4.445763257962531],[114.46530378178845,4.445794555723269],[114.46307276354733,4.445381653838924],[114.46196654823032,4.444688393757622],[114.46186202189644,4.445630647466077],[114.4600212733141,4.444388452598275],[114.42132087814204,4.444344643499408],[114.42129035300601,4.4323808864207175],[114.46015833962667,4.432281527818561],[114.46193946800975,4.43287074185974],[114.46275028174595,4.432589421798712],[114.46350738045447,4.43288535810542],[114.46407454902403,4.43268549433332],[114.46505749517459,4.432868338893631],[114.46530336942678,4.431730138241855],[114.46616266703379,4.432105506961645],[114.46643161558262,4.431084815621306],[114.46897595307081,4.43137918847654],[114.49135269384222,4.431329681296992],[114.4913708752427,4.4324084143506886]]]},"properties":{"id":308,"name":"Kg. Tanajor","mukim":"MUKIM LABI","area":12009709,"district":"Belait","mukimDisplayName":"Labi"},"id":308},{"type":"Feature","geometry":{"type":"Polygon","coordinates":[[[114.49161506936882,4.475611266496934],[114.46789923202267,4.475665283985516],[114.46671079959302,4.4756366931106975],[114.46544625548293,4.475134896811599],[114.46458956743925,4.475112229302356],[114.46345162708133,4.475887844922236],[114.46283868856942,4.476922407740399],[114.46167329401995,4.477041539047003],[114.46061109708621,4.476925848033628],[114.45988156377895,4.476113375434023],[114.45785013675147,4.474967264346521],[114.45765053385254,4.473493528191278],[114.45722685893088,4.471927153725839],[114.4565688367506,4.471727206319718],[114.45561780055266,4.471827924393766],[114.45519893554835,4.472151928028869],[114.454233370354,4.4720420737422515],[114.45348782323313,4.470429328908455],[114.45278717295407,4.469967789820476],[114.45190679610053,4.4703491316877315],[114.45115183774102,4.469901873329724],[114.45021314356174,4.469988410959081],[114.44931927524813,4.470566352607819],[114.4488281812986,4.469991947808289],[114.44871455858602,4.469318294294234],[114.42138476433111,4.469407303232465],[114.42132087814204,4.444344643499408],[114.4600212733141,4.444388452598275],[114.46186202189644,4.445630647466077],[114.46196654823032,4.444688393757622],[114.46307276354733,4.445381653838924],[114.46530378178845,4.445794555723269],[114.465977389157,4.445763257962531],[114.4675794629375,4.446214185535209],[114.46790651820015,4.446813917369711],[114.46893672770733,4.446695674049192],[114.469395838156,4.447539256555682],[114.4698686080609,4.447477652991528],[114.47032894107006,4.4482272583734686],[114.4712958976919,4.448361487200939],[114.4721250867051,4.44897960983248],[114.49146518744566,4.448911918969455],[114.49149134514339,4.4535702076229935],[114.49161506936882,4.475611266496934]]]},"properties":{"id":309,"name":"Kg. Tapang Lupak","mukim":"MUKIM LABI","area":22975408,"district":"Belait","mukimDisplayName":"Labi"},"id":309},{"type":"Feature","geometry":{"type":"Polygon","coordinates":[[[114.49071163076584,4.393300800402936],[114.47095464854436,4.39335329527474],[114.46767022718001,4.394246325699946],[114.46670045562533,4.394083040112348],[114.4646134229228,4.393747245887157],[114.46459952368551,4.389285731308911],[114.46350341446755,4.389275698505508],[114.46360574863726,4.387701652638167],[114.46497847110165,4.3878452571663535],[114.46524444103142,4.386150619024538],[114.46506081229965,4.385907166711375],[114.46687044724099,4.385350808897487],[114.46657037801242,4.384284382932232],[114.46681147229609,4.3834336103099405],[114.4672872684494,4.382754076549101],[114.46831415384479,4.382642893928654],[114.49053109584517,4.382592003956574],[114.49067464643572,4.391107000455272],[114.49071163076584,4.393300800402936]]]},"properties":{"id":310,"name":"Kg. Terawan","mukim":"MUKIM LABI","area":3383044.75,"district":"Belait","mukimDisplayName":"Labi"},"id":310},{"type":"Feature","geometry":{"type":"Polygon","coordinates":[[[114.4911684793358,4.420401153988273],[114.47030589994961,4.420445811689904],[114.46883528465597,4.420910430502315],[114.46853935450049,4.420766901200811],[114.46688374280606,4.421402221940201],[114.46698790051066,4.4219860529323896],[114.46549883503992,4.42205064007081],[114.46536825365934,4.423153139771312],[114.46429253096325,4.4230701433398325],[114.46379820542049,4.423263070713278],[114.46402146375357,4.424448669037817],[114.46317637985356,4.424667714225421],[114.46367126248131,4.425728013597783],[114.46212274250114,4.426337079386198],[114.42127515927069,4.426429131309117],[114.42123058379087,4.408975597149013],[114.43698786697524,4.408936764173423],[114.44946714298237,4.408376530865055],[114.4510875306104,4.407784518223253],[114.45469944727711,4.407277830030795],[114.45594117277348,4.406605383093807],[114.45605146838292,4.407455243729957],[114.45624761041348,4.40840046621329],[114.45734976947314,4.408714677532874],[114.45863698440971,4.410012215266355],[114.45953373916761,4.41157497868868],[114.46016663694537,4.413144487210261],[114.46236253383331,4.412002423466807],[114.46377223244198,4.41621514487438],[114.46408850187521,4.414914859604425],[114.46538209080231,4.414975127210224],[114.46599371250818,4.417036721761216],[114.46655094267321,4.416558424865423],[114.46856864843068,4.416635750921906],[114.469670367142,4.416048152402398],[114.47050018956317,4.416380631591423],[114.47102236914802,4.416207445528227],[114.49109678154073,4.416147887274936],[114.4911684793358,4.420401153988273]]]},"properties":{"id":311,"name":"Kg. Terunan","mukim":"MUKIM LABI","area":10549216,"district":"Belait","mukimDisplayName":"Labi"},"id":311},{"type":"Feature","geometry":{"type":"Polygon","coordinates":[[[114.28037824577443,4.542474716758133],[114.2790385713215,4.54532747128914],[114.27775441808474,4.546621811807621],[114.27696426308644,4.546883619410467],[114.2757433333843,4.546852456095655],[114.27499768623123,4.547070952876488],[114.27448835091444,4.547584464589638],[114.2741582977526,4.549201034676282],[114.273473890227,4.550424334747649],[114.27141694399467,4.552498138983855],[114.27021452920133,4.553873745094213],[114.26952136047387,4.554954266090413],[114.26753772742538,4.558639851918565],[114.2667215804394,4.559947632508961],[114.2641159470397,4.563214134833059],[114.26041940132586,4.566587931486619],[114.2590734385122,4.567491914345591],[114.25806856595352,4.567946467150588],[114.25482946433561,4.568958399565589],[114.2537833581186,4.569692590090968],[114.2521535558343,4.57106556227578],[114.25121983849533,4.571702539481622],[114.24976353045491,4.572340723631582],[114.24828116627377,4.573613784621143],[114.24729382358966,4.574858109515562],[114.24691051809899,4.5756318217487655],[114.2459781773039,4.576876016322729],[114.2450786806162,4.5773811824306065],[114.24437320336311,4.577471322065825],[114.2432006090019,4.577075594419278],[114.24149284697152,4.5760030680512545],[114.24011555349445,4.575730402959886],[114.2380374386239,4.575607297606057],[114.23582462507974,4.57505000681719],[114.2347590235012,4.574510362159346],[114.23398179190391,4.573980531618464],[114.23354086374431,4.573356732375292],[114.2334526328487,4.572157312971963],[114.23389094994099,4.5713834817779615],[114.23523480373488,4.5696691410149395],[114.23553585306571,4.569006029309024],[114.23658663340751,4.565415479596027],[114.23669445887408,4.564449190690416],[114.23649747158835,4.56248996296587],[114.23646275481362,4.5593159062590045],[114.23618400655442,4.557688076314638],[114.23529220993893,4.555722748973544],[114.23456176330754,4.555011056805599],[114.23262786316238,4.554135657945736],[114.22971170473791,4.553847410388769],[114.2273787476811,4.553154956871097],[114.22218262110884,4.552427967011432],[114.22088735332996,4.552403548853419],[114.21971531610002,4.552611436201768],[114.21520107246299,4.552905653616017],[114.21234174312221,4.552939730247673],[114.20968692767921,4.553111336526789],[114.20856030856359,4.553583098597606],[114.20770897535961,4.554164639882195],[114.20655714298242,4.555657697915232],[114.20584379971324,4.55833988246125],[114.2058121557256,4.558935626905199],[114.19365949497057,4.553704239763047],[114.18649908397363,4.550715223714631],[114.1881889744509,4.54906788912416],[114.19074972164977,4.546296011074101],[114.19894318860312,4.530883156278097],[114.21358554609812,4.535696821620873],[114.24870033196032,4.514108470319367],[114.27317702552726,4.533054647608476],[114.28037824577443,4.542474716758133]]]},"properties":{"id":397,"name":"Kg. Sungai Melilit","mukim":"MUKIM KUALA BELAIT","area":34547864,"district":"Belait","mukimDisplayName":"Kuala Belait"},"id":397},{"type":"Feature","geometry":{"type":"Polygon","coordinates":[[[114.1817606648169,4.589227682898273],[114.18083081674294,4.588787224124434],[114.17928320603589,4.591127813628924],[114.17822406559218,4.5921769254784355],[114.17707607932489,4.594438274369619],[114.1762496765062,4.593136238353519],[114.17553461446929,4.592531800522499],[114.17414206068499,4.591763580390436],[114.17192601436159,4.591015540124417],[114.17045902805722,4.590624431688564],[114.16245476201215,4.589969125313777],[114.15848159387633,4.589711069134785],[114.1523918635115,4.58951103751638],[114.15023853106622,4.589366527426211],[114.14886994859116,4.589549530517099],[114.14750178364528,4.58940329982388],[114.14176131516935,4.589087414279573],[114.14040366013467,4.5888507181594145],[114.13700145136147,4.588761450695113],[114.13520764319674,4.588561865090674],[114.13143662382235,4.588392552322986],[114.1294472788969,4.588150140121825],[114.12702991734946,4.588060403714645],[114.12089199633925,4.587687302461128],[114.12060010797394,4.587759429419805],[114.11741963904967,4.587577198428528],[114.1136409085671,4.587614406041964],[114.10495840886968,4.587435699015086],[114.10305697961057,4.587472248288142],[114.10192388384503,4.587676434279365],[114.09857919888469,4.587605829869949],[114.0882882651892,4.587905135383153],[114.08421115404947,4.587728352793492],[114.0827865529574,4.587919564577816],[114.07950073849989,4.587848762553922],[114.07593281311551,4.588022407545244],[114.075934620732,4.583948486620676],[114.0993434416365,4.581164963481198],[114.1443911219421,4.575806512035896],[114.16303405128784,4.5735882021158],[114.18649908397363,4.550715223714631],[114.19365949497057,4.553704239763047],[114.2058121557256,4.558935626905199],[114.20541302027101,4.561118208090871],[114.20462057883819,4.562921133440013],[114.20322253658946,4.565021953008914],[114.20152206343319,4.567178650785539],[114.1991348227184,4.569723300708017],[114.19606419121182,4.574173929529085],[114.19450126287504,4.576357893881464],[114.19332131554097,4.577602574330409],[114.18980821868634,4.5810053191448965],[114.18673376830237,4.583772250052791],[114.1851143883204,4.585321496281709],[114.1817606648169,4.589227682898273]]]},"properties":{"id":398,"name":"Kg. Sungai Teraban","mukim":"MUKIM KUALA BELAIT","area":22671288,"district":"Belait","mukimDisplayName":"Kuala Belait"},"id":398},{"type":"Feature","geometry":{"type":"Polygon","coordinates":[[[114.4643303241459,4.663116448475724],[114.46338793673468,4.663720318292551],[114.46308623723941,4.664479294213525],[114.46204122143023,4.66478658715745],[114.46154129369039,4.664530607824408],[114.46089768259287,4.663482937178634],[114.46081446440245,4.662589545549436],[114.46174269400588,4.661456644723214],[114.46114096667594,4.660963984466588],[114.4595983354958,4.661929201158274],[114.45974155801716,4.662538112288618],[114.46041092655585,4.663098298842514],[114.46023130146791,4.664107442717457],[114.45934209758593,4.664664816477785],[114.45822143094091,4.664403640096192],[114.4577795003455,4.6630643581221936],[114.45676677142222,4.662796137618418],[114.45614806024457,4.663596531639814],[114.45621847755223,4.664767513086582],[114.45726702357052,4.665861548417049],[114.45659464070685,4.666783932004851],[114.45655734466676,4.668049961554182],[114.45567547769954,4.668844250550649],[114.45462752663126,4.6679871514687585],[114.45454526845784,4.6674728624558925],[114.45492100780129,4.666639238079219],[114.45439268100296,4.665821441599832],[114.45340780610007,4.665898400163004],[114.45072523723915,4.664307533550093],[114.45015833845592,4.664248039269997],[114.4493441611574,4.665130157032388],[114.44851473986036,4.665315032943945],[114.44776982146843,4.6642202214001385],[114.44683070257197,4.663708093761984],[114.44590755362923,4.664184301345528],[114.44457758587413,4.663862707441027],[114.44410429814876,4.663464488297492],[114.44361590822531,4.662423185169531],[114.44262851487127,4.661491453072757],[114.4410621392489,4.661062134786669],[114.44032750542867,4.661055478613241],[114.44033097355864,4.660408550682688],[114.43989932389563,4.65877162641839],[114.44004399034563,4.65805286584334],[114.44509419196135,4.6587325448974255],[114.44604006851648,4.658756160343117],[114.44901683691477,4.657474638100006],[114.44963844574866,4.657356065612508],[114.4543833142133,4.657355082239261],[114.45665453974037,4.656895837843675],[114.45816166260124,4.656515475658416],[114.45918504911673,4.656447875897495],[114.45984637981392,4.656667200101001],[114.46277894828629,4.658414764200223],[114.46402004409619,4.658673870715861],[114.46435507988956,4.659063022308665],[114.4643303241459,4.663116448475724]]]},"properties":{"id":399,"name":"Kg. Sungai Bakong","mukim":"MUKIM LIANG","area":1913117.5,"district":"Belait","mukimDisplayName":"Liang"},"id":399},{"type":"Feature","geometry":{"type":"Polygon","coordinates":[[[114.44289760417949,4.640270962978961],[114.44061214335754,4.6445411219069666],[114.43981635986742,4.6462271324564846],[114.43802146460962,4.64659090243021],[114.4367651684628,4.6475707831716555],[114.4362302520089,4.648430969908487],[114.43365973217702,4.655513820696154],[114.42936980736289,4.653676652270631],[114.43112375543114,4.648983435765713],[114.43285322117163,4.648774575421402],[114.43276256691804,4.648051099398549],[114.43319367534393,4.646969706465382],[114.43406940072818,4.646034036492102],[114.43499089278926,4.644589559017046],[114.43571858694011,4.64219373709221],[114.43622019471171,4.6416156107706845],[114.43427121060627,4.640768318570514],[114.43605509760752,4.636080641527904],[114.44289760417949,4.640270962978961]]]},"properties":{"id":400,"name":"Perumahan Negara Lumut Kawasan 1","mukim":"MUKIM LIANG","area":1146794.125,"district":"Belait","mukimDisplayName":"Liang"},"id":400},{"type":"Feature","geometry":{"type":"Polygon","coordinates":[[[114.63244616591925,4.707221643234835],[114.63184255828108,4.708936804181004],[114.63131402701626,4.709525245198532],[114.62873734355989,4.711251737496508],[114.62661359333272,4.712558995249426],[114.62170026903897,4.715421740260041],[114.61968009032809,4.716288096374728],[114.61768527909062,4.717369728233237],[114.61736307650554,4.7146820972852685],[114.61683563912437,4.7138054498880795],[114.61578237885972,4.712649314795606],[114.61469438888342,4.711774192447213],[114.61361895933756,4.711168085895548],[114.59733932227839,4.711437725312119],[114.58534484293794,4.687690307160263],[114.58024174549804,4.685490290013171],[114.57764809265595,4.684864750419776],[114.57592033010879,4.683397239361585],[114.57401431985002,4.680780522602455],[114.5720763349024,4.679272303555725],[114.56951641804811,4.678611890494643],[114.56783988339025,4.676906544805284],[114.56527405466257,4.671881149960644],[114.56318735708678,4.6690845840383925],[114.56132294086147,4.668110568748617],[114.55942018392756,4.666695209703245],[114.55227318557675,4.664156521899442],[114.5493496849456,4.6638095852161205],[114.54781925081939,4.663009314526749],[114.53867858816086,4.660621449351491],[114.540191046546,4.658674371957144],[114.54063809453656,4.657078962658423],[114.54050144208836,4.656308632750779],[114.53991389151095,4.655019760815105],[114.53982631550815,4.653629808453568],[114.54034990606306,4.653084110097467],[114.54195867295736,4.6519728628275425],[114.5425644221516,4.650750363748505],[114.54245059678665,4.6496637257959055],[114.5428885343415,4.649108925532469],[114.5450496149361,4.6480993625162945],[114.54605187719716,4.647282777648934],[114.54669135582155,4.646252081550381],[114.5473299057275,4.644470537880314],[114.54780187474168,4.643546769504829],[114.54941231480466,4.643295777937154],[114.55069712980684,4.6434630707900455],[114.55147591415312,4.643994583720351],[114.55197494887972,4.645464841072655],[114.55251640280784,4.646143377419217],[114.55367684868821,4.646356498420726],[114.5548818786427,4.645959049842464],[114.55586151050338,4.645324232522872],[114.55699690427582,4.644157400503261],[114.55722121303498,4.643557090642434],[114.55706155867806,4.642402744830626],[114.55748599751892,4.6407952237066725],[114.55805968250338,4.64024033458673],[114.55934361135782,4.639434850013231],[114.56255206576006,4.638502705997706],[114.56324976436309,4.637981958530237],[114.56340730175167,4.637484132353737],[114.56418314048165,4.636690734225102],[114.56547627626661,4.635749275599046],[114.56662051366958,4.633042982361994],[114.56936738732432,4.631614068963432],[114.57022132880137,4.6305384003104715],[114.57074809621152,4.628658428833835],[114.57064399026865,4.627640434382142],[114.5702474681116,4.6265997665199805],[114.57010986730705,4.6250607146551035],[114.5704793535459,4.623985493823338],[114.57058771310052,4.621733302204779],[114.57148465628113,4.6192537488338425],[114.5727664009522,4.617645035532921],[114.57313527600382,4.616343436014249],[114.57361795690818,4.615471392501195],[114.57468789916156,4.614711382773046],[114.57516934943848,4.613590637720236],[114.57403045529163,4.612573443342098],[114.57203464223937,4.611715963843745],[114.57105446899449,4.6117058752437945],[114.56998320789275,4.611334561151395],[114.56878732483062,4.610701870963492],[114.56865113140417,4.610113542415314],[114.5695714794264,4.60817739672655],[114.57004178738254,4.606467704904532],[114.56972349185098,4.604974631673342],[114.56992495289887,4.604476680703899],[114.57161459971988,4.603750338975617],[114.5721515813246,4.602120163220245],[114.57246594273701,4.601712346845258],[114.57395158113755,4.600532658626729],[114.57472810935059,4.600226754931036],[114.57632725561653,4.599998057705514],[114.57711507888722,4.5997031419577885],[114.57861330372624,4.599441361009339],[114.57994069414619,4.598699581509071],[114.5823445221774,4.600476716086435],[114.58460074315337,4.60182070332756],[114.58610108898031,4.6031879236326345],[114.58779533142774,4.605437804955915],[114.58838390964605,4.606670697329127],[114.59023550769857,4.608988259344972],[114.59152343433576,4.610955481127764],[114.59261874773821,4.612096559487072],[114.5939833716273,4.613045857022835],[114.59445831204962,4.613701378285017],[114.59576699000715,4.6150009890975765],[114.59703397557801,4.61734159987204],[114.59822244454305,4.620226180880863],[114.59880153813666,4.6227379435115346],[114.59938953368821,4.6237447324818195],[114.59975173195879,4.624784635877665],[114.60067791569661,4.626073407811648],[114.60396190340855,4.62894324074697],[114.6049999806989,4.629734576448701],[114.6062974039892,4.631023180599939],[114.60910771615379,4.6332821304058385],[114.61163576282499,4.6355197972953235],[114.61267304524156,4.636219557288944],[114.61383614555699,4.637406773380955],[114.61529329912764,4.639214946250411],[114.61670654105636,4.641860918171601],[114.61689219996475,4.642449738715204],[114.61739812181182,4.644281919093993],[114.61755786262043,4.6454365444448795],[114.618533886403,4.6486715548158974],[114.61867163816864,4.650232927733697],[114.6190568853605,4.651657966006684],[114.61918327019266,4.652767462930894],[114.61984242574346,4.655482468621248],[114.62047695852291,4.657427688817085],[114.62126851213681,4.65931652098344],[114.62221937187316,4.661159978426854],[114.62289842707939,4.662901589097616],[114.6236101043054,4.663794972982202],[114.62477083984218,4.664723308017181],[114.6253034659889,4.665433755783629],[114.6263527431853,4.666383018129174],[114.62723425430961,4.66778521072841],[114.62881510627089,4.669683737396306],[114.62947672223214,4.671013898558477],[114.63001531537103,4.672884478384692],[114.63039980466844,4.673608902052412],[114.63089945594932,4.675452456463076],[114.63156826715121,4.677352351342468],[114.63204417066592,4.6791626214719715],[114.63220559337513,4.681131736403362],[114.63236068060813,4.685114231665083],[114.6321872299898,4.688338549997896],[114.63190909454627,4.6907731761534475],[114.63185735711646,4.693285778360558],[114.63170246208793,4.694949400560102],[114.63188418983933,4.695481633241485],[114.63323990908593,4.6974367243711015],[114.6340998446114,4.6993824352339715],[114.63413496594988,4.700072204477255],[114.63356782036581,4.70405666828742],[114.63244616591925,4.707221643234835]]]},"properties":{"id":401,"name":"Hutan Simpan Andulau","mukim":"MUKIM UKONG","area":66131816,"district":"Tutong","mukimDisplayName":"Ukong"},"id":401},{"type":"Feature","geometry":{"type":"Polygon","coordinates":[[[114.65203455316207,4.740336527199396],[114.65210346323121,4.746037561632346],[114.65098700198159,4.746014874666264],[114.64985190081417,4.746275751002228],[114.64919299573707,4.746992582627109],[114.64793465666405,4.747592319463021],[114.64768016138301,4.747939272974836],[114.63918277712611,4.753193637049291],[114.63913013794948,4.753806446169834],[114.63766734055059,4.7552573502886295],[114.63621038885402,4.754626593485022],[114.6268705381851,4.7519015530033295],[114.62604707958062,4.751554687257674],[114.62133034714465,4.749175833999443],[114.62204763255049,4.748393031157455],[114.62263375510564,4.748288646167999],[114.62401186405819,4.746810697617499],[114.62515249474157,4.7463011442376475],[114.62586721428484,4.744968653811803],[114.62650491655928,4.743283103050928],[114.62985847300254,4.741288861762209],[114.63402127746008,4.73834450061964],[114.6352103919578,4.738060320984592],[114.63688869255904,4.737212396655095],[114.63804372234668,4.7370340066508705],[114.63741117883494,4.736262792601199],[114.63688553129244,4.736053408475586],[114.63546282920832,4.734146559096253],[114.6352338735728,4.731585574759608],[114.63491033333042,4.730702726225453],[114.63343377885205,4.728458862530713],[114.63269674572535,4.727793632237834],[114.63122601851951,4.727481414112379],[114.6274455409073,4.727632221055877],[114.62586747305515,4.726793781367456],[114.6237302550665,4.726061997015075],[114.62127612466256,4.724804280487723],[114.61962691618818,4.723280963421466],[114.6192392820427,4.722438985383786],[114.61888324445412,4.720156998590909],[114.61789802927818,4.718333429583562],[114.61768527909062,4.717369728233237],[114.61968009032809,4.716288096374728],[114.62170026903897,4.715421740260041],[114.62661359333272,4.712558995249426],[114.62873734355989,4.711251737496508],[114.63131402701626,4.709525245198532],[114.63184255828108,4.708936804181004],[114.63244616591925,4.707221643234835],[114.63592495765873,4.70756197606339],[114.64259569315426,4.711465800223847],[114.64344073701425,4.713023378802161],[114.64695634942002,4.713917006643547],[114.64761988047323,4.713870236898651],[114.64831837394553,4.712604452129312],[114.64904921183845,4.709178388205051],[114.65277630220511,4.708829831382058],[114.65433007409297,4.710108427826442],[114.65499819808927,4.710093857999558],[114.65689693118485,4.708922801445455],[114.65999621577961,4.706550615575962],[114.66108888544176,4.7094891124351035],[114.65695657558217,4.726999542963281],[114.65611094202475,4.728331077709019],[114.65712214778634,4.72891611317846],[114.65663702186741,4.729514344972742],[114.65651370975714,4.730563748450861],[114.65603608418678,4.730610289384669],[114.65525128737723,4.732845829696466],[114.65226729950327,4.7329281931648675],[114.65007085260268,4.731971283153097],[114.64993104596184,4.733110229556896],[114.64953345528843,4.733486563540911],[114.6489868994371,4.73517334176744],[114.64811668700091,4.73668162366277],[114.64822647691301,4.737835004878639],[114.64777889976081,4.738802995780738],[114.65203455316207,4.740336527199396]]]},"properties":{"id":402,"name":"Kg. Bukit Udal","mukim":"MUKIM TANJONG MAYA","area":14289404,"district":"Tutong","mukimDisplayName":"Tanjong Maya"},"id":402},{"type":"Feature","geometry":{"type":"Polygon","coordinates":[[[114.78203007179415,4.499823472666277],[114.78124828433369,4.502017224010536],[114.78123027965674,4.503751504876769],[114.78196576019343,4.506016886641457],[114.78277021939773,4.508945959756077],[114.78364016732985,4.511769867358975],[114.78409016673248,4.513640520928017],[114.7844622200526,4.516431817248521],[114.784982416595,4.518649214574913],[114.78563815213573,4.522714053242987],[114.78621386737481,4.528105792856888],[114.78633142572292,4.530159889211364],[114.78636720275107,4.53352110566056],[114.78620780824578,4.535249577799769],[114.78583643105557,4.536721203557341],[114.78453722810207,4.539685873159647],[114.78315098647516,4.543321197870996],[114.78212545685003,4.546459722132921],[114.78115029412277,4.549874217677043],[114.78054954539505,4.5515028037740235],[114.78041581229206,4.552576344016292],[114.77935628243303,4.5556530583378185],[114.7787598360142,4.558178975763165],[114.77781441471205,4.560602193039655],[114.77738963380851,4.562506382146489],[114.77574517713074,4.566282618903399],[114.77498077833904,4.567047113566182],[114.77400141078515,4.567497675203016],[114.77174331777877,4.567344342829765],[114.77078968706428,4.566189212072099],[114.76990208867247,4.5629483733796254],[114.76944745231535,4.560605020578465],[114.76895376013346,4.556842134071108],[114.76886347639594,4.555434062090555],[114.76850972750047,4.552527979953974],[114.76795715547375,4.550208084570445],[114.76787268316039,4.548473273204904],[114.76754973231895,4.547438668220283],[114.76776831960566,4.544937039941624],[114.7686798394893,4.543635684975395],[114.76870380613852,4.542581404677467],[114.76835435053782,4.540956181972293],[114.76655684359807,4.5409148214823],[114.76536827218311,4.541080815307108],[114.76527390825571,4.540010208511833],[114.7647282456639,4.5396726528708164],[114.7637962772527,4.539945858013614],[114.76151919202691,4.540208588238276],[114.75967220043118,4.541163907570175],[114.75743891298548,4.542933187804291],[114.75594163453357,4.544643790005469],[114.75498702779915,4.546049830764671],[114.75479548491163,4.546817162541477],[114.75394257246845,4.548331710480346],[114.7529833491736,4.548731317678818],[114.7499087106949,4.549371840959742],[114.74957295232115,4.5486078496934885],[114.74182087856722,4.541057339580016],[114.69925133062269,4.541737627034621],[114.6849993182447,4.531197374207727],[114.6562650346743,4.5099450072397165],[114.65659796311117,4.507534109600178],[114.65639065998874,4.505293452543518],[114.65659046170053,4.503822097970395],[114.65714154431019,4.5033008017463825],[114.65985328829926,4.501803187595405],[114.66355676918621,4.500066500289782],[114.66455815391112,4.4998500202513085],[114.66512176307829,4.499984943784158],[114.6666107215127,4.5009108877471204],[114.66871824988301,4.5014849130062125],[114.67034041891107,4.501505212262646],[114.67180382481156,4.500745056734551],[114.67255646163613,4.499997078124029],[114.67275876800132,4.49943096809998],[114.67243963074053,4.496893582051536],[114.67228335831572,4.494387386660803],[114.67239338776001,4.490638005878649],[114.67315167933086,4.487891257210001],[114.67355115588701,4.487342677335721],[114.67570526412197,4.48568283441604],[114.67576964854902,4.48563322227142],[114.71635372228627,4.488487432526199],[114.74127565880093,4.490239141481025],[114.76538904539137,4.491933283671227],[114.76580810578841,4.492132155114452],[114.78203007179415,4.499823472666277]]]},"properties":{"id":403,"name":"Kg. Supon Besar","mukim":"MUKIM RAMBAI","area":74589000,"district":"Tutong","mukimDisplayName":"Rambai"},"id":403},{"type":"Feature","geometry":{"type":"Polygon","coordinates":[[[114.6562650346743,4.5099450072397165],[114.65649504751563,4.554135106701743],[114.65151179402073,4.55992799832244],[114.64699535233429,4.567941103396738],[114.6462264156209,4.581596186375971],[114.6457411987812,4.588613765793556],[114.62443475466306,4.5773843025583245],[114.59356532280691,4.559675742156643],[114.5936564450763,4.559235663669628],[114.59462423577804,4.558227178394229],[114.5988477268288,4.5576445090156845],[114.60092078645567,4.557732124665426],[114.60329947870996,4.5589852902206305],[114.60458592366494,4.5600020508330665],[114.60562145531486,4.55946873746887],[114.60651849710005,4.557509688090761],[114.60726165892511,4.556965583994017],[114.60823042445399,4.556737968896667],[114.6090055966326,4.556159577304528],[114.60934204120906,4.555186150055447],[114.60938528364503,4.553895853750597],[114.60915698661573,4.552379638498555],[114.6097294929154,4.551428457114848],[114.6108654829124,4.550351660668837],[114.61259806911815,4.5491045008718975],[114.6139815888709,4.548333097711368],[114.61431962356319,4.54794808441285],[114.61449693915145,4.546872494678381],[114.61538962187238,4.546133339292476],[114.61580215002252,4.545682457248293],[114.61575346342447,4.5439399278966],[114.61628253335788,4.543588304670599],[114.61748681369838,4.543394225491208],[114.61847857600353,4.543551464123694],[114.62073086193412,4.543276777175966],[114.62160909743389,4.542494599337273],[114.62164153732583,4.54179303588083],[114.62127612465291,4.5393716650223475],[114.62157722592642,4.538047302266658],[114.62229692557392,4.537378610558041],[114.62290040317211,4.534786123537251],[114.62342444294376,4.534041658312961],[114.62411549163005,4.533607618861616],[114.62529691811888,4.533300538006351],[114.62773047911969,4.533003000317969],[114.62932700255635,4.531868937396083],[114.63076935967842,4.531821990150905],[114.63177110854625,4.531311341772652],[114.63250056871763,4.530099403250285],[114.63332263615081,4.529588965663178],[114.63438091982901,4.529361065190739],[114.63547337088339,4.529472786257375],[114.63689365796294,4.530002727216099],[114.63802080890564,4.530238986402825],[114.63857260599764,4.52996641462257],[114.63872698148326,4.528551728878054],[114.63794789754917,4.527285182294014],[114.63698841971429,4.5261661009813805],[114.63685127513394,4.525453414555414],[114.63721141494594,4.524921080471206],[114.63804445853049,4.524716408454028],[114.63856195703873,4.524262770792548],[114.63921208063282,4.52267769315973],[114.6388720132196,4.521908480193898],[114.63848614280961,4.520256752750419],[114.63741470978631,4.519590468750142],[114.63555547865457,4.519604384913868],[114.63452854390451,4.518734482423906],[114.63377190901336,4.51763772714558],[114.63365786616872,4.516721202690094],[114.63398348847991,4.516132438490934],[114.63549072731837,4.515111934959918],[114.63655811378251,4.513492067202363],[114.63657821073818,4.5124053135986],[114.6360458112408,4.511127339639427],[114.63612226836277,4.50984852186336],[114.6370457888494,4.5093719947009765],[114.63877043950448,4.509992092737653],[114.64102319353061,4.509921112886249],[114.64233052374473,4.510145554822854],[114.64319699834417,4.5100199180097045],[114.64453640282396,4.509418150426001],[114.64523487674863,4.5094399481236],[114.64697136411216,4.510263487487951],[114.64872787433265,4.509774449385376],[114.6503950516255,4.509772055603145],[114.6535050548358,4.510311100626129],[114.65479093046751,4.510716747123904],[114.65542175371739,4.510715829718706],[114.6562650346743,4.5099450072397165]]]},"properties":{"id":404,"name":"Kg. Long Mayan","mukim":"MUKIM UKONG","area":29200868,"district":"Tutong","mukimDisplayName":"Ukong"},"id":404},{"type":"Feature","geometry":{"type":"Polygon","coordinates":[[[114.64310001474112,4.650017354825155],[114.64207501469801,4.651912488239984],[114.64206191212382,4.6524541425646095],[114.64266985603302,4.653363699113176],[114.64230315158042,4.653972203823426],[114.64113360216703,4.6544182451574905],[114.64082127347412,4.6549058317002245],[114.64162142693091,4.655415963589742],[114.64166356516697,4.656151423053796],[114.64014064051963,4.656984981154605],[114.6400567029141,4.658077619175876],[114.63910658599544,4.658811281640225],[114.6398544121457,4.659789475142677],[114.640430952149,4.660199093733683],[114.64036220663608,4.660793253634614],[114.63872814235644,4.661200665134479],[114.63774529283998,4.661258147224075],[114.63642048483827,4.66170963392165],[114.63552886095721,4.662303891799913],[114.63540383301921,4.661578804829103],[114.63274460434545,4.662160887448615],[114.63270972677024,4.663087154866164],[114.63220784479516,4.663775771199112],[114.63173213771535,4.663916537495119],[114.62989640999099,4.663664278669641],[114.62826597725224,4.663080437611265],[114.6275316170056,4.663828590129975],[114.62477083984218,4.664723308017181],[114.6236101043054,4.663794972982202],[114.62289842707939,4.662901589097616],[114.62221937187316,4.661159978426854],[114.62126851213681,4.65931652098344],[114.62047695852291,4.657427688817085],[114.61984242574346,4.655482468621248],[114.61918327019266,4.652767462930894],[114.6190568853605,4.651657966006684],[114.61867163816864,4.650232927733697],[114.618533886403,4.6486715548158974],[114.61755786262043,4.6454365444448795],[114.61739812181182,4.644281919093993],[114.61689219996475,4.642449738715204],[114.62377823931449,4.6370510343103195],[114.6242246625954,4.6371005183127965],[114.62589124354638,4.637845593662599],[114.63410213500674,4.640442472217038],[114.64310001474112,4.650017354825155]]]},"properties":{"id":405,"name":"Kg. Pak Bidang","mukim":"MUKIM UKONG","area":5978850,"district":"Tutong","mukimDisplayName":"Ukong"},"id":405},{"type":"Feature","geometry":{"type":"Polygon","coordinates":[[[114.68603453080786,4.601532297420292],[114.68335578585784,4.602674345869591],[114.67085181889186,4.608218697643011],[114.66973510153345,4.607728368436667],[114.6679416070874,4.60917194544139],[114.66723478666864,4.610433856120349],[114.66690421500086,4.610669076431953],[114.66588555660127,4.6124222082744275],[114.66642189334515,4.613256141115389],[114.66278774850313,4.613607433331294],[114.66147011485477,4.613584985806528],[114.66027213304214,4.6144557931043115],[114.65958484279427,4.615445363111648],[114.65614129302982,4.621413070381802],[114.63829552204716,4.616502131010715],[114.64528493101875,4.5952124516835395],[114.6457411987812,4.588613765793556],[114.6462264156209,4.581596186375971],[114.64699535233429,4.567941103396738],[114.65151179402073,4.55992799832244],[114.65649504751563,4.554135106701743],[114.6562650346743,4.5099450072397165],[114.6849993182447,4.531197374207727],[114.69925133062269,4.541737627034621],[114.69918295094742,4.562200852640102],[114.69906997889257,4.595974619416106],[114.68603453080786,4.601532297420292]]]},"properties":{"id":406,"name":"Kg. Merimbun","mukim":"MUKIM RAMBAI","area":50611212,"district":"Tutong","mukimDisplayName":"Rambai"},"id":406},{"type":"Feature","geometry":{"type":"Polygon","coordinates":[[[114.43605509760752,4.636080641527904],[114.43427121060627,4.640768318570514],[114.43622019471171,4.6416156107706845],[114.43571858694011,4.64219373709221],[114.43499089278926,4.644589559017046],[114.43406940072818,4.646034036492102],[114.43319367534393,4.646969706465382],[114.43276256691804,4.648051099398549],[114.43285322117163,4.648774575421402],[114.43112375543114,4.648983435765713],[114.42936980736289,4.653676652270631],[114.42726833355051,4.652849555294374],[114.42320685474371,4.651456538374956],[114.42528077752945,4.645484114975267],[114.42967289152651,4.632141004766987],[114.43605509760752,4.636080641527904]]]},"properties":{"id":393,"name":"STKRJ Lumut","mukim":"MUKIM LIANG","area":1830525.25,"district":"Belait","mukimDisplayName":"Liang"},"id":393},{"type":"Feature","geometry":{"type":"Polygon","coordinates":[[[114.47577176903503,4.6596367062569515],[114.47597865680335,4.659914830147614],[114.47525806288974,4.660763096595944],[114.47450237354069,4.660782589377141],[114.47328182303981,4.66042026882913],[114.47207296371562,4.660315375086187],[114.47139884211269,4.6594828359547185],[114.47008754023386,4.6588641528348775],[114.46402004409619,4.658673870715861],[114.46277894828629,4.658414764200223],[114.45984637981392,4.656667200101001],[114.45918504911673,4.656447875897495],[114.45816166260124,4.656515475658416],[114.45665453974037,4.656895837843675],[114.45634580856418,4.655740356097449],[114.45712233933259,4.654954139669109],[114.45755314149494,4.654899069323673],[114.45835839533986,4.653849806219577],[114.45525687416125,4.645946263070272],[114.46510467454893,4.650304430705572],[114.4674700219839,4.65139998481839],[114.46906109364825,4.652612289516301],[114.47029201613624,4.65429831457841],[114.47072904221322,4.654004340811875],[114.4712875537402,4.655805490408956],[114.47230329092442,4.656504919456269],[114.47352099975268,4.659080767722038],[114.4750125084591,4.659677350016542],[114.47577176903503,4.6596367062569515]]]},"properties":{"id":394,"name":"Kg. Lumut Tersusun","mukim":"MUKIM LIANG","area":1521940,"district":"Belait","mukimDisplayName":"Liang"},"id":394},{"type":"Feature","geometry":{"type":"Polygon","coordinates":[[[114.47826187035899,4.666281990700079],[114.47528407479832,4.66417786140412],[114.47330557133762,4.663150111781882],[114.47097302709784,4.667223005342099],[114.46959860004047,4.666435147714376],[114.46881750789763,4.665420586462169],[114.4684624966146,4.6629282947818],[114.46789877882485,4.662106767022551],[114.46798981630327,4.6613513972358485],[114.4675247977349,4.660894322303711],[114.46668148255323,4.661001792244687],[114.46621484928728,4.662087044847231],[114.46483024388502,4.662667081548609],[114.4643303241459,4.663116448475724],[114.46435507988956,4.659063022308665],[114.46402004409619,4.658673870715861],[114.47008754023386,4.6588641528348775],[114.47139884211269,4.6594828359547185],[114.47207296371562,4.660315375086187],[114.47328182303981,4.66042026882913],[114.47432648103054,4.661935491087319],[114.47542168004007,4.662857678368042],[114.47818064482409,4.6645428968869025],[114.4789428678179,4.665000754960901],[114.47826187035899,4.666281990700079]]]},"properties":{"id":395,"name":"Kg. Sungai Kuru","mukim":"MUKIM LIANG","area":645670.1875,"district":"Belait","mukimDisplayName":"Liang"},"id":395},{"type":"Feature","geometry":{"type":"Polygon","coordinates":[[[114.3479585829595,4.611792551241517],[114.34628750387557,4.616062608150037],[114.345814199354,4.617065088674109],[114.34947157843422,4.6183171524203015],[114.34692982392446,4.6259074861695035],[114.34635139306482,4.627482880586623],[114.34363947102,4.626428338210404],[114.34100725323799,4.6255031872028525],[114.33927942814559,4.625060814143108],[114.33696270289018,4.623916438780806],[114.33393045400445,4.622824355442152],[114.33296866959161,4.622363745568413],[114.33178420113447,4.622097366588241],[114.33723322998246,4.6059449541089235],[114.34127300576579,4.607102229371779],[114.34376110573062,4.607955638398211],[114.3479585829595,4.611792551241517]]]},"properties":{"id":396,"name":"PEKAN SERIA Kawasan II","mukim":"MUKIM SERIA","area":2892892.5,"district":"Belait","mukimDisplayName":"Seria"},"id":396},{"type":"Feature","geometry":{"type":"Polygon","coordinates":[[[114.69573084116757,4.655951665426144],[114.68451475090876,4.657652979514019],[114.67689798025843,4.658796374715434],[114.67560001293623,4.657140601528897],[114.67224677049511,4.6566739989383885],[114.6707461076434,4.656465304199579],[114.66630073260205,4.658476136587554],[114.66456323605254,4.657365743232377],[114.66596957972709,4.642848470057592],[114.67010140884548,4.627815565601299],[114.67009757907545,4.626020384596329],[114.67034119972645,4.624993597911599],[114.69271524998504,4.624864295540285],[114.69697663725432,4.624800719887525],[114.70019498218853,4.624752691230932],[114.73090568653326,4.633060641820431],[114.719863063228,4.643888983950793],[114.70845117293123,4.655078890078984],[114.69573084116757,4.655951665426144]]]},"properties":{"id":414,"name":"Kg. Panchung","mukim":"MUKIM LAMUNIN","area":19994156,"district":"Tutong","mukimDisplayName":"Lamunin"},"id":414},{"type":"Feature","geometry":{"type":"Polygon","coordinates":[[[114.78654627705293,4.683275575171037],[114.7838111917395,4.684302602480262],[114.78025464035568,4.686040432107377],[114.77841905889105,4.68677243159852],[114.77602877346271,4.687579253057584],[114.77471534804461,4.687893696278281],[114.77197904236307,4.689053379154722],[114.77023276064786,4.689499371920418],[114.7690619522522,4.689457004394093],[114.76708850341372,4.689664270224361],[114.76571797204987,4.690106323891163],[114.76363780884886,4.691249627618629],[114.75999621715,4.692977450469253],[114.75675450498038,4.6951042622789],[114.75395149298082,4.697374487418438],[114.75296435524946,4.698317908987718],[114.75036982022151,4.700261067056972],[114.74821217725278,4.701877002866817],[114.74709945467623,4.7025809630064614],[114.74590212718665,4.703055935486848],[114.73654912348506,4.703980401029041],[114.73680346991335,4.702296925483114],[114.73728560981792,4.701073769507808],[114.74021652623138,4.6974135994437205],[114.74113104015787,4.696090564626377],[114.74162466049276,4.6949467872340795],[114.74189825511736,4.693218612981551],[114.74160505707002,4.69065920599679],[114.74134429671561,4.689506015101688],[114.74134158692347,4.688362824003896],[114.74219018300242,4.683700803991542],[114.74213079273609,4.682241519042703],[114.74237616622277,4.6809735370122505],[114.74237705070857,4.67827670786975],[114.74264920544192,4.6765839171041526],[114.7424801428553,4.675057030910613],[114.74255207287534,4.672963813109772],[114.74301970506535,4.670033088261123],[114.74304106043296,4.669230096076311],[114.7427070164582,4.666096217944607],[114.7429657703135,4.66458598411437],[114.74370401492413,4.663889166805894],[114.74474210365732,4.663634631806585],[114.74766772071598,4.66387770609837],[114.7487773880306,4.663634830229662],[114.74924117284998,4.66290262619075],[114.74921830598029,4.661611672180601],[114.74846918557594,4.65933946663023],[114.74834457519052,4.658682837532151],[114.74735076871751,4.657484851342039],[114.74721283279318,4.655946933765121],[114.74663541182889,4.654578447447164],[114.74645029105932,4.652497749805821],[114.74657202465008,4.649899759891787],[114.74656517918794,4.647587684703213],[114.74615629000358,4.645856952806913],[114.74384059396345,4.643372043841596],[114.7420569068815,4.6417447662895555],[114.74100652779305,4.641044913382289],[114.74084756481163,4.640027080688862],[114.74095707547953,4.63853366334542],[114.74150620815404,4.637118393121999],[114.74166822098007,4.635976118122705],[114.74179526465491,4.634787891148995],[114.74276989910388,4.631674796085644],[114.74356309631406,4.630144526854508],[114.74471148280531,4.631475469986212],[114.74584970977921,4.632098909577094],[114.74891042885959,4.632150973415294],[114.75005063260998,4.632856224453194],[114.74999331702081,4.6334378610827205],[114.75078950275878,4.6349703896169565],[114.75129307376234,4.6353605500908275],[114.75181854826761,4.637123572495087],[114.75238522454586,4.637617080855281],[114.75266606871448,4.638554244500076],[114.75259670620353,4.639781075957756],[114.75324915720353,4.640460017299435],[114.75354899256287,4.64137067958239],[114.75394757497688,4.641521443803215],[114.75625263348759,4.641621653192018],[114.7590353705018,4.642074949972944],[114.76122009007834,4.640799052610034],[114.76226736913074,4.641780681562927],[114.76285362538498,4.643319294933304],[114.76364102327166,4.644118809568925],[114.76453933455238,4.644488961461658],[114.76524310893576,4.645457521426868],[114.76629494070252,4.645588086953694],[114.76799658515483,4.644999341428537],[114.76890327698702,4.645840704191884],[114.7712166596187,4.645904273274827],[114.77255219108802,4.6471734164341925],[114.77330837353773,4.646875798738334],[114.77509710122477,4.647306631911942],[114.77600273895112,4.647782250967888],[114.77902332520587,4.647576453837086],[114.78086032711333,4.647732828758041],[114.78165858581467,4.647442111719518],[114.78455334700027,4.6473562317137835],[114.78523262599865,4.647129162330422],[114.7869358898794,4.647096013049557],[114.78755205995813,4.6468620942090215],[114.78920967505687,4.647996628014458],[114.78834356505078,4.649054198576179],[114.79081098835813,4.651445328417122],[114.7918456398423,4.6528841323626455],[114.79259077226531,4.653599345024776],[114.79268462119558,4.654527482868316],[114.79339553218541,4.655524133250319],[114.79502913060868,4.655631843005615],[114.79656606007202,4.656239210527177],[114.79822000828452,4.656114749961722],[114.79910389773352,4.656337204349312],[114.79985757714796,4.656158744804321],[114.8001245290114,4.657042639326603],[114.79974199053666,4.658566835251883],[114.79913893302033,4.659049649089122],[114.79896364563578,4.659786403045025],[114.79924278980033,4.661033647393029],[114.79901742456778,4.662175834654037],[114.79853086295537,4.6631947216565335],[114.79767465300401,4.664375514934435],[114.79808941052646,4.666336831555798],[114.7997753938397,4.667438034684991],[114.80026315132046,4.668358227043156],[114.80013280958299,4.669055001553656],[114.79954504771564,4.669952941093463],[114.80030195023117,4.6712086589171244],[114.80075876043485,4.672524051421371],[114.80173960034895,4.6732997790797635],[114.8024606358716,4.674234825415771],[114.8026304586377,4.675468822661964],[114.80242413693145,4.676764415062035],[114.80246392636377,4.678608416622276],[114.79940729218252,4.680206372581639],[114.79695252159213,4.680911990037403],[114.79605517799025,4.68075354303343],[114.79392728914495,4.679005298963233],[114.79252758233305,4.676591868056494],[114.79155217957013,4.67632455494427],[114.79091461827414,4.6767659138653634],[114.7906172860238,4.679118215635984],[114.78982158548084,4.680002342733045],[114.78848792126331,4.680133734250646],[114.78747250266497,4.68063328872621],[114.78685088846429,4.681713890042484],[114.78654627705293,4.683275575171037]]]},"properties":{"id":415,"name":"Hutan Simpan Bukit Ladan","mukim":"MUKIM LAMUNIN","area":31008926,"district":"Tutong","mukimDisplayName":"Lamunin"},"id":415},{"type":"Feature","geometry":{"type":"Polygon","coordinates":[[[114.7620643963288,4.363901162855647],[114.76022796489741,4.363917375006812],[114.7594746070283,4.3633828631138005],[114.75843937973313,4.3637100917825355],[114.75725497411807,4.364637226618018],[114.75661262101579,4.364896880311244],[114.75351113428961,4.364617124468382],[114.75247688054586,4.363733245338649],[114.75139211110911,4.363678766140355],[114.75086215453665,4.361922885085928],[114.74825183141797,4.361868064239129],[114.74727724775977,4.3617474036893285],[114.74659486906239,4.361023024337892],[114.74678414201189,4.35987892355444],[114.74610344261662,4.358761672202873],[114.74484164727114,4.3588309329905774],[114.74392356595253,4.359551794910995],[114.74336077750131,4.358701573056223],[114.74216497519238,4.358223734249361],[114.73960539416258,4.358184849909238],[114.73890656077475,4.357607767806573],[114.73787803875722,4.356360379382954],[114.73779748913468,4.353822255132794],[114.73726241984139,4.353011234345375],[114.7358970968346,4.352523708400146],[114.73395206731178,4.352146679372824],[114.73126147582713,4.352169482934022],[114.72929329840146,4.351380144256025],[114.72647507640646,4.348928538672895],[114.72488042199882,4.347409473241607],[114.72366860338553,4.346640537922588],[114.72237881797162,4.34676100436119],[114.72051601449083,4.346379185623714],[114.71796722569688,4.345376696650436],[114.71373454526406,4.344125820650368],[114.71302130646029,4.3440142581807155],[114.71190624300951,4.344187057071111],[114.70924830959551,4.344198389524027],[114.70744133454424,4.34383955789037],[114.7049041701851,4.343151853627838],[114.70384592026045,4.343498583127754],[114.70233853052667,4.345432156319225],[114.70183475513451,4.346775589310682],[114.70184255453003,4.347931830011209],[114.70156975780537,4.349032352740306],[114.7015968469276,4.3504369727949035],[114.70079270077926,4.352218758684006],[114.69911835337857,4.354737321565248],[114.6981010262746,4.355421954530967],[114.69462263415153,4.355057143295609],[114.69225438790151,4.35436834992089],[114.6918058483108,4.353871347173113],[114.69096347508007,4.352110671620627],[114.68995414580233,4.351644382820501],[114.68684040715584,4.351398427475266],[114.68627081290637,4.3500917119013405],[114.6848365487565,4.348310954736163],[114.68380169303539,4.347975308599506],[114.68318801881593,4.3480236904705],[114.68214000389293,4.347613460305367],[114.68125704266347,4.347024137786588],[114.6801683431881,4.345766963066535],[114.67976329409976,4.345709894091708],[114.67859461571284,4.344845243249465],[114.67798661459109,4.344108445759872],[114.67792056512391,4.34245351825439],[114.67743069160744,4.342270915270781],[114.67680950636417,4.3406520453955535],[114.67692886404095,4.339844784182656],[114.67942354463767,4.337466656074059],[114.6795860941186,4.336793648413284],[114.67815821469458,4.337068559426777],[114.67752555629014,4.337371363631566],[114.67642284914466,4.338329805862768],[114.67491855520103,4.338660807154835],[114.67458199084226,4.3391250009205775],[114.67403153811024,4.340677735668165],[114.67282156900148,4.343091135553593],[114.67182131076919,4.343438502058537],[114.6680903402987,4.342743332822036],[114.66731096307203,4.342939707941782],[114.66617619297857,4.343916030798747],[114.66538353435382,4.343691090807736],[114.66337792428696,4.342676671328766],[114.66152259440132,4.341529606664114],[114.6604419033487,4.340100828274209],[114.66000778455025,4.3399180550033964],[114.65808633485369,4.340293162290701],[114.65683458532322,4.3398356435461],[114.65596542641785,4.339823462767357],[114.655374151781,4.339384498971058],[114.65416169131484,4.339467086868851],[114.65322896042295,4.339126837015916],[114.65305492376346,4.339921812161829],[114.65238565655983,4.339822511940942],[114.65194471814644,4.341230145748092],[114.6525266197622,4.341502099251799],[114.65248261251838,4.342481553166267],[114.6518062106158,4.342852575253034],[114.65156476250128,4.343707941991061],[114.65068930476329,4.343779647552655],[114.65027700874126,4.344354838813271],[114.64948698729299,4.344773376203923],[114.64965579703271,4.345333650903254],[114.64892046546018,4.345575956044961],[114.64908354860111,4.346507063490794],[114.64873618406389,4.346941597202868],[114.64801818040475,4.346126798580561],[114.64755455247203,4.346670477175257],[114.64686764868448,4.346304696301178],[114.64548937388489,4.347197444110259],[114.64553024758914,4.3477312285401375],[114.64493167690728,4.348260266057177],[114.64417603483811,4.348174801243112],[114.64376524519493,4.347065199506126],[114.6433349378698,4.347227598979575],[114.6435301556285,4.348304389484818],[114.64225208922566,4.349080096010486],[114.64253013495525,4.349636954944617],[114.64125606701431,4.351771303694069],[114.64091138298032,4.351294496133197],[114.63974428246645,4.351646082221617],[114.63868167104665,4.351652161741258],[114.6384917588931,4.3526178896498715],[114.63718918721774,4.352599480963536],[114.63660094694863,4.353495377595019],[114.6353408220448,4.353553443466367],[114.6344881518104,4.354130415164371],[114.63358919846621,4.353724626022562],[114.63306112953093,4.353006234188058],[114.63247565400454,4.353160657590276],[114.63216726806095,4.353847753149386],[114.63075957066577,4.353710450782289],[114.62968967251257,4.354050900435976],[114.62934209408324,4.3536622976884916],[114.62744842493007,4.354936024123729],[114.62608603372374,4.3550760431544955],[114.6263080819707,4.355752614237694],[114.62498687343137,4.355919931767747],[114.62518434922002,4.3550355863639645],[114.62432017733819,4.354917019927701],[114.62373796860089,4.355621472937867],[114.6228053082334,4.354900028935575],[114.62198041637973,4.355138879145753],[114.62097211863123,4.355045863644099],[114.62105185348292,4.355562014409215],[114.62004847266898,4.355605210142565],[114.62029108817724,4.354922765167635],[114.61935575769262,4.354392068175606],[114.6187349234036,4.355027068579083],[114.61826291259418,4.353936804209002],[114.61697307888561,4.353831429850635],[114.61610453479081,4.353306320807681],[114.61520725307165,4.351884520856226],[114.61462764717257,4.351323446527968],[114.61365827237647,4.352354773467609],[114.6128978656719,4.356128580639674],[114.61299615959992,4.356840452025107],[114.61426188227078,4.358472239283049],[114.61500761776877,4.358927350196591],[114.6164094042543,4.359072935407306],[114.61665660208229,4.359784393678328],[114.6156073297552,4.360429099465766],[114.61456213136326,4.36255962008047],[114.61331297225955,4.363776343617958],[114.61255987209546,4.363831177777311],[114.61150782554134,4.363464825661732],[114.61087563566043,4.362895097273555],[114.61032437302474,4.363090041657404],[114.60985462975115,4.364269443802953],[114.60965874012616,4.366300896565855],[114.6097755857759,4.367390765315238],[114.61011060864989,4.368189897460089],[114.61017608150836,4.369710702415342],[114.60987195667393,4.370599515518931],[114.60856892922615,4.371341625420105],[114.6058705906773,4.37111167778872],[114.60448731312093,4.371335279649183],[114.60410111314177,4.3710374211194845],[114.60443072527161,4.369858408811635],[114.60423611445493,4.3691555965507645],[114.603438809596,4.369061077416263],[114.60285375305047,4.369713285636461],[114.60250601969507,4.370672549935938],[114.6024572783643,4.3720705840467184],[114.60297862711074,4.373620028193209],[114.60219487013444,4.373729142298482],[114.60123607528308,4.374436097289444],[114.60125102753226,4.375169485940985],[114.60005994545692,4.374743157580031],[114.59941682679255,4.3737065312898595],[114.59938758351247,4.372688004002373],[114.59871010498686,4.371852989166173],[114.59895696747867,4.370068621295719],[114.59938274424617,4.368431292538692],[114.59877003537687,4.366565338012394],[114.59857184466927,4.363889634766915],[114.59744896142148,4.361825539989903],[114.59497938931044,4.359464134901027],[114.59337195821603,4.358335462703662],[114.59223823337378,4.357868549995651],[114.59082951952945,4.357749461283696],[114.58994762533227,4.357945757672652],[114.58855153001589,4.357911983964938],[114.58580308182614,4.359437511111596],[114.58483105066509,4.35941331503855],[114.58475184480905,4.360109371179618],[114.58372901727574,4.360250933667925],[114.58178462081297,4.361121089462338],[114.58019441091463,4.361566329761021],[114.577663367189,4.362906673490772],[114.57478575216686,4.363322615383632],[114.57400898826963,4.363666426945028],[114.57157956561605,4.3638516435021195],[114.57051932902101,4.364534248185893],[114.56893562624047,4.365099563589028],[114.5681509222489,4.3652133299561475],[114.56496191950431,4.366063070087874],[114.56248822853351,4.366542880904769],[114.56101777867062,4.366714735087601],[114.55967387198758,4.366615486921327],[114.55846394494708,4.366919466798434],[114.55757670076521,4.3676465260470785],[114.55684634184091,4.36786809822806],[114.55476456696346,4.367919774966191],[114.55268787833717,4.367766804751787],[114.55071581589725,4.366303273843311],[114.54969921777666,4.366250324191078],[114.54817726075154,4.366637796016623],[114.54601721518102,4.366586648090529],[114.54529425077935,4.366305174817092],[114.54466451912873,4.365509490907723],[114.54451034788448,4.3642880907553385],[114.54360467353378,4.362322273931828],[114.5431355209751,4.361663021199676],[114.54240884151831,4.3611483180346475],[114.54106451165697,4.361594076960316],[114.53938107367294,4.362490440785752],[114.53830764958244,4.363304178031097],[114.53594646248995,4.365521835679962],[114.53548322807175,4.366650498810429],[114.53556100572077,4.3685237900464955],[114.53544783078955,4.369288338834761],[114.5348523389194,4.370132999308738],[114.53378124509027,4.370555844050527],[114.53259104316518,4.369805241185457],[114.53108595457905,4.369870582664669],[114.53000479809425,4.3690422472717385],[114.52903531083064,4.368063535443297],[114.52752972817524,4.36836740898665],[114.52647462079459,4.368231442877759],[114.52532780490712,4.367487215748596],[114.52520370882641,4.366341196002235],[114.52459990940709,4.365440645543207],[114.52305234570719,4.364556727726835],[114.52208617308602,4.364403280930241],[114.52025916555577,4.365394224643431],[114.5196916086569,4.365210603312788],[114.51854365639242,4.364029424152359],[114.5177637317617,4.362963146902423],[114.51759067248949,4.3618762485728],[114.5180787553296,4.360695053327707],[114.51696130139874,4.359115846521659],[114.51672291105484,4.357759286321855],[114.51599086062926,4.356692317535684],[114.51288501632524,4.355326662311684],[114.51156260168922,4.355251302516483],[114.5108729128007,4.355885049328517],[114.51097170980228,4.35634199082743],[114.51180526502311,4.357842032715885],[114.51280071798676,4.358611051097074],[114.51282808115909,4.3591671962461245],[114.51225696647674,4.360202283809691],[114.51164939975037,4.360438706465414],[114.51010625475783,4.360583296118316],[114.50897045868149,4.360381385813891],[114.50850777444445,4.3596468929686605],[114.5080054057847,4.359577305489506],[114.50724219771284,4.360891211081183],[114.5066278068011,4.360797378018763],[114.50552827375417,4.359817851985943],[114.50469200312864,4.35980761675227],[114.50382113895493,4.360136065104732],[114.50277781886592,4.360195056134033],[114.50163458833414,4.359947366860459],[114.50063056318963,4.360423979545324],[114.49940577069705,4.359747752094558],[114.49901674396722,4.35913142838935],[114.49880758913852,4.358180163287859],[114.4981438953875,4.357836813911832],[114.49718043516484,4.358071947827574],[114.49448892840842,4.357945322955965],[114.49310733237974,4.358932493479442],[114.49162265910641,4.359043215356938],[114.49014186468025,4.359506038186276],[114.49000538819425,4.351792578260269],[114.48958125261785,4.3300186733159],[114.4890731981483,4.30393824573333],[114.51707286771494,4.30386380882407],[114.5575336162548,4.303754603726245],[114.59906745254459,4.3036404732787785],[114.6266965110974,4.303563409040862],[114.6276158113429,4.303713004635174],[114.62812056379387,4.304681582985251],[114.6283229641421,4.305936295658713],[114.62887508349355,4.306904741239537],[114.62963311172057,4.306969194487826],[114.63009636947544,4.306635067454617],[114.63097362004967,4.305282247190363],[114.63093542392232,4.304398576214728],[114.63197049305248,4.30443582192836],[114.63305744960554,4.304936807922924],[114.63426567076637,4.305124140049867],[114.63537988262925,4.3056659075390735],[114.63601704761795,4.305446175380232],[114.63731673902004,4.304366399921405],[114.63908104094322,4.304456819515292],[114.6413328295479,4.304178070739562],[114.64177895443927,4.303577450486815],[114.64265915579576,4.302921126017365],[114.6430917152635,4.302320542025651],[114.64416677094664,4.302584427195999],[114.66925309427626,4.304460669389756],[114.7081155499758,4.307365739325507],[114.73412010152963,4.309308617268641],[114.76840584273067,4.311868940291012],[114.80759193142681,4.314793430401852],[114.80513419959965,4.315445508815332],[114.80405171818896,4.31595298461819],[114.80285550354122,4.316844622588477],[114.80199696362742,4.317861587773198],[114.80154311662643,4.319195874398623],[114.8015835219028,4.321232450189421],[114.80197002486722,4.324332974567375],[114.80197407948013,4.327591507789182],[114.80159961772293,4.328733642688388],[114.80079548471869,4.330440647631981],[114.80016016159709,4.332294962539988],[114.79990847842095,4.334014443425165],[114.79935188454773,4.335834888893115],[114.79824355540528,4.3376999422973075],[114.79691215038733,4.338591405539829],[114.79383372064076,4.339796725026642],[114.79263849978057,4.34008886570228],[114.79047557701689,4.340107751011566],[114.78922339207931,4.340751090402944],[114.78852205532067,4.341813073183968],[114.78756943628893,4.344549302957141],[114.78643922903798,4.346074671315218],[114.78562581712438,4.346944506952617],[114.78428262957425,4.348051071050067],[114.78255892232286,4.349212178938831],[114.7793278123218,4.351753920093193],[114.77794841305393,4.353765018927962],[114.77741546875912,4.355223594995715],[114.77675401703222,4.358752868737021],[114.77628867679701,4.360222263775138],[114.77520219086895,4.362075907083274],[114.77403986404045,4.363035507197762],[114.7726420044486,4.363180677555803],[114.7713148276824,4.362465572211312],[114.76708795522684,4.358453298763532],[114.76624370416344,4.3582251556911284],[114.76536453805222,4.358382352277992],[114.7644613888683,4.359003704254865],[114.7637831295445,4.360077464669302],[114.7620643963288,4.363901162855647]]]},"properties":{"id":416,"name":"Kg. Sukang","mukim":"MUKIM SUKANG","area":189466944,"district":"Belait","mukimDisplayName":"Sukang"},"id":416},{"type":"Feature","geometry":{"type":"Polygon","coordinates":[[[114.62900994509299,4.238560698627356],[114.66351833560209,4.238457740488099],[114.66468623747929,4.240504694218995],[114.66487886820786,4.241528714597982],[114.66579107058273,4.241995445830071],[114.6658430437841,4.242715538108874],[114.66631705597149,4.243352381762412],[114.66637323421116,4.243953938766221],[114.6659580443806,4.24485769355651],[114.66678517990151,4.245124296136126],[114.66787842721416,4.244756517790885],[114.66894105955446,4.243194503867569],[114.6703463957835,4.2440110342092305],[114.67063026015873,4.24484442931371],[114.67003059569831,4.246345871322831],[114.67098571858745,4.246497981692229],[114.67163123938282,4.245989093016691],[114.67214839771822,4.246612025968608],[114.67296460221648,4.246599758508632],[114.67401295791295,4.2469766415887085],[114.67599326034377,4.248377418179925],[114.67777513392778,4.25009304648321],[114.67967007933473,4.251172979689687],[114.6807701541163,4.252311701425516],[114.6820033891463,4.253946357907241],[114.68308803171587,4.254910762437928],[114.68390902489276,4.256010683467043],[114.6848707087082,4.2567815251232],[114.68577791345673,4.256828101661714],[114.68712703273646,4.256236355128437],[114.68831425658055,4.254946104762998],[114.68893032846482,4.254576908647303],[114.69095836329373,4.253739008423422],[114.69243567015165,4.25367542011661],[114.69529926673597,4.253225157271896],[114.69730890349247,4.253442388974089],[114.69916916624257,4.254390666188101],[114.69994352691315,4.255230987619245],[114.70059983330664,4.256333935606666],[114.70133640296865,4.256754929780943],[114.70165967720116,4.257766129037328],[114.70177366065766,4.2590345692868326],[114.70221739437423,4.260426703305949],[114.7022217739138,4.262003379966933],[114.6705526174788,4.262183333409158],[114.65010262759701,4.262298893887455],[114.62900994509299,4.238560698627356]]]},"properties":{"id":417,"name":"Kg. Melilas","mukim":"MUKIM MELILAS","area":12284590,"district":"Belait","mukimDisplayName":"Melilas"},"id":417},{"type":"Feature","geometry":{"type":"Polygon","coordinates":[[[114.60920705523031,4.216272378509565],[114.635684405051,4.216201171285537],[114.6570606910158,4.222805926488418],[114.65803567279768,4.223132446780414],[114.65903384692889,4.223095423232166],[114.66018470899546,4.22263053406047],[114.66313476120814,4.222588342570137],[114.6654229189758,4.222369871554736],[114.6684146082263,4.221654497185712],[114.66993951286071,4.221719411612395],[114.67124900996437,4.222666489195835],[114.67182972861241,4.222783738189659],[114.67312056457341,4.22186722646629],[114.67381853538575,4.221795430014482],[114.67434002263722,4.222431012535544],[114.67543245118345,4.224466865021568],[114.67574601502074,4.225643167066194],[114.67573526693721,4.226374786804643],[114.67637241382863,4.2271162681757195],[114.67694005962394,4.226588968245484],[114.67819779037592,4.226568239704052],[114.6798609784705,4.22703203962541],[114.68108761368121,4.226826890673511],[114.68139001914162,4.227441051338847],[114.68218204682078,4.2267802367555865],[114.68286132984885,4.227662677096221],[114.68416865778222,4.228035132840302],[114.68595535238775,4.227886725106066],[114.68687795773644,4.228202054300344],[114.68923868633655,4.2275599194849445],[114.69169199544348,4.227795390905068],[114.69310427043935,4.227452171004182],[114.69472196465982,4.226681854270077],[114.69602815682248,4.225863251246715],[114.69716354531711,4.224581605913314],[114.69830225100232,4.223674730024106],[114.70002978026055,4.222922173605024],[114.70072551427681,4.222855163618517],[114.70290610425612,4.223416707288379],[114.70376149560286,4.223263312839314],[114.70545430434922,4.222207769691476],[114.71451936723383,4.231406755423648],[114.71727778536155,4.2359190331427525],[114.72104585338263,4.2382321548069575],[114.7310288721503,4.244147991088066],[114.7355508073021,4.249198582167163],[114.73873845336671,4.253084298359014],[114.74228659602689,4.25767448799719],[114.74598718741407,4.261752697583599],[114.7022217739138,4.262003379966933],[114.70221739437423,4.260426703305949],[114.70177366065766,4.2590345692868326],[114.70165967720116,4.257766129037328],[114.70133640296865,4.256754929780943],[114.70059983330664,4.256333935606666],[114.69994352691315,4.255230987619245],[114.69916916624257,4.254390666188101],[114.69730890349247,4.253442388974089],[114.69529926673597,4.253225157271896],[114.69243567015165,4.25367542011661],[114.69095836329373,4.253739008423422],[114.68893032846482,4.254576908647303],[114.68831425658055,4.254946104762998],[114.68712703273646,4.256236355128437],[114.68577791345673,4.256828101661714],[114.6848707087082,4.2567815251232],[114.68390902489276,4.256010683467043],[114.68308803171587,4.254910762437928],[114.6820033891463,4.253946357907241],[114.6807701541163,4.252311701425516],[114.67967007933473,4.251172979689687],[114.67777513392778,4.25009304648321],[114.67599326034377,4.248377418179925],[114.67401295791295,4.2469766415887085],[114.67296460221648,4.246599758508632],[114.67214839771822,4.246612025968608],[114.67163123938282,4.245989093016691],[114.67098571858745,4.246497981692229],[114.67003059569831,4.246345871322831],[114.67063026015873,4.24484442931371],[114.6703463957835,4.2440110342092305],[114.66894105955446,4.243194503867569],[114.66787842721416,4.244756517790885],[114.66678517990151,4.245124296136126],[114.6659580443806,4.24485769355651],[114.66637323421116,4.243953938766221],[114.66631705597149,4.243352381762412],[114.6658430437841,4.242715538108874],[114.66579107058273,4.241995445830071],[114.66487886820786,4.241528714597982],[114.66468623747929,4.240504694218995],[114.66351833560209,4.238457740488099],[114.62900994509299,4.238560698627356],[114.60920705523031,4.216272378509565]]]},"properties":{"id":418,"name":"Kg. Bang Garang","mukim":"MUKIM MELILAS","area":34757624,"district":"Belait","mukimDisplayName":"Melilas"},"id":418},{"type":"Feature","geometry":{"type":"Polygon","coordinates":[[[114.85552903159984,4.317643377610888],[114.85359604356373,4.31758411322837],[114.85077998234323,4.317239993493502],[114.84936124314157,4.316785316483494],[114.84705498945485,4.315570784759579],[114.84597320237438,4.315184324183622],[114.84444230871796,4.315068869982898],[114.84001353765217,4.315480315303971],[114.83742168254527,4.315905940442949],[114.83647393805789,4.3164588381144915],[114.83409093757662,4.3189213691090265],[114.83179969245661,4.320818331332682],[114.82983722740187,4.321754163515649],[114.82828203899534,4.321989227824481],[114.82525139283153,4.3220068770046],[114.82266027066437,4.321934721110636],[114.82063395624434,4.321297835133013],[114.81808007322293,4.319743673189715],[114.81616823693247,4.318405485853597],[114.81263538248248,4.316374336311177],[114.81075630990395,4.315443602344712],[114.80903364209452,4.314841106280824],[114.80759193142681,4.314793430401852],[114.76840584273067,4.311868940291012],[114.73412010152963,4.309308617268641],[114.7081155499758,4.307365739325507],[114.66925309427626,4.304460669389756],[114.64416677094664,4.302584427195999],[114.6430917152635,4.302320542025651],[114.64265915579576,4.302921126017365],[114.64177895443927,4.303577450486815],[114.6413328295479,4.304178070739562],[114.63908104094322,4.304456819515292],[114.63731673902004,4.304366399921405],[114.63601704761795,4.305446175380232],[114.63537988262925,4.3056659075390735],[114.63426567076637,4.305124140049867],[114.63305744960554,4.304936807922924],[114.63197049305248,4.30443582192836],[114.63093542392232,4.304398576214728],[114.63097362004967,4.305282247190363],[114.63009636947544,4.306635067454617],[114.62963311172057,4.306969194487826],[114.62887508349355,4.306904741239537],[114.6283229641421,4.305936295658713],[114.62812056379387,4.304681582985251],[114.6276158113429,4.303713004635174],[114.6266965110974,4.303563409040862],[114.59906745254459,4.3036404732787785],[114.5575336162548,4.303754603726245],[114.51707286771494,4.30386380882407],[114.4890731981483,4.30393824573333],[114.48900036193668,4.300199452764285],[114.48882894983832,4.291400767154778],[114.48836494621325,4.269427363630629],[114.48766831085393,4.236438948087935],[114.4871170362874,4.210335407083055],[114.4861586534468,4.16495742638898],[114.48710437945437,4.164353331599486],[114.48973244782074,4.1611186870879395],[114.49038087192334,4.159770206645245],[114.49162624435495,4.158058942829674],[114.49181157632204,4.1572388026143505],[114.4916460665675,4.156596519148617],[114.49195131920013,4.1557780444858015],[114.49242821379896,4.155577807598303],[114.49313589963222,4.154074563857027],[114.49306277175562,4.1536677579672405],[114.4936372600764,4.152897464775971],[114.49506900010587,4.152703750866797],[114.49556329069472,4.152268312973687],[114.49620537878609,4.149797484427149],[114.49525764488169,4.149067389409937],[114.49346363492872,4.148511372546167],[114.49299257957719,4.147499639212326],[114.49370182283889,4.146593322884057],[114.49471132614882,4.146834857349375],[114.49617067295365,4.146867180031328],[114.49686519318017,4.147218074842715],[114.49761269375394,4.1471618327039135],[114.49882747958863,4.146679263704223],[114.4988792467757,4.145810860173933],[114.49919299806116,4.145231185675077],[114.4998856653972,4.144876618643688],[114.50027052467881,4.143934977412855],[114.50202500622007,4.143161550468512],[114.5032042281663,4.142859958224657],[114.50394155557606,4.142360561091883],[114.50521111254646,4.142158212367219],[114.5059861777659,4.142309911177727],[114.50760039056097,4.143002047507217],[114.50929385987662,4.143006591016752],[114.5098263875921,4.1434121756754845],[114.51142184827489,4.143823975503206],[114.51339764381471,4.144994496213562],[114.51357012842499,4.145500525533395],[114.51441895773661,4.146294176691999],[114.51621187998447,4.146434108616978],[114.51754598291586,4.146792328644943],[114.5185612957802,4.145821861461999],[114.51883893049951,4.145215143838837],[114.51953106464153,4.144661582450619],[114.5206747813583,4.144559039432411],[114.5213125072357,4.143869955793108],[114.52119334503628,4.143092450550414],[114.52182290063942,4.142719944975121],[114.52318196222448,4.142300264899832],[114.52433059946821,4.140660143279483],[114.52468677727887,4.1391035405919965],[114.52504578720378,4.138614178344731],[114.52693419793245,4.137406206705324],[114.52815563024856,4.136046261928943],[114.52836025574808,4.135086998012647],[114.52902626783847,4.134877189157377],[114.52999032384065,4.134965048810509],[114.53034879845758,4.134276706348381],[114.53131140998197,4.133821895921993],[114.53268644271884,4.132642422872313],[114.53292668307543,4.131529304763676],[114.53333449053031,4.130862180000944],[114.5637738098416,4.165130742667928],[114.58948533316818,4.194073799039677],[114.60920705523031,4.216272378509565],[114.62900994509299,4.238560698627356],[114.65010262759701,4.262298893887455],[114.6705526174788,4.262183333409158],[114.7022217739138,4.262003379966933],[114.74598718741407,4.261752697583599],[114.77310338816746,4.26159621455227],[114.81739520949398,4.261338686111292],[114.81794384000132,4.262205267271341],[114.81809877107305,4.26317369528843],[114.81856438511596,4.263344699719109],[114.82047278472777,4.26507859182706],[114.82135975971002,4.2666222428581895],[114.82234890526578,4.267311155771512],[114.82283564571333,4.268140649376725],[114.8243707983604,4.270268251180775],[114.82473499071124,4.271352208622394],[114.82565227318551,4.272859018529538],[114.82664794019392,4.273465376993246],[114.82735409352713,4.274417433946177],[114.82832875515142,4.275340694176234],[114.82855550070339,4.275842825919962],[114.8283967649353,4.277919871222198],[114.8292216631118,4.278286217387749],[114.83050286835031,4.27984279378397],[114.83110833634996,4.280826809080044],[114.83184993100959,4.282698467287483],[114.83219411094065,4.283115732441925],[114.83410762969393,4.284468013038171],[114.83505840934171,4.285494785602293],[114.83590150265576,4.28722198655719],[114.83674336189631,4.288539924508227],[114.83848752307463,4.290489362792985],[114.83872428712262,4.291135890235026],[114.83975306918306,4.2922559734497625],[114.84137458702308,4.293678655460949],[114.84247259911884,4.29571739077895],[114.84257785976885,4.296262848663363],[114.84364461670484,4.297646798971931],[114.84378469217293,4.298904688627674],[114.84354026727559,4.299636341554091],[114.84448531439782,4.300805855655188],[114.84521419169016,4.300879096071188],[114.84622861545061,4.3022708344697085],[114.84706129193954,4.30259106853845],[114.84778157775833,4.3035450439944976],[114.84804132339411,4.30433931812509],[114.84783480452323,4.306058685630198],[114.8495737516473,4.306824983542374],[114.85066102516772,4.306795094185534],[114.85158160684504,4.308061335541309],[114.8515401751138,4.3090685105275774],[114.85085973952147,4.309930100302801],[114.8518654063599,4.311213605313929],[114.85193900672813,4.3122721514960665],[114.85272070633633,4.312675913914224],[114.85336804798591,4.3137112260436785],[114.85505484932654,4.313802443487481],[114.85561253044281,4.314608805558016],[114.85467297541783,4.3148875375507725],[114.85464821755326,4.315634916226407],[114.85552903159984,4.317643377610888]]]},"properties":{"id":419,"name":"Kg. Dungun","mukim":"MUKIM SUKANG","area":354696448,"district":"Belait","mukimDisplayName":"Sukang"},"id":419},{"type":"Feature","geometry":{"type":"Polygon","coordinates":[[[114.53333449053031,4.130862180000944],[114.53413928326796,4.130241729149218],[114.53521995033529,4.130148378573419],[114.53685679657676,4.129194303841917],[114.53824924696129,4.127797700618388],[114.53974672677676,4.128625760067997],[114.54050246636919,4.128289077182902],[114.54126866618093,4.128495034921397],[114.54213247273024,4.128149012275371],[114.54256285078506,4.127406203774469],[114.54457586789637,4.125655182691842],[114.54525927570816,4.12521919944556],[114.54589527141016,4.123896982331956],[114.54649404641998,4.122131687460078],[114.54653622179951,4.121064321842218],[114.5469210706253,4.120140742986853],[114.54684624421023,4.119109870274974],[114.54733702102472,4.1173810432563815],[114.54717243553873,4.1164679940549975],[114.5478864788579,4.114024044394469],[114.54791624648726,4.11169047985362],[114.54803040330556,4.110595784052819],[114.54767048027276,4.109896090639697],[114.54641179390832,4.10930510270287],[114.54516649687439,4.107827145539709],[114.54488301440854,4.106240882447547],[114.54428309895631,4.104215965461291],[114.54485540717366,4.1037124480628115],[114.54612314432794,4.1036940424719575],[114.54800661671696,4.103202236240064],[114.54897264082264,4.103405101342245],[114.54950917003558,4.1032060842816245],[114.55061551816058,4.102206775353197],[114.5510308582468,4.101532680647265],[114.55102805751706,4.09944311843514],[114.55126480702748,4.098929483552858],[114.55256360075178,4.0974825115695035],[114.55381853849117,4.097312630831935],[114.553547254836,4.095872177330618],[114.55420666367269,4.0955233046571715],[114.55476134167405,4.095793699048534],[114.55532565542525,4.0952528864852225],[114.5558638275951,4.093575926360979],[114.55418087357832,4.090544359621349],[114.5541493410991,4.089914155653474],[114.55451528077205,4.089294455008226],[114.55438070410906,4.088655485736918],[114.55379581019082,4.087824126788228],[114.55342567875445,4.0868853465834265],[114.55331269196444,4.0856929053259226],[114.5527525323539,4.0850548084964124],[114.55252635172619,4.084265152109882],[114.55355869051812,4.0821337726076585],[114.554258057744,4.081576483903009],[114.5548029177826,4.08050435601471],[114.55550250143531,4.079818460814493],[114.55601785818853,4.078244722616798],[114.55659742390287,4.0779361965450045],[114.55720181981978,4.07806909314141],[114.5580655460058,4.078757803246626],[114.55820577554388,4.079821852850451],[114.55879756529252,4.080497453145133],[114.5606125219205,4.080503819792185],[114.56278876327141,4.077338797594119],[114.56369414459027,4.07740077244512],[114.56425040108259,4.0784662322214995],[114.56478878585212,4.078752491784466],[114.56573507078572,4.078534536327896],[114.56657878650732,4.078898821575511],[114.56816292105792,4.075991756847413],[114.56900065258655,4.075395071598456],[114.57015708688219,4.075035214992277],[114.57065336190496,4.073700349984561],[114.57150386120784,4.073246360398917],[114.5721787746218,4.071360135152261],[114.57254322267372,4.069784252322982],[114.57295503909343,4.0694823933117314],[114.57392647481716,4.069409638546674],[114.57466626692342,4.068613385324989],[114.57484638757326,4.067777399024848],[114.5753484126298,4.0671137915701365],[114.57685657324038,4.066511018237704],[114.5770777132554,4.06502795073402],[114.57879282457277,4.0639359156787425],[114.57878501069808,4.063133796579396],[114.57989618533935,4.062077899042108],[114.5800774056643,4.061648067096171],[114.57979778045896,4.060257382183962],[114.58059412261876,4.05852739698226],[114.58069629071936,4.057183148002031],[114.58254603790014,4.056753251011882],[114.58316967094262,4.05609891255833],[114.58138126299926,4.054869245318058],[114.58206295343489,4.053210515360184],[114.58189726521425,4.052109509735625],[114.58325372956112,4.050801095857874],[114.58337207659262,4.049817453573551],[114.58438174889909,4.049324573087369],[114.58604517295909,4.047667092893355],[114.58644287529829,4.046532034575229],[114.58714360793749,4.046697707233656],[114.58809309290017,4.046223922986222],[114.58819253364908,4.045534280582722],[114.58910449499983,4.044719449388585],[114.59065356984597,4.044891543777199],[114.591078713952,4.045147296046792],[114.59233755653065,4.045199218133178],[114.59375612639704,4.045610218863723],[114.59543224865114,4.044897279969677],[114.59640677587576,4.044935284287977],[114.59725080686472,4.0454213569979895],[114.59883530222808,4.044961350254107],[114.60105534084646,4.046549874766995],[114.60185529177289,4.045744101174188],[114.60360371245643,4.045734728888904],[114.60476750333875,4.044998319869041],[114.60596122896644,4.04532145772057],[114.60686444602977,4.046242065502573],[114.60811003883384,4.045774500826371],[114.60905795314464,4.045143546723491],[114.60965666585132,4.044241093527802],[114.60982943885134,4.04340907535712],[114.6104684011263,4.042812332447722],[114.61102266532723,4.042734757059606],[114.61322130948976,4.043093809370145],[114.61394697640789,4.04270710844509],[114.6147187514384,4.042709478439291],[114.61540999215202,4.042292065444831],[114.61603353533869,4.041414693629114],[114.61666268712925,4.040123516360196],[114.61745925647875,4.039729264314081],[114.61816210057373,4.037810974225776],[114.61839433777486,4.03670546906925],[114.61924308369495,4.03523334818636],[114.61998775843489,4.0345998396876395],[114.62053579005774,4.033697236884803],[114.6209192629325,4.0323208179764825],[114.62141213578842,4.031624981871822],[114.62393420719911,4.031699042969451],[114.62453248427168,4.031054069452562],[114.62499157686858,4.029951317742426],[114.62473593975639,4.0291142756277205],[114.62398377678379,4.028669804125412],[114.62336965847854,4.0274601080990875],[114.62352171693738,4.0262697483017424],[114.62438514094974,4.026036125861422],[114.62480297789041,4.024673739781265],[114.62562065103626,4.024385130768075],[114.62657487252746,4.0223912238473805],[114.62597685562123,4.021100929507478],[114.62407740598097,4.020829824803792],[114.62384235743913,4.020310137153643],[114.62507370587537,4.019190238232827],[114.62513898775354,4.018576432370796],[114.62330486353419,4.01709598765685],[114.62320340217084,4.016437709260055],[114.62189522942612,4.015836794665355],[114.62111314115323,4.014948932526752],[114.6201608456581,4.014593766339496],[114.61909787645342,4.014723362251467],[114.61773393764145,4.013496537511768],[114.61605603036158,4.012723101535871],[114.6161172606971,4.011661032855507],[114.61562791599756,4.010374668254316],[114.61409825501396,4.009264185656453],[114.61338872408962,4.007739598020876],[114.61284314703953,4.007083404193385],[114.6111920132798,4.006418137876589],[114.61072500547141,4.006490664848628],[114.60977896281834,4.004928859533543],[114.610577630601,4.003470447432646],[114.6119206719411,4.002847995119115],[114.61401817884588,4.003513430288977],[114.61645685382634,4.002975534577365],[114.6184778599922,4.00304931292143],[114.61959694039498,4.002657830053683],[114.62337640313125,4.002718481599109],[114.62454674955265,4.002950930172952],[114.62752546008227,4.002898770143978],[114.62810980726324,4.003122964376045],[114.6291864708896,4.003064826063581],[114.63059985373779,4.003247686715439],[114.63291672106904,4.004047565561338],[114.63542352410596,4.0051337843244],[114.63734557180827,4.005243975972109],[114.6384539396112,4.005653798185773],[114.63901182492158,4.006075345684139],[114.64094615544535,4.005746264762034],[114.64407168923104,4.006259771032937],[114.6451079982482,4.005258539724349],[114.64645710729044,4.005802492003053],[114.64858489304675,4.006413491613307],[114.6501292029063,4.006711550048997],[114.65112643637782,4.00723218444407],[114.65179020153154,4.0072695928906406],[114.65240501272666,4.0077138650931206],[114.65444613614022,4.008129502573515],[114.65556290659086,4.008119268896202],[114.65732376602168,4.009155254346627],[114.6582986320864,4.009126481191356],[114.65881317226106,4.0097428838653855],[114.66021847231305,4.0094477614383335],[114.6614778699697,4.010510886657374],[114.66274047765337,4.011114414837694],[114.66404718920579,4.011189271830023],[114.66563519637606,4.011607021674511],[114.66614274685874,4.011938530064471],[114.6678240706816,4.01251005116143],[114.67064124276867,4.014438982380236],[114.67299099958608,4.015101011012107],[114.67429840296529,4.01601276234832],[114.67621369015322,4.016308584711161],[114.67756661829623,4.016201828162543],[114.67884790731458,4.016637672425265],[114.6794162247087,4.017748536612428],[114.68092606594887,4.017988980058741],[114.68333022042081,4.019270391822193],[114.6847588952821,4.020157463992066],[114.68778966614539,4.021758705860242],[114.68866404671705,4.022018485854072],[114.68999964262045,4.022937199791964],[114.69141428571685,4.0231501990491925],[114.69264129387284,4.023888326731],[114.69358066198299,4.024826264881177],[114.69518488567176,4.025192472040814],[114.69710799142722,4.0268330510790085],[114.69815461788544,4.027481247331069],[114.69890446742447,4.028284055723381],[114.70123081059903,4.029199890550163],[114.70341341684795,4.030242757440974],[114.70443544597981,4.031732170280722],[114.70556335206517,4.0324524774990325],[114.70679139933856,4.033543323416299],[114.70770140567461,4.033658266883221],[114.70970678479338,4.035705591962641],[114.71159925241075,4.0360709321751695],[114.71236008239734,4.0375520465138495],[114.71348680366648,4.03785629089984],[114.71410066540605,4.038342920763837],[114.7148164185802,4.039806074683138],[114.71662958317116,4.040777626007965],[114.71732518807316,4.041499176026579],[114.71825687453334,4.042880297547535],[114.71918579634995,4.043302692669678],[114.72001765634631,4.04442180782471],[114.72017325246998,4.045280596845936],[114.72101320826638,4.046083123875223],[114.72167132983614,4.046298279013099],[114.7221524270065,4.047590260813362],[114.72351250605124,4.047604385974465],[114.72405416886332,4.048036948816098],[114.72428271430566,4.0492030426762815],[114.72598827468079,4.050328648011785],[114.72625065051106,4.050734891926541],[114.72633550858527,4.052046118127837],[114.7270116508263,4.0522612147025665],[114.72827654032827,4.053614218203816],[114.72901999012166,4.054910519383526],[114.72944451700444,4.056489265206556],[114.72924504908423,4.057007372285171],[114.72959395600475,4.057550445457403],[114.73042390447311,4.057418566202671],[114.73149358982084,4.057843364065878],[114.73228922962514,4.059467942868088],[114.73326655098734,4.060459145607203],[114.73385029864652,4.061809328316375],[114.73432819162964,4.0623763278729195],[114.73457424120453,4.063942592440474],[114.73564812536854,4.065034414081257],[114.7366068169004,4.066778070437642],[114.73828796245425,4.068782464194507],[114.73909033608008,4.070391189899618],[114.74021429809336,4.071469856812242],[114.74074045032347,4.072367404365108],[114.74070715965922,4.073114252893026],[114.74135978619326,4.074139468855444],[114.74220134243967,4.075088943865662],[114.74253502435893,4.076391241372325],[114.74344212407414,4.0776146911573745],[114.74445889645591,4.078223344707597],[114.74518427437144,4.078904930406],[114.74583602585939,4.0800129618549095],[114.74747638468672,4.080947928207065],[114.74761124979973,4.0816366213081325],[114.74859852826447,4.083709175640201],[114.74961978880467,4.084115719638523],[114.75262669707669,4.087830703752818],[114.75313856300885,4.087877526282823],[114.7535187647242,4.088525358669594],[114.75332816232583,4.088992284085652],[114.75369988543711,4.090205429505001],[114.75635535473808,4.093854733950801],[114.75749545273705,4.094273918753829],[114.75758599318695,4.095201291931212],[114.75816026126363,4.0950257676167805],[114.75930115517473,4.095139130804652],[114.75996722825447,4.095553211963141],[114.76062284747144,4.0973924204781],[114.76141662887872,4.098736591377123],[114.76337414986554,4.100877200277334],[114.76455172278676,4.101399997617893],[114.76631520262382,4.101108733756183],[114.76731285754387,4.102666539714806],[114.76851648015963,4.10419659744127],[114.76873719399386,4.104971520937185],[114.7694837639412,4.10557020807699],[114.77087061443015,4.106231151898196],[114.7729860166877,4.109014851548294],[114.77430648284066,4.110243516396403],[114.7750076534416,4.111286624099668],[114.77545693590872,4.112758658103837],[114.77708009971674,4.11554815610875],[114.77777105300218,4.117516131883772],[114.77904405694686,4.11869690183784],[114.781370025205,4.1195613610619795],[114.78245153694257,4.120522801781209],[114.78454327012027,4.121942500034688],[114.78506750301176,4.1217857622203695],[114.78543199140623,4.121106610364825],[114.7864662932213,4.120763216115179],[114.78872997127391,4.122639708333433],[114.78981644383826,4.122801805362861],[114.79083497277408,4.122454778158663],[114.79182188806148,4.123406032277318],[114.79332684858433,4.124200559892419],[114.79439851336086,4.124494407179248],[114.79475139216142,4.12559283719644],[114.79393713452907,4.126856437858104],[114.79401255341294,4.127417826780024],[114.79484650062801,4.12861006600942],[114.79439571101243,4.12942147471814],[114.79316950098669,4.130927972592413],[114.79339946785,4.131776063111718],[114.79415286888216,4.1321969237292375],[114.7951768420072,4.132351852949596],[114.79641340272413,4.132811118436038],[114.79685535138589,4.133190228856421],[114.79684896512711,4.134449711263582],[114.79709507739857,4.135045634710892],[114.79798273529003,4.135364620274814],[114.79838234074778,4.136648605828111],[114.79884066002072,4.136852993215733],[114.80034822162872,4.136809742810454],[114.80104817341324,4.137805943704499],[114.80170496100808,4.139996722205021],[114.80195275048146,4.142475897621205],[114.80238490204631,4.143154642605744],[114.8033940619805,4.144000387009995],[114.80431199246247,4.1442717895833505],[114.80482740554068,4.144928801392409],[114.80502649403847,4.1458010066373046],[114.80640689732806,4.146155809882967],[114.80691692670689,4.146705428898774],[114.80736416596538,4.148474849671411],[114.8077908842854,4.1486516283851325],[114.80903244466592,4.150395475901975],[114.80926503829077,4.151361701757594],[114.80873866761438,4.153444962042604],[114.80889397129174,4.155111809925326],[114.80941812134989,4.155862912512239],[114.81027537474077,4.156548283669077],[114.81081381143295,4.1577453517605285],[114.81156893864281,4.158544088800656],[114.81210042451559,4.159863280328925],[114.81153632144319,4.160061701904789],[114.80907853010443,4.159971882809205],[114.80847373231308,4.160306095352594],[114.80656707389076,4.162084864165922],[114.8055749991334,4.163198639311511],[114.80484792229413,4.162931468990645],[114.80415033144543,4.162169297552541],[114.80302806163324,4.160404737259486],[114.80189883381804,4.159893435365169],[114.80070533701307,4.158596294348674],[114.79940864042258,4.1576191305251],[114.79865549065792,4.156724279555827],[114.79817876219431,4.15544618147477],[114.79751244817722,4.15497362147773],[114.79646135567128,4.155363431197397],[114.79609704494271,4.155726308357617],[114.79611112740119,4.157432587218197],[114.79587896042486,4.158118976001252],[114.79447660913752,4.160045156939594],[114.79406374223335,4.161120440423617],[114.79464768846853,4.162860342181699],[114.79615233976826,4.1657998487363725],[114.79751228294275,4.167027248281701],[114.79874440787108,4.168437053537473],[114.79914101468222,4.169276443338543],[114.79875797725151,4.171293125740004],[114.7996968008815,4.172143326256092],[114.79964652611426,4.173410567574912],[114.7993988248977,4.174554603245437],[114.79970581251057,4.175925633468011],[114.80141445564048,4.177588099063272],[114.8028057945651,4.179139306174582],[114.80278456206665,4.1799491427048565],[114.80245106280204,4.180829446649025],[114.80320479278829,4.1822876013082935],[114.80464692733877,4.184632031252743],[114.80548277657347,4.184740031196594],[114.80731908136792,4.184270122238381],[114.80779564772736,4.184729676928563],[114.80818125083171,4.185838173831218],[114.8097902973932,4.186754178413618],[114.81148527724257,4.187034539713765],[114.81237877381959,4.187590631872179],[114.81305417452609,4.188453763599561],[114.81232392389278,4.190145608474913],[114.81177489783242,4.19106161451767],[114.81220529636197,4.192460813033999],[114.81165073977722,4.193034838342441],[114.81098415188475,4.19417703037077],[114.81089226445475,4.194892677563525],[114.8112210529084,4.195638147283508],[114.81379312485495,4.197944105768245],[114.81494442552507,4.20084960975273],[114.81547218711795,4.201601744252621],[114.81711671685181,4.203157632964294],[114.81788513252467,4.203438823715687],[114.81839224997374,4.2041670235325235],[114.81960828242904,4.2053136975646055],[114.82217876880118,4.208198768256512],[114.82264019103403,4.209046146163],[114.82348274185053,4.210063088020184],[114.82430072467929,4.210774567342153],[114.82474989191657,4.211476987380964],[114.82612051162195,4.2130327379958805],[114.8270961849521,4.213754476182471],[114.82746245889292,4.214413900711457],[114.82874596413524,4.21564402603127],[114.83001759918797,4.216110765212289],[114.83069757008785,4.216795805472881],[114.83191160914386,4.2175801250686495],[114.83247099317214,4.218606113864978],[114.83338102004537,4.221079864390092],[114.83412214083256,4.22224916442542],[114.83463476448505,4.224196991426138],[114.83629442327519,4.227109097199594],[114.83724124890178,4.22796460120092],[114.83795374990838,4.229347944328521],[114.8377696635091,4.230476816355314],[114.83856189925022,4.231786993670018],[114.83872791188323,4.233247750235135],[114.83919803177668,4.23435456072513],[114.84041910665572,4.235778182322728],[114.8417233616709,4.236964130619779],[114.84204185404154,4.2380145889393415],[114.8428102441432,4.239626136609569],[114.84230459329116,4.240177981389106],[114.8423872478335,4.24144170629639],[114.84210289528677,4.242369923081158],[114.84226190430479,4.242817142816164],[114.84342432678875,4.244390175975086],[114.84333654962045,4.245339840154964],[114.84432463246752,4.246237886485991],[114.84553254569829,4.247768947241695],[114.84690571022374,4.249760205559257],[114.84770083564302,4.250712824356664],[114.8478219805474,4.251483219855323],[114.84860250606289,4.25263316613983],[114.84953332321113,4.254880433706186],[114.84972004330795,4.256292223952877],[114.85050562376425,4.257435372926219],[114.85113526714035,4.258775709204694],[114.85144158040632,4.260073230409977],[114.85142758206634,4.260840930457179],[114.85184162062052,4.2614561025117546],[114.85306192434338,4.262049588801203],[114.85362305606628,4.262706709761873],[114.85533325875156,4.265713018449923],[114.85648969425925,4.266965817994859],[114.8572458148983,4.268044320559534],[114.85747703516887,4.269270565113605],[114.8580971142694,4.271162357772953],[114.8569857916915,4.2721552962970755],[114.85702427809184,4.272959860268527],[114.85650916737694,4.27540346189775],[114.85664979780829,4.278318477291761],[114.8563908983036,4.278913668024943],[114.85560253220511,4.2792702342415065],[114.85410242738566,4.278147372215189],[114.85354611981352,4.278154163087246],[114.8526464505527,4.278759791820173],[114.85184454868812,4.277625744396431],[114.85102839830606,4.276806603987351],[114.8503702402602,4.275723554686317],[114.84980775050923,4.275548907603954],[114.84936692915213,4.275944821055859],[114.84862492410035,4.275992311363459],[114.84774740216508,4.274986810919206],[114.84691567556668,4.273298589265197],[114.84561409271362,4.271714399955283],[114.84432121105712,4.270398976912584],[114.84280771485362,4.269119833049741],[114.84162749061262,4.267627976144694],[114.84030025868807,4.266307844474981],[114.83966781239538,4.264595266067524],[114.83912605689075,4.2636393246024635],[114.8373565863774,4.262427655796018],[114.836710721274,4.261303577900947],[114.83634950927792,4.259904468423319],[114.83539735503228,4.259160624758508],[114.8344727618957,4.2591524126839495],[114.83294142993769,4.259789617059892],[114.831028003195,4.25900968400667],[114.83031330389508,4.259144695407138],[114.82924364565791,4.259954033674719],[114.82710428079466,4.258375747972217],[114.82651835726924,4.2571435102275235],[114.8250185290085,4.255335473157728],[114.82359025709745,4.255228717360267],[114.82241405955017,4.254497975241903],[114.82184937080231,4.253771312720218],[114.82094692292341,4.253259634095471],[114.82098999627479,4.25203934112571],[114.82021075069207,4.251114630921791],[114.8179629460845,4.2503520735529685],[114.81645543534904,4.248788526717559],[114.81571498378457,4.248970803550145],[114.81413216120859,4.2515925568381805],[114.81460597999067,4.253002639978876],[114.81441726582098,4.253726771016965],[114.81322272608644,4.2540141437835235],[114.81297375348025,4.254359151471944],[114.81310582865805,4.2555944612003875],[114.81440334784988,4.257544168530084],[114.81661523383046,4.260221743522808],[114.81739520949398,4.261338686111292],[114.77310338816746,4.26159621455227],[114.74598718741407,4.261752697583599],[114.74228659602689,4.25767448799719],[114.73873845336671,4.253084298359014],[114.7355508073021,4.249198582167163],[114.7310288721503,4.244147991088066],[114.72104585338263,4.2382321548069575],[114.71727778536155,4.2359190331427525],[114.71451936723383,4.231406755423648],[114.70545430434922,4.222207769691476],[114.70376149560286,4.223263312839314],[114.70290610425612,4.223416707288379],[114.70072551427681,4.222855163618517],[114.70002978026055,4.222922173605024],[114.69830225100232,4.223674730024106],[114.69716354531711,4.224581605913314],[114.69602815682248,4.225863251246715],[114.69472196465982,4.226681854270077],[114.69310427043935,4.227452171004182],[114.69169199544348,4.227795390905068],[114.68923868633655,4.2275599194849445],[114.68687795773644,4.228202054300344],[114.68595535238775,4.227886725106066],[114.68416865778222,4.228035132840302],[114.68286132984885,4.227662677096221],[114.68218204682078,4.2267802367555865],[114.68139001914162,4.227441051338847],[114.68108761368121,4.226826890673511],[114.6798609784705,4.22703203962541],[114.67819779037592,4.226568239704052],[114.67694005962394,4.226588968245484],[114.67637241382863,4.2271162681757195],[114.67573526693721,4.226374786804643],[114.67574601502074,4.225643167066194],[114.67543245118345,4.224466865021568],[114.67434002263722,4.222431012535544],[114.67381853538575,4.221795430014482],[114.67312056457341,4.22186722646629],[114.67182972861241,4.222783738189659],[114.67124900996437,4.222666489195835],[114.66993951286071,4.221719411612395],[114.6684146082263,4.221654497185712],[114.6654229189758,4.222369871554736],[114.66313476120814,4.222588342570137],[114.66018470899546,4.22263053406047],[114.65903384692889,4.223095423232166],[114.65803567279768,4.223132446780414],[114.6570606910158,4.222805926488418],[114.635684405051,4.216201171285537],[114.60920705523031,4.216272378509565],[114.58948533316818,4.194073799039677],[114.5637738098416,4.165130742667928],[114.53333449053031,4.130862180000944]]]},"properties":{"id":420,"name":"Kg. Bukit Tuding","mukim":"MUKIM MELILAS","area":560244672,"district":"Belait","mukimDisplayName":"Melilas"},"id":420},{"type":"Feature","geometry":{"type":"Polygon","coordinates":[[[114.4890731981483,4.30393824573333],[114.48958125261785,4.3300186733159],[114.49000538819425,4.351792578260269],[114.44987526498917,4.351900964653396],[114.44905999219998,4.352752279280957],[114.44866575804947,4.353501879727441],[114.44770715101916,4.354016781250026],[114.42108520375866,4.354111808295994],[114.4208669537871,4.339887210313919],[114.36911576272541,4.340134076902459],[114.33110825917949,4.340313390178821],[114.32690997412024,4.325640299697189],[114.3240320584228,4.318761384632745],[114.32209526085073,4.304535136329253],[114.36902791855582,4.304406972574428],[114.41301345820737,4.304284530635517],[114.41513563363647,4.303574844939029],[114.41915214129583,4.302914607572781],[114.42069516144642,4.301641115374609],[114.42245555858888,4.301272895727495],[114.4242474028714,4.300647966877187],[114.42548496660389,4.2997183534618015],[114.42633675654989,4.299658526533699],[114.4269793393733,4.300367705163858],[114.45167693536816,4.300301249990663],[114.48900036193668,4.300199452764285],[114.4890731981483,4.30393824573333]]]},"properties":{"id":421,"name":"Kg. Mendaram Kecil","mukim":"MUKIM LABI","area":85858960,"district":"Belait","mukimDisplayName":"Labi"},"id":421},{"type":"Feature","geometry":{"type":"Polygon","coordinates":[[[114.48900036193668,4.300199452764285],[114.45167693536816,4.300301249990663],[114.4269793393733,4.300367705163858],[114.42633675654989,4.299658526533699],[114.42548496660389,4.2997183534618015],[114.4242474028714,4.300647966877187],[114.42245555858888,4.301272895727495],[114.42069516144642,4.301641115374609],[114.41915214129583,4.302914607572781],[114.41513563363647,4.303574844939029],[114.41301345820737,4.304284530635517],[114.36902791855582,4.304406972574428],[114.32209526085073,4.304535136329253],[114.31652484586124,4.263619737634304],[114.32434001105919,4.256852139013213],[114.34807618506117,4.259033895887888],[114.36511935774101,4.255547090299079],[114.37192484403921,4.263828220388457],[114.38300828580736,4.264944947818039],[114.39826091010697,4.260978947097279],[114.39951318962781,4.262572095021801],[114.40271108937495,4.263253652632266],[114.40547210710783,4.261593851282957],[114.40690946519439,4.258627105590592],[114.40794980956692,4.257881153500841],[114.40838436157412,4.258055285024373],[114.40897339688944,4.257415328024265],[114.4171683951827,4.254631530845142],[114.41800290005115,4.2544326981600555],[114.41929621711064,4.254426018369685],[114.41926932034623,4.253361692128415],[114.41994729278707,4.252716413885051],[114.42180029787049,4.252715936597632],[114.42274288141918,4.2533980696067735],[114.42248554309316,4.25427997437439],[114.42300329704403,4.2559608846201105],[114.42357295341543,4.2563455080624815],[114.42414147176632,4.257169346565265],[114.4248198227966,4.257563586085439],[114.42532039156622,4.258903117086131],[114.42577961713567,4.2592583443422765],[114.42631940751141,4.260744180027326],[114.427259475158,4.262873110708838],[114.42701348337728,4.263121607128147],[114.42724893923474,4.264049453328868],[114.42663440515693,4.264400919743766],[114.42560142159336,4.265382593952644],[114.42647539026737,4.26675593446453],[114.42700814068144,4.2665714298147455],[114.42772020921699,4.266934772737288],[114.42896072629135,4.267193887913882],[114.42983378078209,4.2677597475752895],[114.43088773794491,4.267944158996465],[114.43118700365602,4.2687206316188515],[114.43107331763107,4.269851449461749],[114.43054019872234,4.270335549679836],[114.43074487732022,4.2715591039985865],[114.43143606451672,4.272124014005385],[114.4321833663821,4.272391453109354],[114.43347859431772,4.273570671790076],[114.43387928361044,4.2743726050530855],[114.43593075946555,4.274682205329197],[114.43626790230809,4.27263593448666],[114.43692397315964,4.271567600600668],[114.43777616896105,4.2721199388963536],[114.43794709318962,4.272685895814696],[114.43930746400537,4.274457337042518],[114.43985893891427,4.275432980346699],[114.44003259891791,4.277295364623996],[114.44165253491994,4.278615903521435],[114.44340116062087,4.27939373704288],[114.44512388404333,4.279700306846377],[114.44578568797543,4.278922113128259],[114.44721948512718,4.279008018178431],[114.44828570677547,4.278695790825908],[114.44996145905529,4.2784967404098815],[114.45079452712841,4.276628371021386],[114.45182586700145,4.276108495020265],[114.45218399838332,4.275016893186966],[114.45197025395144,4.274003358469291],[114.45258670732939,4.271763036400876],[114.45232410149467,4.270799087945218],[114.45347254551454,4.268518668932791],[114.45389061767175,4.267968151025568],[114.45565851670369,4.267263219857515],[114.45599388231173,4.266957109162926],[114.45534813511294,4.265234151934141],[114.45556662489723,4.264364774433507],[114.45656607269467,4.263492810387617],[114.45678804764157,4.262664968950808],[114.45542100019512,4.261153024800204],[114.45669813284852,4.25944261875714],[114.45683887448092,4.2585559153585235],[114.45667439440166,4.256336538860712],[114.45704447707531,4.254861083331054],[114.45660367053826,4.252693860350997],[114.45655082347051,4.251189537364939],[114.45623751697845,4.249776615141496],[114.4558813795967,4.249444593190132],[114.45463878145407,4.249247137466922],[114.45411574222175,4.2488219947073675],[114.45437973430721,4.24725467466521],[114.45332943047842,4.244974838851618],[114.45377666532768,4.243725571267059],[114.45383457766164,4.241717590879834],[114.45434551869255,4.2407213986264285],[114.45514636311998,4.240357556059087],[114.45558646500544,4.239840891815848],[114.45567311487163,4.23850211143564],[114.45593201945782,4.237587969506198],[114.45656868354425,4.236437695617586],[114.45673622265709,4.23502635087979],[114.45740854644278,4.233731275916705],[114.458467283211,4.2320643807536],[114.45849102981845,4.230789072543688],[114.46062430912416,4.230321433476132],[114.46118633384684,4.229926830403977],[114.46062716605485,4.228368419670121],[114.4605276095044,4.22687636790002],[114.46066340620702,4.224729968067211],[114.46009628595988,4.223580833795883],[114.45981356364443,4.221362316751487],[114.45920987406677,4.220660403299035],[114.46062378514844,4.217869953536655],[114.46146223191425,4.2172507854089805],[114.46267690779095,4.216024102718236],[114.46315801000377,4.214601762992134],[114.46377822074001,4.214287838773753],[114.46457789373595,4.2134810947994765],[114.4648467537704,4.2125038911842125],[114.46463818240026,4.211315951484359],[114.46464856818423,4.210103700624308],[114.46391439176298,4.209234809938928],[114.46480881299674,4.2082740666293885],[114.46559087641795,4.208500118131223],[114.46635729665705,4.208119674260581],[114.4663649131524,4.20714456121345],[114.46592568361778,4.206245227315024],[114.46683520910796,4.2048127220637985],[114.46815162339456,4.204620491695922],[114.46874174515693,4.203777830738674],[114.46945304332978,4.2036377656017345],[114.46978556267081,4.203114307261254],[114.46987950503649,4.201559845837463],[114.4708363384076,4.201007340463436],[114.47232662021659,4.199689757380891],[114.47226667018445,4.198063909097429],[114.47272488583428,4.197162799565957],[114.47404821963602,4.195083376553086],[114.4744255825859,4.193834834532984],[114.4743691069986,4.1926826726591875],[114.4737486058141,4.191791445298331],[114.47356969972725,4.19097396282068],[114.47522890696847,4.189889671292668],[114.47660552019589,4.18795452943631],[114.47705727912057,4.18652179211922],[114.47740210169053,4.186189074412462],[114.4783626593993,4.1859943651569065],[114.4790919604438,4.184989094988031],[114.47848890451883,4.183445215775563],[114.47929104833123,4.182306347943462],[114.47929372610643,4.180953923226207],[114.4799515991376,4.1801947316930015],[114.4799951337895,4.178100558728792],[114.48052845907667,4.1772959050956855],[114.48059394409194,4.176497565739279],[114.48175288171764,4.1731407481670235],[114.48153284190558,4.172096415240892],[114.48231403125885,4.171348203536805],[114.4834919356804,4.1687948712589975],[114.48434884241917,4.167722271310673],[114.48433579359401,4.166820124342148],[114.48371972256365,4.165250276789073],[114.4861586534468,4.16495742638898],[114.4871170362874,4.210335407083055],[114.48766831085393,4.236438948087935],[114.48836494621325,4.269427363630629],[114.48882894983832,4.291400767154778],[114.48900036193668,4.300199452764285]]]},"properties":{"id":422,"name":"Kg. Teraja","mukim":"MUKIM LABI","area":108521344,"district":"Belait","mukimDisplayName":"Labi"},"id":422},{"type":"Feature","geometry":{"type":"Polygon","coordinates":[[[115.0435651778594,4.997845651548977],[115.04142018937245,4.998173205542542],[115.04116810327776,4.997953473331666],[115.04141695808856,4.996649479268639],[115.04221183102106,4.995864541596493],[115.04316398648407,4.996248449331927],[115.04379344383624,4.996901568248006],[115.0435651778594,4.997845651548977]]]},"properties":{"id":895,"name":null,"mukim":null,"area":null,"district":"","mukimDisplayName":""},"id":895},{"type":"Feature","geometry":{"type":"Polygon","coordinates":[[[115.02510375218141,4.931383294464502],[115.02418611282164,4.928511723812303],[115.02478608537203,4.928156942666318],[115.02539629087237,4.92885626046971],[115.02591748238672,4.9312553677315965],[115.02510375218141,4.931383294464502]]]},"properties":{"id":901,"name":null,"mukim":null,"area":null,"district":"","mukimDisplayName":""},"id":901},{"type":"Feature","geometry":{"type":"Polygon","coordinates":[[[115.12805017722158,4.860762414709167],[115.12918327442799,4.861130353570527],[115.13129876250761,4.862020476563271],[115.1324946632489,4.862948924999935],[115.13271467816176,4.863818809771052],[115.13318886293087,4.863643929487622],[115.13394944023715,4.864245761210225],[115.13539489840333,4.8650605416196315],[115.13663241315079,4.865306654183348],[115.13783739196154,4.865074044047009],[115.13876981045381,4.864688937697012],[115.14023000047172,4.8635208846683105],[115.14183675354245,4.861560395365975],[115.14293620474858,4.860450163264297],[115.14395404723487,4.859828179682088],[115.14489175425115,4.859505347413011],[115.14646808018442,4.859437536469467],[115.14733712496599,4.859785670287236],[115.1479598803796,4.860494835331833],[115.14830602415283,4.8615251196299],[115.14766076449392,4.864020993341584],[115.1466248060856,4.866877675030704],[115.14627374598372,4.8687201989209274],[115.14643841021437,4.869727415236545],[115.14722285504041,4.871011257695886],[115.14869631150215,4.872781348136003],[115.14996399790292,4.877930376411952],[115.15092151657423,4.879203883818329],[115.15221811716943,4.8799890839450635],[115.15255509182529,4.880645985680289],[115.15264075867833,4.883155493531144],[115.15177436074586,4.883998689371293],[115.15141010404461,4.884938445962083],[115.1514454387993,4.885502543825006],[115.15237558076973,4.8868394108160995],[115.15373177471022,4.887655968812074],[115.15540563365752,4.888229467420838],[115.15600159156081,4.888248979997058],[115.15737986986458,4.887776088055958],[115.158805351039,4.887006206269373],[115.15928279238018,4.887600645285986],[115.15892794665845,4.8888951566125565],[115.15832605196903,4.890362584187842],[115.1579226704384,4.892333647909321],[115.15810347204408,4.894726597902804],[115.1574428436318,4.896115055883079],[115.15602829073542,4.897737704894613],[115.15566189964552,4.89794473937384],[115.15371591486596,4.898341470099257],[115.15291531457811,4.898966639940384],[115.15265022220817,4.900584011805857],[115.15302305175496,4.901734162015584],[115.15519352320442,4.903989777009952],[115.15562370013873,4.905376426313749],[115.15527494342673,4.906484568472182],[115.15510244101854,4.908302298677217],[115.15473070702717,4.908903440286666],[115.15261181221587,4.90970221307063],[115.1518829952039,4.909632113834528],[115.15145927111695,4.909230632558787],[115.15075488521788,4.909209729071758],[115.14897389386265,4.908167317026919],[115.14803481053741,4.908308204491361],[115.1475033381389,4.907733758501574],[115.14657599239833,4.9073996160972015],[115.14389752729673,4.907387086599403],[115.14311708084959,4.9067392578485665],[115.14244293293004,4.907024011894334],[115.14163937597108,4.906696085173004],[115.14046244274572,4.905632709428045],[115.13968323902205,4.905176312144607],[115.13958167252053,4.904780820687502],[115.13980517064243,4.903036767968828],[115.14005982883317,4.902195566566114],[115.14126776791717,4.900944131406518],[115.14231528096815,4.900264355083449],[115.14483466094903,4.898899736197482],[115.14618554198974,4.897502304017755],[115.14765495791477,4.8957838909447435],[115.14891364485574,4.894841164538002],[115.15073688359895,4.893746910682298],[115.15111030652919,4.892947240298896],[115.15112387204184,4.892021876561318],[115.15062625825381,4.891097804369684],[115.14781686882304,4.889247200183693],[115.14659037945553,4.887911612230871],[115.1457893910365,4.8863556564877735],[115.14508061197404,4.885533671032202],[115.14290672973578,4.884054289402832],[115.1422719290101,4.883083940113293],[115.14240145012552,4.882532713858197],[115.14357429239172,4.881977596507834],[115.14498307981502,4.88206909068198],[115.14707587722278,4.882952165201224],[115.14801273490305,4.883097833461297],[115.14896091065842,4.882775230188797],[115.14938280508687,4.8822456258377045],[115.14922367744654,4.880331848083392],[115.14832755744946,4.879234142582143],[115.14629731155955,4.878446585243679],[115.14488563303028,4.878471721005207],[115.14386502332545,4.878761104802089],[115.1413257934446,4.880107610916267],[115.14067264792415,4.880064056209791],[115.1396874748715,4.878505530155967],[115.13940781484438,4.8775748945302935],[115.13876150242275,4.876433309044963],[115.13742940625652,4.875876530036326],[115.13689460224619,4.875384058412101],[115.13623223866671,4.87343636337817],[115.1349695382936,4.872512177147187],[115.13458460986848,4.873366823908534],[115.13434734143863,4.874782738988858],[115.13353528762181,4.8751279891936194],[115.13263934575623,4.874451435354395],[115.13071030044547,4.873763019383442],[115.12924796970933,4.8737910418901365],[115.1286427989743,4.872798056786193],[115.12846682668903,4.871222759706973],[115.12777158700335,4.870757256747764],[115.1268202068761,4.8707531032667735],[115.12570590707384,4.871112730867227],[115.12467208313312,4.8721639507167165],[115.122788810834,4.8722908943147125],[115.1222168911473,4.872093563793248],[115.12106751689238,4.871017041287394],[115.11995415218975,4.870406945593516],[115.11888226772413,4.8700297595753135],[115.11664857618538,4.869797948289135],[115.11485500804925,4.869918806313189],[115.11403795522224,4.869485523234274],[115.11403613690743,4.869113769496243],[115.11536462873337,4.868213363308295],[115.11643001645578,4.867894913995727],[115.11716666728043,4.86737709916841],[115.11789640272006,4.866478113594892],[115.1181134334345,4.86536010018012],[115.11915924423347,4.864372030208082],[115.11988343317145,4.86406331328863],[115.12057458315137,4.86318765499512],[115.12190909645258,4.8621068495972315],[115.12311102750175,4.861312616076393],[115.12480228452577,4.860583749459906],[115.12592304794971,4.8603169291189054],[115.12716384692702,4.860459527612533],[115.12805017722158,4.860762414709167]]]},"properties":{"id":914,"name":null,"mukim":null,"area":null,"district":"","mukimDisplayName":""},"id":914},{"type":"Feature","geometry":{"type":"Polygon","coordinates":[[[114.95575556078683,4.86652801611932],[114.9557087095827,4.867113550626225],[114.9552246293951,4.86803634170308],[114.95421879620271,4.868559112049152],[114.95295314063638,4.868791281977322],[114.95267089818363,4.868417622535759],[114.95281524581178,4.866507682499487],[114.95343686655335,4.865054157328834],[114.95443043891892,4.863501996190365],[114.95524668439006,4.863628651427645],[114.95558404610264,4.864721398910505],[114.95575556078683,4.86652801611932]]]},"properties":{"id":917,"name":null,"mukim":null,"area":null,"district":"","mukimDisplayName":""},"id":917},{"type":"Feature","geometry":{"type":"Polygon","coordinates":[[[115.10051885539507,5.0402285154299316],[115.09898882872727,5.040664874392123],[115.098324658912,5.040396035459971],[115.0967347388599,5.038157234714192],[115.09682757335217,5.037276822598228],[115.09798120918327,5.036891869597543],[115.09905459375156,5.03733621447646],[115.09884022915745,5.03823577447094],[115.09986891162595,5.038604628356915],[115.10049137204828,5.0384774140488195],[115.10168259262446,5.038711093962513],[115.10245961235076,5.038381180785771],[115.10311087531963,5.038524324582903],[115.10414171713091,5.038345709286607],[115.10535443571376,5.038780319756838],[115.10765337273918,5.039013109384601],[115.11028994119062,5.039539700268017],[115.11346034664449,5.040390593372024],[115.11722089443283,5.04111213611087],[115.12003653955044,5.041715785473847],[115.12195980920924,5.041839889382906],[115.12310088032795,5.0417206210428285],[115.12482065000499,5.041750921565035],[115.12595684058847,5.041910314121351],[115.12983526409603,5.04219048318577],[115.1335549699672,5.041601851013471],[115.1367926907802,5.041151687124134],[115.13808546210119,5.040709263377201],[115.13870212914631,5.041630649614706],[115.13714653762854,5.04241664423849],[115.13586944456988,5.042410557282369],[115.1355387597863,5.042836678212636],[115.13478621312447,5.0425640239450376],[115.13391081501787,5.0426602738417765],[115.13361038182278,5.043005212824251],[115.13226207315019,5.042687325864563],[115.13188035009019,5.043423197223921],[115.13039091082743,5.043007534058284],[115.12991912645417,5.0433126374493735],[115.12854938117302,5.04333554152522],[115.12763309919502,5.044116567374908],[115.12740662865754,5.0435194996931045],[115.12612909114172,5.0433114966552335],[115.12503649200525,5.04364310276476],[115.12392302484952,5.043332871651136],[115.12257941479362,5.043511669358719],[115.12096122541308,5.04309285671532],[115.12025953032135,5.043347113006604],[115.11877523560415,5.0427444805631],[115.11760809245683,5.042998132042943],[115.11722916410858,5.042639349795439],[115.11604446282286,5.042284365603949],[115.11546489613619,5.042365254086364],[115.11388394964811,5.0419661200978005],[115.11243799980173,5.041935052710731],[115.11124571911469,5.041498704952706],[115.11014649803701,5.04157050484039],[115.10860716041444,5.0409307848226605],[115.10780059124058,5.040914313620877],[115.1062572168436,5.040328400504749],[115.10533676079518,5.040508514827025],[115.10385577457424,5.040027674017114],[115.10344771876737,5.040221097244976],[115.10236648077144,5.039922528487494],[115.10051885539507,5.0402285154299316]]]},"properties":{"id":884,"name":null,"mukim":null,"area":null,"district":"","mukimDisplayName":""},"id":884},{"type":"Feature","geometry":{"type":"Polygon","coordinates":[[[115.04126514747874,4.90851425115235],[115.04079752819496,4.90724760064394],[115.0399056960157,4.90572621951931],[115.03873352975792,4.904534881917792],[115.03612665631374,4.902916333211617],[115.03573219862206,4.902342307180718],[115.03528732432353,4.900893768929978],[115.03549806844872,4.899383146989198],[115.03604325251864,4.898767829328435],[115.0362304475134,4.897647851699984],[115.03709411220119,4.897287254913428],[115.03782241347716,4.89735220364336],[115.0386597877864,4.8978296348856],[115.03968036763223,4.89871151016193],[115.04022670999977,4.899472927980172],[115.04107521792749,4.900159461700341],[115.04317666299612,4.901271406854418],[115.04395565140624,4.9019085650686804],[115.04442833625849,4.902632312043991],[115.04448379733647,4.905649128511797],[115.04407193451708,4.908300083417459],[115.04368286081444,4.909461347734846],[115.04323175557094,4.910022780007765],[115.042161857865,4.9101895498606005],[115.04154100212655,4.909822903753552],[115.04126514747874,4.90851425115235]]]},"properties":{"id":908,"name":null,"mukim":null,"area":null,"district":"","mukimDisplayName":""},"id":908},{"type":"Feature","geometry":null,"properties":{"id":894,"name":null,"mukim":null,"area":null,"district":"","mukimDisplayName":""},"id":894},{"type":"Feature","geometry":{"type":"Polygon","coordinates":[[[114.69216807137519,4.683303433434347],[114.6941591589031,4.6897904252370415],[114.69391492318744,4.718028346154969],[114.67568097360599,4.706671144639176],[114.67451859010683,4.706508256068412],[114.67334082555372,4.705725235921159],[114.67321106820172,4.705293600771552],[114.67414311968922,4.705058919768591],[114.67511750417374,4.70394823285047],[114.67423448124404,4.703029892589027],[114.6727111485573,4.702607436272859],[114.67216091821297,4.701001266529962],[114.67162135206065,4.701211022936372],[114.66963973926435,4.699705963702424],[114.66219288210985,4.692692651595883],[114.66248262791237,4.686237702133826],[114.6637286312842,4.686184203523033],[114.66461084732127,4.6857747823406735],[114.66520575522817,4.685773124261477],[114.66607579372089,4.6842242080147125],[114.66655299989618,4.684032954970783],[114.6667009407639,4.685167869100624],[114.66836871146087,4.685456804782224],[114.66985064229786,4.686782106437885],[114.67164420209336,4.688030621228342],[114.67196115681998,4.688780812583604],[114.67433205234627,4.689570322788711],[114.67505365369286,4.6896885264130725],[114.67588505429273,4.690661296135002],[114.6753421513861,4.6913345977116245],[114.67361636564709,4.692276587628551],[114.67362382840629,4.692787084567542],[114.67491817765752,4.693502165217163],[114.67613239978003,4.693561223526174],[114.6771616661066,4.6941673827173425],[114.67869245990475,4.692621395509883],[114.6790792774486,4.692426408284497],[114.68547778748666,4.685856477198671],[114.69216807137519,4.683303433434347]]]},"properties":{"id":353,"name":"Kg. Kuala Abang","mukim":"MUKIM LAMUNIN","area":7442224.5,"district":"Tutong","mukimDisplayName":"Lamunin"},"id":353},{"type":"Feature","geometry":{"type":"Polygon","coordinates":[[[114.73654912348506,4.703980401029041],[114.73436922498485,4.704195850024686],[114.72832832956293,4.701581271672579],[114.72735224058405,4.700882001115002],[114.72664131263701,4.701914017988134],[114.72482450159943,4.703345088223392],[114.7236671562484,4.702569808203097],[114.7229514391499,4.7023954152325755],[114.72022916317029,4.703396473765317],[114.71848093238971,4.704940446234854],[114.71840659582335,4.706060612863517],[114.71730904097397,4.707105257931906],[114.71671258761533,4.709731855183883],[114.71575494396173,4.713545510972302],[114.71508163470529,4.71429122331137],[114.71137808563383,4.710728268790015],[114.70224298739144,4.701828749104787],[114.70290627308727,4.696706994830703],[114.70196955832364,4.69538844159177],[114.70257686100874,4.695353995350437],[114.70684341870694,4.696409065423666],[114.71102120906085,4.6961977681746285],[114.71100544836123,4.6955561636171455],[114.71138591303819,4.693031863625632],[114.71271252890153,4.693588807035054],[114.71280908641661,4.691273872342446],[114.71377438688863,4.689036534164903],[114.71244845307761,4.689314093301621],[114.70985532038789,4.689220637776716],[114.70894471562349,4.690614719953473],[114.70802093076485,4.690899677492032],[114.70358041630801,4.691446693721856],[114.70191071822302,4.691266582093471],[114.70171186842418,4.690140520313436],[114.70169569220997,4.683419968647288],[114.7082711877822,4.68350032153133],[114.70760651081807,4.6825336674671005],[114.70350207103544,4.673960504077205],[114.70152707103155,4.672666629178036],[114.69939587350694,4.671148504249426],[114.6988351298312,4.670899237718964],[114.69657794119784,4.670627062425078],[114.69573084116757,4.655951665426144],[114.70845117293123,4.655078890078984],[114.70875074171221,4.6638423956382455],[114.70894323648483,4.669473474170862],[114.7088933998554,4.671093800566934],[114.71731080585079,4.674921632064553],[114.71817454652063,4.675557891302961],[114.71977273858266,4.675801641864345],[114.72077565325868,4.676183528908442],[114.72098790503041,4.67669019459466],[114.72759238170039,4.677005091781919],[114.74237705070857,4.67827670786975],[114.74237616622277,4.6809735370122505],[114.74213079273609,4.682241519042703],[114.74219018300242,4.683700803991542],[114.74134158692347,4.688362824003896],[114.74134429671561,4.689506015101688],[114.74160505707002,4.69065920599679],[114.74189825511736,4.693218612981551],[114.74162466049276,4.6949467872340795],[114.74113104015787,4.696090564626377],[114.74021652623138,4.6974135994437205],[114.73728560981792,4.701073769507808],[114.73680346991335,4.702296925483114],[114.73654912348506,4.703980401029041]]]},"properties":{"id":354,"name":"Kg. Lamunin","mukim":"MUKIM LAMUNIN","area":15650747,"district":"Tutong","mukimDisplayName":"Lamunin"},"id":354},{"type":"Feature","geometry":{"type":"Polygon","coordinates":[[[114.70169569220997,4.683419968647288],[114.70171186842418,4.690140520313436],[114.70191071822302,4.691266582093471],[114.70358041630801,4.691446693721856],[114.70802093076485,4.690899677492032],[114.70894471562349,4.690614719953473],[114.70985532038789,4.689220637776716],[114.71244845307761,4.689314093301621],[114.71377438688863,4.689036534164903],[114.71280908641661,4.691273872342446],[114.71271252890153,4.693588807035054],[114.71138591303819,4.693031863625632],[114.71100544836123,4.6955561636171455],[114.71102120906085,4.6961977681746285],[114.70684341870694,4.696409065423666],[114.70257686100874,4.695353995350437],[114.70196955832364,4.69538844159177],[114.70290627308727,4.696706994830703],[114.70224298739144,4.701828749104787],[114.71137808563383,4.710728268790015],[114.71508163470529,4.71429122331137],[114.71450475159523,4.71495258610922],[114.71450953163286,4.716643618362189],[114.71436936052562,4.717312860302708],[114.71155544477207,4.717949876120675],[114.69391492318744,4.718028346154969],[114.6941591589031,4.6897904252370415],[114.69216807137519,4.683303433434347],[114.70169569220997,4.683419968647288]]]},"properties":{"id":355,"name":"Kg. Bukit Barun","mukim":"MUKIM LAMUNIN","area":5721410.5,"district":"Tutong","mukimDisplayName":"Lamunin"},"id":355},{"type":"Feature","geometry":{"type":"Polygon","coordinates":[[[114.67397718049196,4.7860878370392905],[114.67274461591609,4.786780839863157],[114.67157117750901,4.786956259401288],[114.66799964446217,4.78666572575767],[114.66293649252682,4.7877689664308765],[114.66187781881767,4.788315182750702],[114.66058449526334,4.788146480120281],[114.65962304214922,4.788474194755316],[114.65950507595024,4.788929343316677],[114.65797387450668,4.789715180631805],[114.65603921705181,4.790187958986417],[114.65500516861758,4.789928552009974],[114.64915373188705,4.785660215117207],[114.64970339974045,4.784628515443414],[114.6426538475323,4.778910383400026],[114.64913537882835,4.769972568373072],[114.65417815030487,4.770226243598148],[114.65548453560439,4.7702919558499115],[114.67397718049196,4.7860878370392905]]]},"properties":{"id":358,"name":"Kg. Tanjong Panjang","mukim":"MUKIM TANJONG MAYA","area":4128540.5,"district":"Tutong","mukimDisplayName":"Tanjong Maya"},"id":358},{"type":"Feature","geometry":{"type":"Polygon","coordinates":[[[114.65066052285482,4.765953500628758],[114.64495263838786,4.762452355182411],[114.6439489083457,4.761746309428447],[114.64261654559904,4.760406413587218],[114.6521817948208,4.752518472832905],[114.66173465662644,4.752424204387687],[114.66318004365952,4.753611744830425],[114.66293983051668,4.754057687180005],[114.66222567297554,4.757334605396551],[114.66155603985244,4.758545668528352],[114.66095972818101,4.759033348015189],[114.65340964647477,4.76259688067252],[114.65245529730818,4.763280700523277],[114.65186056560127,4.763988365193631],[114.65066052285482,4.765953500628758]]]},"properties":{"id":359,"name":"Kg. Liulon","mukim":"MUKIM TANJONG MAYA","area":1888734.75,"district":"Tutong","mukimDisplayName":"Tanjong Maya"},"id":359},{"type":"Feature","geometry":{"type":"Polygon","coordinates":[[[114.6636615350318,4.732446849401504],[114.66360521012558,4.733138625391986],[114.66510835769583,4.740016235082644],[114.66595618747584,4.740768767587452],[114.66464474638933,4.743685797030873],[114.66441189190168,4.744875609877899],[114.66443473425923,4.746040276643603],[114.65974565958847,4.741707994803453],[114.65203455316207,4.740336527199396],[114.64777889976081,4.738802995780738],[114.64822647691301,4.737835004878639],[114.64811668700091,4.73668162366277],[114.6489868994371,4.73517334176744],[114.64953345528843,4.733486563540911],[114.64993104596184,4.733110229556896],[114.65007085260268,4.731971283153097],[114.65226729950327,4.7329281931648675],[114.65525128737723,4.732845829696466],[114.65603608418678,4.730610289384669],[114.65651370975714,4.730563748450861],[114.65663702186741,4.729514344972742],[114.65712214778634,4.72891611317846],[114.65611094202475,4.728331077709019],[114.65695657558217,4.726999542963281],[114.65885332166556,4.726576338638691],[114.65883863833582,4.727315722722381],[114.65918772162723,4.72792425641994],[114.6599208342584,4.728326757875197],[114.65964114637546,4.72940784413287],[114.65980788358452,4.730673476157305],[114.66070719223528,4.733202023509745],[114.6636615350318,4.732446849401504]]]},"properties":{"id":360,"name":"Kg. Bangunggos","mukim":"MUKIM TANJONG MAYA","area":1994137.5,"district":"Tutong","mukimDisplayName":"Tanjong Maya"},"id":360},{"type":"Feature","geometry":{"type":"Polygon","coordinates":[[[114.68011536508061,4.733613569861035],[114.67282448829717,4.741750660324088],[114.67075642663592,4.743646559052724],[114.66968584414015,4.74441824887484],[114.66845747332358,4.743343210419783],[114.66772895020584,4.74359680849025],[114.66713678115869,4.741886897596041],[114.66595618747584,4.740768767587452],[114.66510835769583,4.740016235082644],[114.66360521012558,4.733138625391986],[114.6636615350318,4.732446849401504],[114.66507864351168,4.732245865754168],[114.66496958191804,4.731152500104629],[114.66519849736726,4.729980961280843],[114.66557527861465,4.729128625800531],[114.66627633843623,4.728165431660308],[114.66709160462624,4.72853417562008],[114.6686995124495,4.728727529334922],[114.67055644169625,4.728218782274065],[114.67104808825333,4.72786028778633],[114.68011536508061,4.733613569861035]]]},"properties":{"id":361,"name":"Kg. Sebakit","mukim":"MUKIM TANJONG MAYA","area":1988144.375,"district":"Tutong","mukimDisplayName":"Tanjong Maya"},"id":361},{"type":"Feature","geometry":{"type":"Polygon","coordinates":[[[114.69391492318744,4.718028346154969],[114.68011536508061,4.733613569861035],[114.67104808825333,4.72786028778633],[114.67055644169625,4.728218782274065],[114.6686995124495,4.728727529334922],[114.66709160462624,4.72853417562008],[114.66627633843623,4.728165431660308],[114.66557527861465,4.729128625800531],[114.66519849736726,4.729980961280843],[114.66496958191804,4.731152500104629],[114.66507864351168,4.732245865754168],[114.6636615350318,4.732446849401504],[114.66070719223528,4.733202023509745],[114.65980788358452,4.730673476157305],[114.65964114637546,4.72940784413287],[114.6599208342584,4.728326757875197],[114.65918772162723,4.72792425641994],[114.65883863833582,4.727315722722381],[114.65885332166556,4.726576338638691],[114.65695657558217,4.726999542963281],[114.66108888544176,4.7094891124351035],[114.66380738095837,4.710173679884207],[114.66522881691297,4.709779427817164],[114.66533871716643,4.709998722658121],[114.66740375388906,4.709480579817375],[114.66798642953171,4.7091254027634735],[114.66878856735313,4.709086428681736],[114.67175754277126,4.711121199947776],[114.67242728823015,4.710349739657373],[114.67389616309192,4.709034704541356],[114.6727311668909,4.707898883951521],[114.6715645105985,4.706512516057451],[114.67066071840183,4.705839733631727],[114.6707828898562,4.70415498807342],[114.67119454123397,4.7041358894531236],[114.67321106820172,4.705293600771552],[114.67334082555372,4.705725235921159],[114.67451859010683,4.706508256068412],[114.67568097360599,4.706671144639176],[114.69391492318744,4.718028346154969]]]},"properties":{"id":362,"name":"Kg. Penapar","mukim":"MUKIM TANJONG MAYA","area":7657016,"district":"Tutong","mukimDisplayName":"Tanjong Maya"},"id":362},{"type":"Feature","geometry":{"type":"Polygon","coordinates":[[[114.67321106820172,4.705293600771552],[114.67119454123397,4.7041358894531236],[114.6707828898562,4.70415498807342],[114.67066071840183,4.705839733631727],[114.6715645105985,4.706512516057451],[114.6727311668909,4.707898883951521],[114.67389616309192,4.709034704541356],[114.67242728823015,4.710349739657373],[114.67175754277126,4.711121199947776],[114.66878856735313,4.709086428681736],[114.66798642953171,4.7091254027634735],[114.66740375388906,4.709480579817375],[114.66533871716643,4.709998722658121],[114.66522881691297,4.709779427817164],[114.66380738095837,4.710173679884207],[114.66108888544176,4.7094891124351035],[114.65999621577961,4.706550615575962],[114.65680022030833,4.697955560248352],[114.66219288210985,4.692692651595883],[114.66963973926435,4.699705963702424],[114.67162135206065,4.701211022936372],[114.67216091821297,4.701001266529962],[114.6727111485573,4.702607436272859],[114.67423448124404,4.703029892589027],[114.67511750417374,4.70394823285047],[114.67414311968922,4.705058919768591],[114.67321106820172,4.705293600771552]]]},"properties":{"id":363,"name":"Kg. Pemadang","mukim":"MUKIM TANJONG MAYA","area":2248522.25,"district":"Tutong","mukimDisplayName":"Tanjong Maya"},"id":363},{"type":"Feature","geometry":{"type":"Polygon","coordinates":[[[114.6636783512309,4.760136801732723],[114.66518129240238,4.7594044010806105],[114.66593899174576,4.759357334611475],[114.66744169966198,4.76028028081566],[114.69135299747474,4.7687642334852125],[114.67475527025309,4.785474095501458],[114.67397718049196,4.7860878370392905],[114.65548453560439,4.7702919558499115],[114.65506162221372,4.768808776064887],[114.6588404293756,4.764092856785422],[114.6628756118683,4.763702675655158],[114.66282969014603,4.763262651834613],[114.6641593174606,4.763154150538185],[114.66344873765688,4.761697567862431],[114.6636783512309,4.760136801732723]]]},"properties":{"id":364,"name":"Kg. Lubok Pulau","mukim":"MUKIM TANJONG MAYA","area":6067676.5,"district":"Tutong","mukimDisplayName":"Tanjong Maya"},"id":364},{"type":"Feature","geometry":{"type":"Polygon","coordinates":[[[114.65417815030487,4.770226243598148],[114.64913537882835,4.769972568373072],[114.6426538475323,4.778910383400026],[114.63311451486523,4.771172369287295],[114.62630045572863,4.76579974533855],[114.63766734055059,4.7552573502886295],[114.63913013794948,4.753806446169834],[114.63918277712611,4.753193637049291],[114.64768016138301,4.747939272974836],[114.64793465666405,4.747592319463021],[114.64919299573707,4.746992582627109],[114.64985190081417,4.746275751002228],[114.65098700198159,4.746014874666264],[114.65210346323121,4.746037561632346],[114.65203455316207,4.740336527199396],[114.65974565958847,4.741707994803453],[114.66443473425923,4.746040276643603],[114.66441189190168,4.744875609877899],[114.66464474638933,4.743685797030873],[114.66595618747584,4.740768767587452],[114.66713678115869,4.741886897596041],[114.66772895020584,4.74359680849025],[114.66845747332358,4.743343210419783],[114.66968584414015,4.74441824887484],[114.67075642663592,4.743646559052724],[114.67282448829717,4.741750660324088],[114.68011536508061,4.733613569861035],[114.69391492318744,4.718028346154969],[114.71155544477207,4.717949876120675],[114.71081968808302,4.733711349961218],[114.70985841028968,4.754293575200528],[114.69182876469281,4.7545242116102395],[114.69135299747474,4.7687642334852125],[114.66744169966198,4.76028028081566],[114.66593899174576,4.759357334611475],[114.66518129240238,4.7594044010806105],[114.6636783512309,4.760136801732723],[114.66289350462252,4.760126054770893],[114.66261866564295,4.759082748771939],[114.66095972818101,4.759033348015189],[114.66155603985244,4.758545668528352],[114.66222567297554,4.757334605396551],[114.66293983051668,4.754057687180005],[114.66318004365952,4.753611744830425],[114.66173465662644,4.752424204387687],[114.6521817948208,4.752518472832905],[114.64261654559904,4.760406413587218],[114.6439489083457,4.761746309428447],[114.64495263838786,4.762452355182411],[114.65066052285482,4.765953500628758],[114.6519751189564,4.767013932901996],[114.65327223342524,4.768537565119696],[114.65417815030487,4.770226243598148]]]},"properties":{"id":365,"name":"Kg. Tanjong Maya","mukim":"MUKIM TANJONG MAYA","area":24884044,"district":"Tutong","mukimDisplayName":"Tanjong Maya"},"id":365},{"type":"Feature","geometry":{"type":"Polygon","coordinates":[[[114.62133034714465,4.749175833999443],[114.62604707958062,4.751554687257674],[114.6268705381851,4.7519015530033295],[114.63621038885402,4.754626593485022],[114.63766734055059,4.7552573502886295],[114.62630045572863,4.76579974533855],[114.62552269091016,4.766797572749913],[114.62420979668757,4.7660113849229395],[114.62144611827823,4.763460147134763],[114.62041482884743,4.761701720255709],[114.61935307551808,4.761177819275499],[114.61858594372943,4.760429289691142],[114.61611003225025,4.7593215365390495],[114.61571321985674,4.758671485627987],[114.61468028068283,4.7577459779879945],[114.61397831822721,4.755524612610958],[114.61497341386635,4.754402092594037],[114.61568566323074,4.754219148819159],[114.61567354275269,4.753485519948083],[114.6162734283062,4.752599315280377],[114.61740935543793,4.7534723268762],[114.61828375664805,4.753055073363504],[114.61940656097846,4.752825365518692],[114.6213349826124,4.750702222336331],[114.62133034714465,4.749175833999443]]]},"properties":{"id":366,"name":"Kg. Padang","mukim":"MUKIM TANJONG MAYA","area":2523784.5,"district":"Tutong","mukimDisplayName":"Tanjong Maya"},"id":366},{"type":"Feature","geometry":{"type":"Polygon","coordinates":[[[114.6636783512309,4.760136801732723],[114.66344873765688,4.761697567862431],[114.6641593174606,4.763154150538185],[114.66282969014603,4.763262651834613],[114.6628756118683,4.763702675655158],[114.6588404293756,4.764092856785422],[114.65506162221372,4.768808776064887],[114.65548453560439,4.7702919558499115],[114.65417815030487,4.770226243598148],[114.65327223342524,4.768537565119696],[114.6519751189564,4.767013932901996],[114.65066052285482,4.765953500628758],[114.65186056560127,4.763988365193631],[114.65245529730818,4.763280700523277],[114.65340964647477,4.76259688067252],[114.66095972818101,4.759033348015189],[114.66261866564295,4.759082748771939],[114.66289350462252,4.760126054770893],[114.6636783512309,4.760136801732723]]]},"properties":{"id":367,"name":"Kg. Bukit Sibut","mukim":"MUKIM TANJONG MAYA","area":780781.6875,"district":"Tutong","mukimDisplayName":"Tanjong Maya"},"id":367},{"type":"Feature","geometry":{"type":"Polygon","coordinates":[[[114.55759241730266,4.710814348486519],[114.56320782335044,4.713986767528781],[114.55993686387367,4.7164255092864815],[114.55969123798414,4.716093458730736],[114.55881762016041,4.7167433783795945],[114.5590633053189,4.717075429876734],[114.55069388537345,4.723288835779579],[114.54818391616246,4.721100519914775],[114.5453142554008,4.724237788837493],[114.54613791180341,4.724953081443831],[114.54446399370175,4.726320406361981],[114.5438204288878,4.7258709052695655],[114.54299250398576,4.726776022251502],[114.54204749784428,4.7261601963153534],[114.53653781267099,4.721893400477142],[114.53568097941448,4.721051772720945],[114.5343161126171,4.720041627097266],[114.53294682259784,4.718846097214827],[114.52983142609982,4.716698216466448],[114.52857857926679,4.715647354721577],[114.52293134692864,4.711509139059792],[114.52096105940313,4.709909893251005],[114.5190962733322,4.708584501662311],[114.51844590741894,4.707946495142475],[114.51927460104356,4.707612706050466],[114.5210219892589,4.7079843072881],[114.52272507283493,4.708650784730858],[114.52387490924377,4.708219349589261],[114.52421225866267,4.707744528905428],[114.52472549798581,4.70605103686658],[114.52591467851671,4.70384382813436],[114.5260131304303,4.703324312716183],[114.52529177058248,4.700619910965623],[114.52528718174355,4.69906895105271],[114.52401219149483,4.696637582224361],[114.52387478656384,4.695789823848854],[114.52408623481183,4.694126100722548],[114.52437698947104,4.692998792828275],[114.55759241730266,4.710814348486519]]]},"properties":{"id":368,"name":"Kg. Sungai Paku","mukim":"MUKIM TELISAI","area":8007549,"district":"Tutong","mukimDisplayName":"Telisai"},"id":368},{"type":"Feature","geometry":{"type":"Polygon","coordinates":[[[114.57637022941925,4.735910054023804],[114.57798040617332,4.73612731976741],[114.57942938114718,4.736741798572867],[114.58049505229553,4.737490134076597],[114.58151351797065,4.73870941723961],[114.58187348560848,4.740389427843963],[114.58239545149985,4.745785900574144],[114.58290821326885,4.747719847527493],[114.58367423469245,4.749551378183272],[114.58475213462691,4.753520390455462],[114.58371646569124,4.753137240800708],[114.58307277843886,4.753331754611636],[114.5820724689568,4.752949954266062],[114.58129361004195,4.753481509184129],[114.57821054712633,4.751013707068788],[114.5708217468411,4.745099322019019],[114.56902103614688,4.743657916313356],[114.57052628154533,4.742071037717352],[114.56568106627361,4.7384942021192344],[114.56589733699825,4.7382047835446786],[114.56427292275214,4.737004448726416],[114.5653569107076,4.735382495599254],[114.56594746514948,4.735873661939002],[114.5677262584819,4.736581960809594],[114.56874201464021,4.736783020025243],[114.57214275998442,4.736621075252848],[114.57637022941925,4.735910054023804]]]},"properties":{"id":369,"name":"Kg. Keramut","mukim":"MUKIM TELISAI","area":2217024,"district":"Tutong","mukimDisplayName":"Telisai"},"id":369},{"type":"Feature","geometry":{"type":"Polygon","coordinates":[[[114.51541884360189,4.6035810771630485],[114.51180019556101,4.608354797654717],[114.51141439635826,4.609247459361678],[114.51030676225622,4.6104757740207045],[114.50914132394334,4.610701794478659],[114.5073139620054,4.612433624261012],[114.50670293433211,4.612490892706948],[114.50475927037174,4.612161618539339],[114.50342551259668,4.611775071843452],[114.50096708525611,4.610385617263518],[114.49934654098536,4.610190015244112],[114.49873653433734,4.610423624427308],[114.4972186761799,4.60985413330603],[114.49591224336774,4.609794494668138],[114.49429808607894,4.610108420697108],[114.49178915565733,4.611638779515054],[114.49020706339684,4.6128162813779054],[114.48740037321488,4.615098296889728],[114.48567509260928,4.616017853046603],[114.48470149643978,4.616153190425442],[114.48374838146934,4.61592672670839],[114.48302685305055,4.614847018513155],[114.48258937282839,4.613602377283706],[114.48168289370737,4.612227240900588],[114.48062373725782,4.610178461162246],[114.47978408614158,4.609161510917214],[114.47901592860647,4.608566600339044],[114.47771701654688,4.608361652980065],[114.47641438765396,4.608465888558258],[114.47548411378511,4.608798370591208],[114.47420610445023,4.608616821616881],[114.47263917266645,4.609117672137652],[114.47206827730892,4.609449795535644],[114.47139964974767,4.6105568131682455],[114.47182116096725,4.611066419444996],[114.47198724148761,4.612359241455048],[114.47162398605634,4.6132727375993365],[114.47065835366632,4.614988696314507],[114.47040475223228,4.616937409663769],[114.47184230182557,4.620267167443105],[114.47379579851183,4.622912523190564],[114.47535406284173,4.62541362603846],[114.47577893596423,4.627682205412599],[114.47610552594494,4.630636914484748],[114.46510467454893,4.650304430705572],[114.45525687416125,4.645946263070272],[114.44579687735063,4.641741600148257],[114.44289760417949,4.640270962978961],[114.43605509760752,4.636080641527904],[114.42967289152651,4.632141004766987],[114.42811644120262,4.6311816245058095],[114.42526118725264,4.629646843288112],[114.41736565763927,4.6263430496820295],[114.41381789249212,4.624786369274546],[114.41249380953046,4.62411096458955],[114.43753321349293,4.599443984920033],[114.43770570967484,4.554699373790836],[114.47506362518563,4.55372250883092],[114.48881195362159,4.57061630364178],[114.51079252665681,4.597623935824257],[114.51541884360189,4.6035810771630485]]]},"properties":{"id":370,"name":null,"mukim":"MUKIM LIANG","area":62132596,"district":"Belait","mukimDisplayName":"Liang"},"id":370},{"type":"Feature","geometry":{"type":"Polygon","coordinates":[[[114.41249380953046,4.62411096458955],[114.41381789249212,4.624786369274546],[114.41736565763927,4.6263430496820295],[114.42526118725264,4.629646843288112],[114.42811644120262,4.6311816245058095],[114.42967289152651,4.632141004766987],[114.42528077752945,4.645484114975267],[114.42320685474371,4.651456538374956],[114.41768215943216,4.6495321699178875],[114.41659275047576,4.649092879500034],[114.40901817315543,4.646492378913995],[114.41249380953046,4.62411096458955]]]},"properties":{"id":371,"name":"Perkhemahan Lumut","mukim":"MUKIM LIANG","area":4449119.5,"district":"Belait","mukimDisplayName":"Liang"},"id":371},{"type":"Feature","geometry":{"type":"Polygon","coordinates":[[[114.42726833355051,4.652849555294374],[114.42594251007296,4.6561457269670825],[114.42558045222282,4.656589874680425],[114.42655263866155,4.657228686875638],[114.42624789624804,4.657688124965236],[114.42381554775126,4.656580998518849],[114.42297501637098,4.656329877906961],[114.42166357435106,4.6556331236136055],[114.41945469591407,4.654908928898827],[114.41811897138686,4.65464095200596],[114.41572814144116,4.653912678974141],[114.41390793564877,4.6529484186318015],[114.41209164460284,4.65219920802663],[114.41079328487236,4.652004322694258],[114.40729310849062,4.650794039484297],[114.40842640588323,4.6482811553947005],[114.40901817315543,4.646492378913995],[114.41659275047576,4.649092879500034],[114.41768215943216,4.6495321699178875],[114.42320685474371,4.651456538374956],[114.42726833355051,4.652849555294374]]]},"properties":{"id":372,"name":"Kg. Sungai Tali","mukim":"MUKIM LIANG","area":1098243,"district":"Belait","mukimDisplayName":"Liang"},"id":372},{"type":"Feature","geometry":{"type":"Polygon","coordinates":[[[114.45665453974037,4.656895837843675],[114.4543833142133,4.657355082239261],[114.44963844574866,4.657356065612508],[114.44901683691477,4.657474638100006],[114.44604006851648,4.658756160343117],[114.44509419196135,4.6587325448974255],[114.44004399034563,4.65805286584334],[114.43923637201252,4.657902287572474],[114.43365973217702,4.655513820696154],[114.4362302520089,4.648430969908487],[114.4367651684628,4.6475707831716555],[114.43802146460962,4.64659090243021],[114.43981635986742,4.6462271324564846],[114.44061214335754,4.6445411219069666],[114.44289760417949,4.640270962978961],[114.44579687735063,4.641741600148257],[114.45525687416125,4.645946263070272],[114.45835839533986,4.653849806219577],[114.45755314149494,4.654899069323673],[114.45712233933259,4.654954139669109],[114.45634580856418,4.655740356097449],[114.45665453974037,4.656895837843675]]]},"properties":{"id":373,"name":"Perumahan Negara Lumut Kawasan 2","mukim":"MUKIM LIANG","area":3610759.5,"district":"Belait","mukimDisplayName":"Liang"},"id":373},{"type":"Feature","geometry":{"type":"Polygon","coordinates":[[[114.47097302709784,4.667223005342099],[114.47170179495136,4.667656880235323],[114.47225290721403,4.668391675280207],[114.47247399171185,4.669199320664658],[114.46880699589533,4.676385516161489],[114.46870735378776,4.677559690328433],[114.46685037407207,4.676787963704907],[114.46598599641663,4.676254897872468],[114.46335530400363,4.674952818209564],[114.46193749359315,4.673878543915478],[114.4610627695142,4.673484544231441],[114.45822814172685,4.671722882061466],[114.4568444975706,4.671237188274444],[114.45429925440158,4.669850080189628],[114.45311990673767,4.6690606245114665],[114.45095832984842,4.667908516272941],[114.4495328870051,4.667372330997405],[114.4488668391763,4.667296295245367],[114.44545611584866,4.66581441242567],[114.44288091995026,4.664373936496302],[114.4405375293389,4.663717113351603],[114.43824966526108,4.6625099000766195],[114.43612109006253,4.661245762039772],[114.43432688603944,4.660428855627251],[114.43397416954804,4.659868345023228],[114.43449877118475,4.659145620364971],[114.43591744161108,4.659623547327814],[114.43708268851921,4.660537010767846],[114.43800885872324,4.660893597004766],[114.44032750542867,4.661055478613241],[114.4410621392489,4.661062134786669],[114.44262851487127,4.661491453072757],[114.44361590822531,4.662423185169531],[114.44410429814876,4.663464488297492],[114.44457758587413,4.663862707441027],[114.44590755362923,4.664184301345528],[114.44683070257197,4.663708093761984],[114.44776982146843,4.6642202214001385],[114.44851473986036,4.665315032943945],[114.4493441611574,4.665130157032388],[114.45015833845592,4.664248039269997],[114.45072523723915,4.664307533550093],[114.45340780610007,4.665898400163004],[114.45439268100296,4.665821441599832],[114.45492100780129,4.666639238079219],[114.45454526845784,4.6674728624558925],[114.45462752663126,4.6679871514687585],[114.45567547769954,4.668844250550649],[114.45655734466676,4.668049961554182],[114.45659464070685,4.666783932004851],[114.45726702357052,4.665861548417049],[114.45621847755223,4.664767513086582],[114.45614806024457,4.663596531639814],[114.45676677142222,4.662796137618418],[114.4577795003455,4.6630643581221936],[114.45822143094091,4.664403640096192],[114.45934209758593,4.664664816477785],[114.46023130146791,4.664107442717457],[114.46041092655585,4.663098298842514],[114.45974155801716,4.662538112288618],[114.4595983354958,4.661929201158274],[114.46114096667594,4.660963984466588],[114.46174269400588,4.661456644723214],[114.46081446440245,4.662589545549436],[114.46089768259287,4.663482937178634],[114.46154129369039,4.664530607824408],[114.46204122143023,4.66478658715745],[114.46308623723941,4.664479294213525],[114.46338793673468,4.663720318292551],[114.4643303241459,4.663116448475724],[114.46483024388502,4.662667081548609],[114.46621484928728,4.662087044847231],[114.46668148255323,4.661001792244687],[114.4675247977349,4.660894322303711],[114.46798981630327,4.6613513972358485],[114.46789877882485,4.662106767022551],[114.4684624966146,4.6629282947818],[114.46881750789763,4.665420586462169],[114.46959860004047,4.666435147714376],[114.47097302709784,4.667223005342099]]]},"properties":{"id":374,"name":"Kg. Lumut","mukim":"MUKIM LIANG","area":2603332.75,"district":"Belait","mukimDisplayName":"Liang"},"id":374},{"type":"Feature","geometry":{"type":"Polygon","coordinates":[[[114.53867858816086,4.660621449351491],[114.5370975544906,4.661382905822644],[114.53418566190908,4.661157409437687],[114.53349914229095,4.661227888544775],[114.53262558868458,4.662158007359688],[114.53127692259007,4.663868255762185],[114.53109839218133,4.664966397433597],[114.53123527097632,4.6658263151517225],[114.53240195662268,4.669287815391457],[114.53234800823519,4.670634611935925],[114.53132553326272,4.671926012629356],[114.53003029420016,4.672311787939834],[114.52897616163803,4.673003813271833],[114.52640342781092,4.6723050358453415],[114.52477813975023,4.669276268054657],[114.52357159594307,4.668563139151208],[114.51559867278786,4.663088705372959],[114.51652763914285,4.6599973046998775],[114.51658833185677,4.6575908740075995],[114.51571565929078,4.6565746800922625],[114.51271301468175,4.655754296758482],[114.51316041909648,4.654074336901545],[114.51686032469962,4.652003136635443],[114.51626263158383,4.650480271944822],[114.51528589016654,4.648763959647796],[114.5139992495703,4.64876109871503],[114.51225368367751,4.649480094314129],[114.51108997529278,4.649742848820798],[114.50998964440866,4.649680707291748],[114.50733507318711,4.649168164867152],[114.50526180177741,4.648199664272465],[114.50351338597244,4.647814476654831],[114.50028059745638,4.648732024825593],[114.4993822776477,4.648584040079266],[114.49770066472564,4.6476673126702694],[114.49575139299672,4.64737560817328],[114.49479233935664,4.647046016565374],[114.49522745010056,4.645818912968088],[114.49521482125454,4.644849018102806],[114.4947957794288,4.642898651286559],[114.49476988538146,4.641590498416397],[114.4952075467121,4.640697439459033],[114.49502636466755,4.640119963148295],[114.49344555049328,4.639620994197301],[114.49267285435165,4.63858975690592],[114.49249542068124,4.637276337358556],[114.49264560858043,4.636313084764205],[114.49345357635626,4.634846490890848],[114.49140123994437,4.6358691998755015],[114.48977389717315,4.636994245714821],[114.48914058043347,4.637154141894096],[114.48552722956498,4.6372708427727165],[114.48294113152187,4.637739003080948],[114.48146766128896,4.638462040696677],[114.48023715664374,4.63878278597255],[114.47957671014647,4.638939141992487],[114.47897301123552,4.637680518169077],[114.47889699900797,4.636367973393305],[114.47915564345938,4.635074917214852],[114.47878661530902,4.634167261432313],[114.47726753740525,4.6329061794123225],[114.476415514521,4.631903389271978],[114.47610552594494,4.630636914484748],[114.47577893596423,4.627682205412599],[114.47535406284173,4.62541362603846],[114.47379579851183,4.622912523190564],[114.47184230182557,4.620267167443105],[114.47040475223228,4.616937409663769],[114.47065835366632,4.614988696314507],[114.47162398605634,4.6132727375993365],[114.47198724148761,4.612359241455048],[114.47182116096725,4.611066419444996],[114.47139964974767,4.6105568131682455],[114.47206827730892,4.609449795535644],[114.47263917266645,4.609117672137652],[114.47420610445023,4.608616821616881],[114.47548411378511,4.608798370591208],[114.47641438765396,4.608465888558258],[114.47771701654688,4.608361652980065],[114.47901592860647,4.608566600339044],[114.47978408614158,4.609161510917214],[114.48062373725782,4.610178461162246],[114.48168289370737,4.612227240900588],[114.48258937282839,4.613602377283706],[114.48302685305055,4.614847018513155],[114.48374838146934,4.61592672670839],[114.48470149643978,4.616153190425442],[114.48567509260928,4.616017853046603],[114.48740037321488,4.615098296889728],[114.49020706339684,4.6128162813779054],[114.49178915565733,4.611638779515054],[114.49429808607894,4.610108420697108],[114.49591224336774,4.609794494668138],[114.4972186761799,4.60985413330603],[114.49873653433734,4.610423624427308],[114.49934654098536,4.610190015244112],[114.50096708525611,4.610385617263518],[114.50342551259668,4.611775071843452],[114.50475927037174,4.612161618539339],[114.50670293433211,4.612490892706948],[114.5073139620054,4.612433624261012],[114.50914132394334,4.610701794478659],[114.51030676225622,4.6104757740207045],[114.51141439635826,4.609247459361678],[114.51180019556101,4.608354797654717],[114.51541884360189,4.6035810771630485],[114.53748451528594,4.631855630664578],[114.5473299057275,4.644470537880314],[114.54669135582155,4.646252081550381],[114.54605187719716,4.647282777648934],[114.5450496149361,4.6480993625162945],[114.5428885343415,4.649108925532469],[114.54245059678665,4.6496637257959055],[114.5425644221516,4.650750363748505],[114.54195867295736,4.6519728628275425],[114.54034990606306,4.653084110097467],[114.53982631550815,4.653629808453568],[114.53991389151095,4.655019760815105],[114.54050144208836,4.656308632750779],[114.54063809453656,4.657078962658423],[114.540191046546,4.658674371957144],[114.53867858816086,4.660621449351491]]]},"properties":{"id":375,"name":"Hutan Simpan Andulau","mukim":"MUKIM LIANG","area":31228998,"district":"Belait","mukimDisplayName":"Liang"},"id":375},{"type":"Feature","geometry":{"type":"Polygon","coordinates":[[[114.47577176903503,4.6596367062569515],[114.4750125084591,4.659677350016542],[114.47352099975268,4.659080767722038],[114.47230329092442,4.656504919456269],[114.4712875537402,4.655805490408956],[114.47072904221322,4.654004340811875],[114.47029201613624,4.65429831457841],[114.46906109364825,4.652612289516301],[114.4674700219839,4.65139998481839],[114.46510467454893,4.650304430705572],[114.47610552594494,4.630636914484748],[114.476415514521,4.631903389271978],[114.47726753740525,4.6329061794123225],[114.47878661530902,4.634167261432313],[114.47915564345938,4.635074917214852],[114.47889699900797,4.636367973393305],[114.47897301123552,4.637680518169077],[114.47957671014647,4.638939141992487],[114.48023715664374,4.63878278597255],[114.48037795389,4.639243438381412],[114.48028415148806,4.641117123244922],[114.48075980075555,4.641863131311316],[114.48042936920031,4.642396707492074],[114.48031127515469,4.643359872090808],[114.47974165443792,4.645749132789762],[114.47990178917836,4.647135502615662],[114.47978438024744,4.649474142886442],[114.47990311140217,4.650971120199612],[114.47956289698419,4.651646871668997],[114.4784668020275,4.652455018591147],[114.47887068947321,4.653275734544792],[114.47848438292378,4.655505883844254],[114.4777287320391,4.657186252405405],[114.47682321712804,4.658296042869839],[114.4770487925178,4.658512033426774],[114.47577176903503,4.6596367062569515]]]},"properties":{"id":376,"name":"Kg. Sungai Kang","mukim":"MUKIM LIANG","area":2964155.5,"district":"Belait","mukimDisplayName":"Liang"},"id":376},{"type":"Feature","geometry":{"type":"Polygon","coordinates":[[[114.50100836599364,4.681827358818715],[114.4984283661962,4.684710913605057],[114.4983163938859,4.686152444452189],[114.50152307050931,4.6878678030805805],[114.50042645416036,4.689934688102377],[114.50306051557153,4.691182813903121],[114.50492158494289,4.691965634475124],[114.50440273277603,4.693058703176602],[114.50444552814754,4.693927622121452],[114.50388291868897,4.694655104944359],[114.5035454901358,4.694431971088586],[114.50200326325566,4.696723406415902],[114.50068584830679,4.695955748596047],[114.49807204273891,4.6942586351151485],[114.496678290911,4.693591313391963],[114.49479422098608,4.692404119097336],[114.49401533798398,4.692053426417578],[114.49231629249444,4.690959011254496],[114.48968666455663,4.689447591846421],[114.48809713702835,4.688439646037853],[114.48769915506116,4.688338362939997],[114.48566291296709,4.68689295221366],[114.48548769235978,4.687105924284856],[114.4832551274653,4.685990252257766],[114.48021346493525,4.683711160802426],[114.47966789569745,4.683168814074672],[114.47703476321949,4.681811105156631],[114.47449116264214,4.6806555107917855],[114.47266709108025,4.679332462384937],[114.46988916784679,4.678182538033152],[114.46870735378776,4.677559690328433],[114.46880699589533,4.676385516161489],[114.47247399171185,4.669199320664658],[114.47225290721403,4.668391675280207],[114.47170179495136,4.667656880235323],[114.47097302709784,4.667223005342099],[114.47330557133762,4.663150111781882],[114.47528407479832,4.66417786140412],[114.47826187035899,4.666281990700079],[114.48571145904641,4.671545825339645],[114.48489417442688,4.67249133820276],[114.48598155122524,4.673504735312999],[114.48921666157382,4.6751486842590015],[114.49247752273145,4.678292432630171],[114.49215810548067,4.678667537968838],[114.49206863847563,4.680257575837021],[114.49437076755665,4.68191243144273],[114.4947289037848,4.680533777936535],[114.49532916337076,4.679331133002848],[114.4970328186914,4.67827570421609],[114.50100836599364,4.681827358818715]]]},"properties":{"id":377,"name":"Kg. Sungai Liang","mukim":"MUKIM LIANG","area":5522012,"district":"Belait","mukimDisplayName":"Liang"},"id":377},{"type":"Feature","geometry":{"type":"Polygon","coordinates":[[[114.49432453777943,4.663415197014136],[114.4962276124002,4.6654421093294625],[114.49773455074994,4.665652551091145],[114.4996872182851,4.668149954715481],[114.5007936767758,4.66853349890737],[114.49918011389872,4.670313501624406],[114.49850868826381,4.672754461413552],[114.49752902470402,4.674283945010724],[114.49689269909463,4.677455643748633],[114.4970328186914,4.67827570421609],[114.49532916337076,4.679331133002848],[114.4947289037848,4.680533777936535],[114.49437076755665,4.68191243144273],[114.49206863847563,4.680257575837021],[114.49215810548067,4.678667537968838],[114.49247752273145,4.678292432630171],[114.48921666157382,4.6751486842590015],[114.48598155122524,4.673504735312999],[114.48489417442688,4.67249133820276],[114.48571145904641,4.671545825339645],[114.4886598627206,4.668002155045707],[114.4913724282214,4.667016350330601],[114.49432453777943,4.663415197014136]]]},"properties":{"id":378,"name":"Kg. Perumpong","mukim":"MUKIM LIANG","area":1686361.375,"district":"Belait","mukimDisplayName":"Liang"},"id":378},{"type":"Feature","geometry":{"type":"Polygon","coordinates":[[[114.52270750281511,4.687013439895683],[114.52155898581996,4.68628654545052],[114.52083661889253,4.68557483516555],[114.51995561702634,4.684299160598371],[114.5190600809021,4.6836583084577885],[114.5172362821871,4.685416514213816],[114.5146561491923,4.683147388092964],[114.51220940627307,4.685878027759562],[114.51142666294008,4.685183972104402],[114.50911846104201,4.687827461784731],[114.50863869205685,4.687418393746595],[114.50182483159116,4.68252990759965],[114.50100836599364,4.681827358818715],[114.4970328186914,4.67827570421609],[114.49689269909463,4.677455643748633],[114.49752902470402,4.674283945010724],[114.49850868826381,4.672754461413552],[114.49918011389872,4.670313501624406],[114.5007936767758,4.66853349890737],[114.50182885783002,4.667440675996701],[114.50511636832437,4.669367207338342],[114.50737545107592,4.6691892367274646],[114.50836039857472,4.669717425140549],[114.50903930100571,4.670404390839774],[114.50918943831712,4.670953399414939],[114.51021298627384,4.6720306032381105],[114.51077110121189,4.673280843638625],[114.51182525718836,4.673120406137506],[114.51246396611312,4.6724204083260386],[114.51300238304817,4.672586596406417],[114.51413355556872,4.672146168749559],[114.52634317056945,4.679414290003103],[114.5260559627032,4.680125145683563],[114.52468213877503,4.680625289727061],[114.52373659177044,4.681395337525356],[114.52297413238148,4.683252397897451],[114.52282867802558,4.68407828864196],[114.5230352905255,4.685979729081327],[114.52270750281511,4.687013439895683]]]},"properties":{"id":379,"name":"Kg. Sungai Gana","mukim":"MUKIM LIANG","area":4021330.75,"district":"Belait","mukimDisplayName":"Liang"},"id":379},{"type":"Feature","geometry":{"type":"Polygon","coordinates":[[[114.52591467851671,4.70384382813436],[114.52472549798581,4.70605103686658],[114.52421225866267,4.707744528905428],[114.52387490924377,4.708219349589261],[114.52272507283493,4.708650784730858],[114.5210219892589,4.7079843072881],[114.51927460104356,4.707612706050466],[114.51844590741894,4.707946495142475],[114.51683460753884,4.706714702529832],[114.5147628629397,4.70530392724665],[114.51355651813644,4.704358337691328],[114.50911661388604,4.701271598373668],[114.50646769397808,4.699514970106263],[114.50618943351249,4.699099483752062],[114.50770661705084,4.6989986440205636],[114.50859028038879,4.699158558171308],[114.51022837395219,4.698528520370036],[114.51209048949698,4.697959878144731],[114.51328201299363,4.697733062927585],[114.51425928744486,4.696980427939707],[114.51625608122583,4.694767842447407],[114.52000069871703,4.698255607080864],[114.52429193320798,4.702405516099225],[114.52591467851671,4.70384382813436]]]},"properties":{"id":380,"name":"Kg. Lilas","mukim":"MUKIM LIANG","area":1558796.5,"district":"Belait","mukimDisplayName":"Liang"},"id":380},{"type":"Feature","geometry":{"type":"Polygon","coordinates":[[[114.52437698947104,4.692998792828275],[114.52408623481183,4.694126100722548],[114.52387478656384,4.695789823848854],[114.52401219149483,4.696637582224361],[114.52528718174355,4.69906895105271],[114.52529177058248,4.700619910965623],[114.5260131304303,4.703324312716183],[114.52591467851671,4.70384382813436],[114.52429193320798,4.702405516099225],[114.52000069871703,4.698255607080864],[114.51625608122583,4.694767842447407],[114.51425928744486,4.696980427939707],[114.51328201299363,4.697733062927585],[114.51209048949698,4.697959878144731],[114.51022837395219,4.698528520370036],[114.50859028038879,4.699158558171308],[114.50770661705084,4.6989986440205636],[114.50618943351249,4.699099483752062],[114.50519241507773,4.698702811197858],[114.50348419691883,4.697557418168067],[114.50200326325566,4.696723406415902],[114.5035454901358,4.694431971088586],[114.50388291868897,4.694655104944359],[114.50444552814754,4.693927622121452],[114.50440273277603,4.693058703176602],[114.50492158494289,4.691965634475124],[114.50306051557153,4.691182813903121],[114.50042645416036,4.689934688102377],[114.50152307050931,4.6878678030805805],[114.4983163938859,4.686152444452189],[114.4984283661962,4.684710913605057],[114.50100836599364,4.681827358818715],[114.50182483159116,4.68252990759965],[114.50863869205685,4.687418393746595],[114.50911846104201,4.687827461784731],[114.51142666294008,4.685183972104402],[114.51220940627307,4.685878027759562],[114.5146561491923,4.683147388092964],[114.5172362821871,4.685416514213816],[114.5190600809021,4.6836583084577885],[114.51995561702634,4.684299160598371],[114.52083661889253,4.68557483516555],[114.52155898581996,4.68628654545052],[114.52270750281511,4.687013439895683],[114.52086532973242,4.6883926840641506],[114.52055062505859,4.689343081695637],[114.52081225620881,4.69030384479703],[114.52163239236326,4.6911328660825315],[114.52391334703812,4.691760810568064],[114.52425117025291,4.692122517980893],[114.52437698947104,4.692998792828275]]]},"properties":{"id":381,"name":"Kg. Tunggulian","mukim":"MUKIM LIANG","area":3505897,"district":"Belait","mukimDisplayName":"Liang"},"id":381},{"type":"Feature","geometry":{"type":"Polygon","coordinates":[[[114.4993822776477,4.648584040079266],[114.50028059745638,4.648732024825593],[114.50351338597244,4.647814476654831],[114.50526180177741,4.648199664272465],[114.50733507318711,4.649168164867152],[114.50998964440866,4.649680707291748],[114.51108997529278,4.649742848820798],[114.51225368367751,4.649480094314129],[114.5139992495703,4.64876109871503],[114.51528589016654,4.648763959647796],[114.51626263158383,4.650480271944822],[114.51686032469962,4.652003136635443],[114.51316041909648,4.654074336901545],[114.51271301468175,4.655754296758482],[114.51571565929078,4.6565746800922625],[114.51658833185677,4.6575908740075995],[114.51652763914285,4.6599973046998775],[114.51559867278786,4.663088705372959],[114.52357159594307,4.668563139151208],[114.52477813975023,4.669276268054657],[114.52640342781092,4.6723050358453415],[114.52897616163803,4.673003813271833],[114.52822916203479,4.673559160128451],[114.52729690376803,4.674884797570651],[114.52619624461954,4.676877273821414],[114.52634317056945,4.679414290003103],[114.51413355556872,4.672146168749559],[114.51300238304817,4.672586596406417],[114.51246396611312,4.6724204083260386],[114.51182525718836,4.673120406137506],[114.51077110121189,4.673280843638625],[114.51021298627384,4.6720306032381105],[114.50918943831712,4.670953399414939],[114.50903930100571,4.670404390839774],[114.50836039857472,4.669717425140549],[114.50737545107592,4.6691892367274646],[114.50511636832437,4.669367207338342],[114.50182885783002,4.667440675996701],[114.5007936767758,4.66853349890737],[114.4996872182851,4.668149954715481],[114.49773455074994,4.665652551091145],[114.4962276124002,4.6654421093294625],[114.49432453777943,4.663415197014136],[114.49470005093082,4.663335730499656],[114.49480151949938,4.661554252241601],[114.4943316016371,4.66083462981927],[114.49705919936687,4.659050285440253],[114.49800804339486,4.65763378621969],[114.49770587107051,4.657116476154847],[114.49842549267998,4.656617446488197],[114.49810160838388,4.65616039077942],[114.49889396921576,4.654750209750744],[114.49728567752535,4.654921115416549],[114.49726272215494,4.6542708964892885],[114.49663900831726,4.652575798649412],[114.49770963118002,4.652452897497054],[114.4993822776477,4.648584040079266]]]},"properties":{"id":382,"name":"Kg. Keluyoh","mukim":"MUKIM LIANG","area":6081178,"district":"Belait","mukimDisplayName":"Liang"},"id":382},{"type":"Feature","geometry":{"type":"Polygon","coordinates":[[[114.47818064482409,4.6645428968869025],[114.47874096892522,4.6640259784259985],[114.47997363482358,4.663622360165375],[114.48166727274551,4.661737516085874],[114.48233901608725,4.6613958127187765],[114.48308261873905,4.661840995238702],[114.4837599011524,4.661904258118793],[114.48490267166693,4.662478698196869],[114.48556180996009,4.66249565787174],[114.48610657105476,4.66294558841537],[114.4872064500321,4.662165011876217],[114.4871272377097,4.661588404531528],[114.48823066565008,4.661315670930745],[114.48979401524605,4.661139254179526],[114.49048151947933,4.661454008910083],[114.49103109859568,4.66224419013816],[114.49186737708196,4.66280047745817],[114.49432453777943,4.663415197014136],[114.4913724282214,4.667016350330601],[114.4886598627206,4.668002155045707],[114.48571145904641,4.671545825339645],[114.47826187035899,4.666281990700079],[114.4789428678179,4.665000754960901],[114.47818064482409,4.6645428968869025]]]},"properties":{"id":383,"name":"Kg. Agis-Agis","mukim":"MUKIM LIANG","area":1132316.375,"district":"Belait","mukimDisplayName":"Liang"},"id":383},{"type":"Feature","geometry":{"type":"Polygon","coordinates":[[[114.49432453777943,4.663415197014136],[114.49186737708196,4.66280047745817],[114.49103109859568,4.66224419013816],[114.49048151947933,4.661454008910083],[114.48979401524605,4.661139254179526],[114.48823066565008,4.661315670930745],[114.4871272377097,4.661588404531528],[114.4872064500321,4.662165011876217],[114.48610657105476,4.66294558841537],[114.48556180996009,4.66249565787174],[114.48490267166693,4.662478698196869],[114.4837599011524,4.661904258118793],[114.48308261873905,4.661840995238702],[114.48233901608725,4.6613958127187765],[114.48166727274551,4.661737516085874],[114.47997363482358,4.663622360165375],[114.47874096892522,4.6640259784259985],[114.47818064482409,4.6645428968869025],[114.47542168004007,4.662857678368042],[114.47432648103054,4.661935491087319],[114.47328182303981,4.66042026882913],[114.47450237354069,4.660782589377141],[114.47525806288974,4.660763096595944],[114.47597865680335,4.659914830147614],[114.47577176903503,4.6596367062569515],[114.4770487925178,4.658512033426774],[114.47682321712804,4.658296042869839],[114.4777287320391,4.657186252405405],[114.47848438292378,4.655505883844254],[114.47887068947321,4.653275734544792],[114.4784668020275,4.652455018591147],[114.47956289698419,4.651646871668997],[114.47990311140217,4.650971120199612],[114.47978438024744,4.649474142886442],[114.47990178917836,4.647135502615662],[114.47974165443792,4.645749132789762],[114.48031127515469,4.643359872090808],[114.48042936920031,4.642396707492074],[114.48075980075555,4.641863131311316],[114.48028415148806,4.641117123244922],[114.48037795389,4.639243438381412],[114.48023715664374,4.63878278597255],[114.48146766128896,4.638462040696677],[114.48294113152187,4.637739003080948],[114.48552722956498,4.6372708427727165],[114.48914058043347,4.637154141894096],[114.48977389717315,4.636994245714821],[114.49140123994437,4.6358691998755015],[114.49345357635626,4.634846490890848],[114.49264560858043,4.636313084764205],[114.49249542068124,4.637276337358556],[114.49267285435165,4.63858975690592],[114.49344555049328,4.639620994197301],[114.49502636466755,4.640119963148295],[114.4952075467121,4.640697439459033],[114.49476988538146,4.641590498416397],[114.4947957794288,4.642898651286559],[114.49521482125454,4.644849018102806],[114.49522745010056,4.645818912968088],[114.49479233935664,4.647046016565374],[114.49575139299672,4.64737560817328],[114.49770066472564,4.6476673126702694],[114.4993822776477,4.648584040079266],[114.49770963118002,4.652452897497054],[114.49663900831726,4.652575798649412],[114.49726272215494,4.6542708964892885],[114.49728567752535,4.654921115416549],[114.49889396921576,4.654750209750744],[114.49810160838388,4.65616039077942],[114.49842549267998,4.656617446488197],[114.49770587107051,4.657116476154847],[114.49800804339486,4.65763378621969],[114.49705919936687,4.659050285440253],[114.4943316016371,4.66083462981927],[114.49480151949938,4.661554252241601],[114.49470005093082,4.663335730499656],[114.49432453777943,4.663415197014136]]]},"properties":{"id":384,"name":"Kg. Sungai Lalit","mukim":"MUKIM LIANG","area":5411679,"district":"Belait","mukimDisplayName":"Liang"},"id":384},{"type":"Feature","geometry":{"type":"Polygon","coordinates":[[[114.44004399034563,4.65805286584334],[114.43989932389563,4.65877162641839],[114.44033097355864,4.660408550682688],[114.44032750542867,4.661055478613241],[114.43800885872324,4.660893597004766],[114.43708268851921,4.660537010767846],[114.43591744161108,4.659623547327814],[114.43449877118475,4.659145620364971],[114.43397416954804,4.659868345023228],[114.43432688603944,4.660428855627251],[114.43428745137203,4.661013252191283],[114.43291672531028,4.660270599940564],[114.43190651328965,4.659974696048987],[114.42902897825594,4.6583540657330404],[114.42716855146307,4.657991606500033],[114.42624789624804,4.657688124965236],[114.42655263866155,4.657228686875638],[114.42558045222282,4.656589874680425],[114.42594251007296,4.6561457269670825],[114.42726833355051,4.652849555294374],[114.42936980736289,4.653676652270631],[114.43365973217702,4.655513820696154],[114.43923637201252,4.657902287572474],[114.44004399034563,4.65805286584334]]]},"properties":{"id":385,"name":"Kg. Sungai Taring","mukim":"MUKIM LIANG","area":718253.4375,"district":"Belait","mukimDisplayName":"Liang"},"id":385},{"type":"Feature","geometry":{"type":"Polygon","coordinates":[[[114.33723322998246,4.6059449541089235],[114.33178420113447,4.622097366588241],[114.32425969320994,4.61965897452375],[114.32488782994095,4.618045372176446],[114.3285554582238,4.607100286775313],[114.3294204940512,4.604792287840897],[114.32998390209268,4.603883182532114],[114.33008562962867,4.603716043539852],[114.33329036086025,4.604815417727576],[114.33723322998246,4.6059449541089235]]]},"properties":{"id":386,"name":"PEKAN SERIA Kawasan I","mukim":"MUKIM SERIA","area":1631356,"district":"Belait","mukimDisplayName":"Seria"},"id":386},{"type":"Feature","geometry":{"type":"Polygon","coordinates":[[[114.32998390209268,4.603883182532114],[114.3294204940512,4.604792287840897],[114.3285554582238,4.607100286775313],[114.32488782994095,4.618045372176446],[114.32425969320994,4.61965897452375],[114.32276551553987,4.619014889041519],[114.31946311031405,4.618117553798985],[114.31822093592054,4.617584115201847],[114.31467479628671,4.616275018602742],[114.31355511254918,4.615729412200192],[114.31228709388962,4.615699918334526],[114.31040652120176,4.614837332557472],[114.30681154340323,4.61358766513256],[114.30512830197235,4.613400033239585],[114.30227358782506,4.612432620714422],[114.29486557312791,4.610116003564683],[114.29362921310111,4.6098882991697625],[114.29203387525673,4.609344067240547],[114.28828146575042,4.608433260860856],[114.28432867121869,4.607216278662749],[114.28310685656731,4.606941329804345],[114.28127341573142,4.606340549431737],[114.27687135178175,4.605084734172979],[114.27533041054207,4.604428152374964],[114.27243831967724,4.603951058493587],[114.26974539623052,4.603128142083948],[114.26580352437644,4.602099834136174],[114.26487697471407,4.601990067735904],[114.2621180835768,4.601129979392737],[114.25910556325523,4.6004451201671674],[114.25752454309057,4.599983881761742],[114.25642663193331,4.599815439180952],[114.25374190343717,4.599111718015196],[114.25209779922072,4.59880148310427],[114.25251373038702,4.596166266373617],[114.25384012612348,4.596372757267321],[114.25468381820332,4.596116212862405],[114.25530910977037,4.595507426287519],[114.2568427732993,4.591038800835949],[114.25937152288566,4.584039475983746],[114.25974055357477,4.581996785916028],[114.25955615222804,4.579817463161695],[114.27655309788157,4.578337697789229],[114.27958758790558,4.578417491239464],[114.28147359747999,4.578639732589432],[114.28347243860692,4.579058685228991],[114.30998667421277,4.587497387327474],[114.31998272903613,4.5908273536785025],[114.32585757930772,4.59305723441124],[114.32301204254998,4.6015390723525655],[114.32998390209268,4.603883182532114]]]},"properties":{"id":387,"name":"Kg. Panaga","mukim":"MUKIM SERIA","area":22264274,"district":"Belait","mukimDisplayName":"Seria"},"id":387},{"type":"Feature","geometry":{"type":"Polygon","coordinates":[[[114.32585757930772,4.59305723441124],[114.33293577838174,4.59574783614407],[114.33030664437541,4.603299971879102],[114.33008562962867,4.603716043539852],[114.32998390209268,4.603883182532114],[114.32301204254998,4.6015390723525655],[114.32585757930772,4.59305723441124]]]},"properties":{"id":388,"name":"Kg. Lorong Tiga Selatan","mukim":"MUKIM SERIA","area":810851.875,"district":"Belait","mukimDisplayName":"Seria"},"id":388},{"type":"Feature","geometry":{"type":"Polygon","coordinates":[[[114.36962682907551,4.60341223433122],[114.36302294320922,4.6090287085378705],[114.36278775388776,4.609126391603363],[114.35116012077704,4.612907351819816],[114.3479585829595,4.611792551241517],[114.34376110573062,4.607955638398211],[114.34127300576579,4.607102229371779],[114.33723322998246,4.6059449541089235],[114.33329036086025,4.604815417727576],[114.33008562962867,4.603716043539852],[114.33030664437541,4.603299971879102],[114.33293577838174,4.59574783614407],[114.3335162014707,4.595968745918039],[114.3511838704886,4.602108557400282],[114.35870182899725,4.60474776251638],[114.35998265398447,4.604950111088594],[114.36220149805723,4.604636393432125],[114.36510088098238,4.6034302283649655],[114.36725071447165,4.602996552574605],[114.36861694539009,4.60311333355239],[114.36962682907551,4.60341223433122]]]},"properties":{"id":389,"name":"Perumahan Negara Lorong Tengah Seria","mukim":"MUKIM SERIA","area":3477206.75,"district":"Belait","mukimDisplayName":"Seria"},"id":389},{"type":"Feature","geometry":{"type":"Polygon","coordinates":[[[114.3866644907711,4.610851898777986],[114.38653889770086,4.612369904227176],[114.38612516329613,4.614332241547121],[114.38567379636646,4.615184010141766],[114.38363546160207,4.616540458874896],[114.38315245204306,4.617469455325801],[114.3818978510174,4.6182163624963914],[114.3809768550896,4.620292980630924],[114.38014424132828,4.620835052706663],[114.37938042835682,4.6204763736545456],[114.3786517036664,4.620697480847134],[114.37867973320395,4.622144531567894],[114.3780745984687,4.622787581388063],[114.37728773970157,4.622623476184232],[114.37597433838401,4.621819087475543],[114.37559553942178,4.621308583750277],[114.37620808245623,4.620777965742057],[114.37598010687731,4.620203928179218],[114.37456353232542,4.620447147594789],[114.37320583654797,4.619487294566231],[114.3717644347208,4.619685100048247],[114.37048140070733,4.620634861224992],[114.36843196195726,4.619821368326091],[114.36719642461377,4.618265945181442],[114.36718696587185,4.617761649358208],[114.36525900886393,4.616071495205561],[114.36280043816093,4.616424707484059],[114.36225891323559,4.617364387653449],[114.36260244746352,4.618029089451279],[114.36256015915762,4.619067208905414],[114.36197319681841,4.619470802785242],[114.3605295053243,4.6194230652896895],[114.35983449086118,4.618213558060723],[114.35881640642417,4.617992804132596],[114.35888417275034,4.617050141029084],[114.35969114775835,4.616853896238126],[114.36004030982764,4.6164355400345904],[114.35929298303917,4.6159218042122925],[114.35773511661242,4.615354323893013],[114.3566269436709,4.615417778295128],[114.35506919674238,4.614898910999264],[114.3546877471445,4.614942374541043],[114.35446596871151,4.615903108567408],[114.35346085612355,4.616008850488346],[114.3526549772793,4.615852792835049],[114.35193505475708,4.616182701192257],[114.35147094407814,4.617113632996373],[114.35166620692878,4.6177208798967735],[114.35245399092987,4.617907371359973],[114.3537073002977,4.617752411071117],[114.35393934041039,4.618541885703845],[114.35317203103058,4.61931554510105],[114.3536221007072,4.620104490707435],[114.35492551599529,4.620636132932137],[114.35501856692119,4.6215535638887335],[114.35389962975277,4.622182219619535],[114.3522040786854,4.622289630518883],[114.35155659342729,4.6225221262847285],[114.35167948590103,4.62325716944009],[114.35076154386564,4.624359355873601],[114.35058839699224,4.625398971185948],[114.35151534606074,4.628052461154487],[114.35225239178344,4.628966232346198],[114.35219048827774,4.629563771164661],[114.35257262739438,4.630313262569962],[114.35118242162373,4.629911121427722],[114.34873828529018,4.628500581505115],[114.34635139306482,4.627482880586623],[114.34692982392446,4.6259074861695035],[114.34947157843422,4.6183171524203015],[114.345814199354,4.617065088674109],[114.34628750387557,4.616062608150037],[114.3479585829595,4.611792551241517],[114.35116012077704,4.612907351819816],[114.36278775388776,4.609126391603363],[114.36302294320922,4.6090287085378705],[114.36962682907551,4.60341223433122],[114.38533151554432,4.6103018990428115],[114.3866644907711,4.610851898777986]]]},"properties":{"id":390,"name":"Kg. Sungai Bera","mukim":"MUKIM SERIA","area":5228922,"district":"Belait","mukimDisplayName":"Seria"},"id":390},{"type":"Feature","geometry":{"type":"Polygon","coordinates":[[[114.40901817315543,4.646492378913995],[114.40842640588323,4.6482811553947005],[114.40729310849062,4.650794039484297],[114.40426716561647,4.649551894813561],[114.4024455285508,4.649025940601939],[114.4015481118557,4.649002157931067],[114.40000865815789,4.6484605234286756],[114.39857164477691,4.647769697346765],[114.39537489205986,4.646634988222145],[114.39328363087033,4.645724766955894],[114.39093696121448,4.644950255377203],[114.38999147900932,4.644385098300057],[114.38810877623902,4.644103439720101],[114.38730680450978,4.6445233876874665],[114.38677321393152,4.6443511759649585],[114.38561337558536,4.643315714579744],[114.38424839379282,4.642585406515914],[114.38269600739586,4.641926210286977],[114.38115040748264,4.64162562293501],[114.37824248054774,4.640406495042236],[114.37664456604766,4.639552678846193],[114.37407481423297,4.6386390579319885],[114.37089953718508,4.637384948974877],[114.36999774083642,4.636823339892316],[114.36909672527668,4.636583336383737],[114.36809862466046,4.636029592872557],[114.36647204696749,4.635777505806701],[114.3635719097925,4.634264396544568],[114.36256835603872,4.634132873675236],[114.36068280194723,4.63335066463889],[114.358119358553,4.63246722253756],[114.35447421334968,4.630804690793351],[114.35257262739438,4.630313262569962],[114.35219048827774,4.629563771164661],[114.35225239178344,4.628966232346198],[114.35151534606074,4.628052461154487],[114.35058839699224,4.625398971185948],[114.35076154386564,4.624359355873601],[114.35167948590103,4.62325716944009],[114.35155659342729,4.6225221262847285],[114.3522040786854,4.622289630518883],[114.35389962975277,4.622182219619535],[114.35501856692119,4.6215535638887335],[114.35492551599529,4.620636132932137],[114.3536221007072,4.620104490707435],[114.35317203103058,4.61931554510105],[114.35393934041039,4.618541885703845],[114.3537073002977,4.617752411071117],[114.35245399092987,4.617907371359973],[114.35166620692878,4.6177208798967735],[114.35147094407814,4.617113632996373],[114.35193505475708,4.616182701192257],[114.3526549772793,4.615852792835049],[114.35346085612355,4.616008850488346],[114.35446596871151,4.615903108567408],[114.3546877471445,4.614942374541043],[114.35506919674238,4.614898910999264],[114.3566269436709,4.615417778295128],[114.35773511661242,4.615354323893013],[114.35929298303917,4.6159218042122925],[114.36004030982764,4.6164355400345904],[114.35969114775835,4.616853896238126],[114.35888417275034,4.617050141029084],[114.35881640642417,4.617992804132596],[114.35983449086118,4.618213558060723],[114.3605295053243,4.6194230652896895],[114.36197319681841,4.619470802785242],[114.36256015915762,4.619067208905414],[114.36260244746352,4.618029089451279],[114.36225891323559,4.617364387653449],[114.36280043816093,4.616424707484059],[114.36525900886393,4.616071495205561],[114.36718696587185,4.617761649358208],[114.36719642461377,4.618265945181442],[114.36843196195726,4.619821368326091],[114.37048140070733,4.620634861224992],[114.3717644347208,4.619685100048247],[114.37320583654797,4.619487294566231],[114.37456353232542,4.620447147594789],[114.37598010687731,4.620203928179218],[114.37620808245623,4.620777965742057],[114.37559553942178,4.621308583750277],[114.37597433838401,4.621819087475543],[114.37728773970157,4.622623476184232],[114.3780745984687,4.622787581388063],[114.37867973320395,4.622144531567894],[114.3786517036664,4.620697480847134],[114.37938042835682,4.6204763736545456],[114.38014424132828,4.620835052706663],[114.3809768550896,4.620292980630924],[114.3818978510174,4.6182163624963914],[114.38315245204306,4.617469455325801],[114.38363546160207,4.616540458874896],[114.38567379636646,4.615184010141766],[114.38612516329613,4.614332241547121],[114.38653889770086,4.612369904227176],[114.3866644907711,4.610851898777986],[114.3981829719513,4.615615254528628],[114.40004613597452,4.6164500055013935],[114.4025933551303,4.617831321411529],[114.40565424314455,4.6197596270521375],[114.4089036837948,4.6219615852213725],[114.41249380953046,4.62411096458955],[114.40901817315543,4.646492378913995]]]},"properties":{"id":391,"name":"Kg. Anduki","mukim":"MUKIM SERIA","area":17016784,"district":"Belait","mukimDisplayName":"Seria"},"id":391},{"type":"Feature","geometry":{"type":"Polygon","coordinates":[[[114.43770570967484,4.554699373790836],[114.43753321349293,4.599443984920033],[114.41249380953046,4.62411096458955],[114.4089036837948,4.6219615852213725],[114.40565424314455,4.6197596270521375],[114.4025933551303,4.617831321411529],[114.40004613597452,4.6164500055013935],[114.3981829719513,4.615615254528628],[114.3866644907711,4.610851898777986],[114.38533151554432,4.6103018990428115],[114.36962682907551,4.60341223433122],[114.36861694539009,4.60311333355239],[114.36725071447165,4.602996552574605],[114.36510088098238,4.6034302283649655],[114.36220149805723,4.604636393432125],[114.35998265398447,4.604950111088594],[114.35870182899725,4.60474776251638],[114.3511838704886,4.602108557400282],[114.3335162014707,4.595968745918039],[114.33293577838174,4.59574783614407],[114.32585757930772,4.59305723441124],[114.31998272903613,4.5908273536785025],[114.30998667421277,4.587497387327474],[114.28347243860692,4.579058685228991],[114.28147359747999,4.578639732589432],[114.27958758790558,4.578417491239464],[114.27655309788157,4.578337697789229],[114.25955615222804,4.579817463161695],[114.2848168215684,4.554477506549275],[114.29681829448919,4.542437446790279],[114.32455121706948,4.542373754867445],[114.37056372145337,4.5422659845255335],[114.40861716128985,4.542174955128108],[114.41061718790766,4.544568453348752],[114.41386422728029,4.546239230426897],[114.41446841571619,4.546882220142826],[114.41548785038947,4.548709740209696],[114.41636588911813,4.54974418784201],[114.41807577399452,4.552290935549339],[114.418876515671,4.553117291790047],[114.41998450455131,4.5535911032466165],[114.42025786494594,4.554243883852845],[114.41989763032065,4.555613176491934],[114.41940799787982,4.556706827355513],[114.41918715474378,4.558000250899304],[114.419977277416,4.558854182414232],[114.42161155851142,4.558629064404434],[114.42428546750278,4.558030701443619],[114.42624527922568,4.558094963092483],[114.42767425077587,4.5576313915115545],[114.42831515690132,4.557021730055779],[114.42840733265882,4.556272333759012],[114.4279742320054,4.554415280091106],[114.42830503891285,4.553531239823303],[114.43099239903155,4.552663123460639],[114.43180751020586,4.552686947495796],[114.43244580396006,4.553055382193888],[114.43365926523947,4.554408911862594],[114.4345480399723,4.554701069945255],[114.43521341031804,4.554436817054301],[114.4355393429679,4.553936411674905],[114.43652304629823,4.55145912365329],[114.43695668992027,4.550843873507763],[114.4377013439785,4.5505078583615495],[114.43770570967484,4.554699373790836]]]},"properties":{"id":392,"name":"Badas","mukim":"MUKIM SERIA","area":110832248,"district":"Belait","mukimDisplayName":"Seria"},"id":392},{"type":"Feature","geometry":{"type":"Polygon","coordinates":[[[115.04406214480244,4.91039892200944],[115.04479551079494,4.910575158558038],[115.04513828097278,4.911928811747885],[115.04569710938159,4.913119878321312],[115.04692617096535,4.9150110183260045],[115.04771642975376,4.9168039206532725],[115.04814582168072,4.918593293182305],[115.04801931018186,4.920573845961772],[115.04736815322583,4.9212866226406335],[115.04638846163999,4.921118787258635],[115.04511098004365,4.919761386688781],[115.04450502134858,4.918496496340525],[115.04429716514902,4.916981698194977],[115.04354347583516,4.914782247035135],[115.04329517565823,4.913643079362425],[115.04268415383538,4.912008852738923],[115.04274411667835,4.911281081810827],[115.0434407050714,4.910538495881415],[115.04406214480244,4.91039892200944]]]},"properties":{"id":983,"name":null,"mukim":null,"area":null,"district":"","mukimDisplayName":""},"id":983},{"type":"Feature","geometry":{"type":"Polygon","coordinates":[[[114.66977475919627,4.837260176173706],[114.6647083991743,4.832661133148418],[114.66095890909908,4.828979178553364],[114.66209337787801,4.825145096201735],[114.66475416238723,4.82314782225461],[114.66532656657544,4.823741358410411],[114.6664983440349,4.823198011909528],[114.66759068981499,4.821465244087683],[114.67388669687453,4.819610216568844],[114.67543208166094,4.819969116598636],[114.67543721788839,4.819989714335979],[114.67552261285847,4.820332142646676],[114.67549778229167,4.820710787982983],[114.67543883071943,4.821547892841356],[114.67549810175149,4.823195358029448],[114.6755425149819,4.823477846639345],[114.67563872060656,4.824330199511248],[114.67566829252087,4.824624310522955],[114.67569472760721,4.8248931924657725],[114.6752624166067,4.826417046988494],[114.67612674005053,4.827272875955337],[114.67667854724398,4.828146574508772],[114.67681555874508,4.828595378509845],[114.67704328441604,4.829343189961175],[114.67679142031699,4.829940754938186],[114.6754344288961,4.831919263847084],[114.67515819962182,4.8322822226034425],[114.67495562391098,4.832554646048416],[114.67549291834544,4.833005412640894],[114.67596049199506,4.83337489903626],[114.67544796982845,4.834070412260042],[114.6731914478363,4.835354076130347],[114.6720015238477,4.83564274408237],[114.67059057086543,4.8364596956994275],[114.66977475919627,4.837260176173706]]]},"properties":{"id":964,"name":"Tutong Kem","mukim":"MUKIM PEKAN TUTONG","area":2197250.25,"district":"Tutong","mukimDisplayName":"Pekan Tutong"},"id":964},{"type":"Feature","geometry":{"type":"Polygon","coordinates":[[[114.68657106445038,4.8501884472430055],[114.68514378916026,4.849057580518672],[114.68443891584607,4.84919242907151],[114.68424212301103,4.848544694749764],[114.68323439351302,4.8477817403049865],[114.68263741788589,4.84796057502312],[114.68244236245057,4.847257619489647],[114.68112226745231,4.84655925968057],[114.67962486557082,4.84540198150668],[114.67821269947966,4.844638492919423],[114.67746862953676,4.845053785869323],[114.67720460131756,4.844343454519636],[114.67641700182526,4.843670885008613],[114.67566927921457,4.843444692822398],[114.67487861509733,4.842697475506951],[114.67412277379896,4.842640712657395],[114.67407684910424,4.842076626808699],[114.67227312417735,4.84037750899949],[114.67123204249802,4.839053718606777],[114.67018007821439,4.838896309251988],[114.67022403651426,4.837941032350393],[114.66977475919627,4.837260176173706],[114.67059057086543,4.8364596956994275],[114.6720015238477,4.83564274408237],[114.6731914478363,4.835354076130347],[114.67544796982845,4.834070412260042],[114.67596049199506,4.83337489903626],[114.67666241678064,4.834416908362039],[114.6780563660053,4.835842331834764],[114.67913839910864,4.836667548967561],[114.6799702241144,4.835829929863849],[114.68400836890977,4.831103483656037],[114.68764416097964,4.827041449635954],[114.68767480041575,4.827072123678634],[114.68771657505783,4.827229937772505],[114.68774129984932,4.827350834101493],[114.68775457839072,4.827444726794237],[114.68774667119953,4.827536847470621],[114.6876849358906,4.827640708117078],[114.68758855449072,4.827956595720043],[114.68755330055268,4.828192860160193],[114.68754167149393,4.828316975524376],[114.68756567885048,4.828382520129281],[114.68763194934927,4.828528356185992],[114.6877420701318,4.82869660781208],[114.68816461041905,4.828930568838806],[114.68918436278094,4.828978590548368],[114.69006836835796,4.829459849652554],[114.69108726049345,4.830324610968067],[114.6923813278365,4.831755609558798],[114.69209116487656,4.8323229973968855],[114.69201612018944,4.8337330980619155],[114.68674707243505,4.8494117975791635],[114.68657106445038,4.8501884472430055]]]},"properties":{"id":963,"name":"Kg. Penanjong","mukim":"MUKIM PEKAN TUTONG","area":2912528.25,"district":"Tutong","mukimDisplayName":"Pekan Tutong"},"id":963},{"type":"Feature","geometry":{"type":"Polygon","coordinates":[[[114.6923813278365,4.831755609558798],[114.72019237198259,4.833114086486205],[114.72105930144035,4.834009833443011],[114.72812176210532,4.833650089502829],[114.76934353275684,4.840818624352687],[114.77790471196049,4.861915394917991],[114.79212420424332,4.896953051105408],[114.79451261843536,4.902837940330899],[114.79443886129863,4.9031171490074446],[114.79464865724029,4.903172961864299],[114.79667743796813,4.908171841957218],[114.79703969734656,4.909064437070502],[114.79466728525989,4.910946306424002],[114.79468951117578,4.91254603855615],[114.79522209252536,4.91586288098343],[114.79545515840339,4.9181123371214195],[114.79568984111171,4.9213073918441355],[114.79557870421618,4.923001503512309],[114.79557002405842,4.9230866254298205],[114.79552739122472,4.923504708557445],[114.79551411889705,4.9236348587634575],[114.79484169293848,4.923598824116821],[114.79388773940289,4.924009084098394],[114.79421301974746,4.922778207049178],[114.79406827783599,4.921949964552349],[114.79357043810998,4.921373887977136],[114.79158366336057,4.919990889347461],[114.79040663588006,4.918961152656994],[114.78748702477725,4.91681448556981],[114.78582223683566,4.91570707390091],[114.78499597973146,4.915442889570424],[114.78438709658167,4.91463438815043],[114.7822928729203,4.913272430519753],[114.78043583244016,4.912227749129722],[114.77863548817021,4.910845985556884],[114.77764771540821,4.909690654625272],[114.77616039741635,4.908647977848871],[114.7729080001869,4.906210536244268],[114.76187923997645,4.898489855954533],[114.75818219276617,4.896125911454605],[114.75277742229471,4.892411423559128],[114.75179624105064,4.89189780717807],[114.75093469962148,4.891140244398229],[114.74668354422548,4.888346218985974],[114.74307367445553,4.886224136777776],[114.73853805013107,4.883410563612609],[114.7308854500118,4.878543424553635],[114.72467860832364,4.874795528910487],[114.72226068244927,4.873192276982933],[114.7220125816774,4.872842623748559],[114.72081637445488,4.872234716055546],[114.71809108606958,4.870394241629127],[114.71495274485707,4.868377549127038],[114.70886724315828,4.864641029263897],[114.70793661231211,4.863925330279448],[114.70323917461992,4.861145913993633],[114.70229186609582,4.861095975356972],[114.70180703455564,4.860251694386615],[114.70100561623119,4.859872770519872],[114.69956586499289,4.858825880951398],[114.69901419294945,4.8589176384245185],[114.69867894831401,4.85828545493297],[114.69757900339401,4.857571310830804],[114.69673509653073,4.857424634210131],[114.6967416978668,4.856983002964361],[114.69401268476507,4.855288619004243],[114.69298797613767,4.855085525662202],[114.69298502910502,4.8545399843527814],[114.69003862973986,4.85277233224074],[114.68940603999876,4.852162494257398],[114.6884584911755,4.851622462448407],[114.68657106445038,4.8501884472430055],[114.68674707243505,4.8494117975791635],[114.69201612018944,4.8337330980619155],[114.69209116487656,4.8323229973968855],[114.6923813278365,4.831755609558798]]]},"properties":{"id":962,"name":"Kawasan Padang Tembak Binturan","mukim":"MUKIM KERIAM","area":54566948,"district":"Tutong","mukimDisplayName":"Keriam"},"id":962},{"type":"Feature","geometry":{"type":"Polygon","coordinates":[[[114.60016591945033,4.771490558912179],[114.60134007089894,4.771837985503972],[114.6036559372232,4.77222261679365],[114.60601764585091,4.772607114918515],[114.6070949641205,4.772650190779915],[114.60799670597936,4.7727812025749214],[114.60872046723956,4.773082848906247],[114.6100177220232,4.774074470845204],[114.61117721806151,4.775545224245466],[114.61132756749993,4.776142253061871],[114.61140454749805,4.777112524133657],[114.61089041667668,4.779727498696455],[114.61096796090126,4.780698337174082],[114.61119288209183,4.781369776057405],[114.61179042171209,4.7821148139100575],[114.61320862267885,4.783604287657733],[114.61552427824833,4.786734417247396],[114.61683719920221,4.78779525698288],[114.61516590024421,4.78903643164553],[114.61077920913826,4.78530652372018],[114.60378384653525,4.779098394830932],[114.59919645575835,4.774927363371604],[114.59685207189838,4.772883811808615],[114.59726554979322,4.772532756659106],[114.59764580607336,4.7716189809148],[114.59649762374669,4.770022933348434],[114.5991839624785,4.771200000872828],[114.60016591945033,4.771490558912179]]]},"properties":{"id":967,"name":"Kg. Kuala Tutong","mukim":"MUKIM PEKAN TUTONG","area":1356947.5,"district":"Tutong","mukimDisplayName":"Pekan Tutong"},"id":967},{"type":"Feature","geometry":{"type":"Polygon","coordinates":[[[114.61683719920221,4.78779525698288],[114.61761280834982,4.788371281728474],[114.61902841274042,4.788890268435757],[114.6209641826813,4.789034229391328],[114.62208068565828,4.7889565838911405],[114.62274978725883,4.788655763668132],[114.62367858230701,4.78783906477842],[114.62445786559297,4.786330720494423],[114.62512650228273,4.785602579802113],[114.62583167849404,4.785219636539798],[114.62713716242186,4.785174406016897],[114.62817075040161,4.785534750356086],[114.63003939412698,4.786769543851701],[114.63130731698656,4.787885790136895],[114.63331091373787,4.790807030576077],[114.63432734742736,4.79329744114566],[114.63467594646372,4.794896065514366],[114.634532069498,4.796688207958242],[114.63367711535908,4.799098378200994],[114.63356814194714,4.799843633122954],[114.63364801029209,4.800622288184613],[114.63428111058707,4.8019996952651285],[114.63451176156626,4.802282238560643],[114.63395633165146,4.802869548459648],[114.63330201396138,4.803561419834226],[114.63309749983893,4.803777670506236],[114.63292719596969,4.803957747567106],[114.62981945073903,4.801160362707938],[114.62751896838536,4.799241779921327],[114.62249266160649,4.79516905346973],[114.61516590024421,4.78903643164553],[114.61683719920221,4.78779525698288]]]},"properties":{"id":966,"name":"Kg. Penabai","mukim":"MUKIM PEKAN TUTONG","area":2081824.875,"district":"Tutong","mukimDisplayName":"Pekan Tutong"},"id":966},{"type":"Feature","geometry":{"type":"Polygon","coordinates":[[[114.5830530550764,4.7608407309999325],[114.58592459157346,4.758569795697672],[114.58619428838958,4.759279135181317],[114.58697360388975,4.760677613276629],[114.58788142751338,4.761790445357488],[114.59028983538869,4.763314236493765],[114.59344744086908,4.764628514934031],[114.59531129034698,4.765531280394313],[114.59683905302464,4.766434945799158],[114.59797881350886,4.767261844045747],[114.59945612494371,4.768632495760558],[114.60000327815928,4.77021314202581],[114.60016591945033,4.771490558912179],[114.5991839624785,4.771200000872828],[114.59649762374669,4.770022933348434],[114.59582956783106,4.769094288455752],[114.59429374555071,4.769609245260907],[114.59397065548794,4.76919736054782],[114.59157452266888,4.768078946326049],[114.5898179525778,4.766879146190197],[114.58879139010128,4.766370146512041],[114.588517556998,4.765824369192271],[114.58777375577266,4.76572001543347],[114.58709204716008,4.764605188023464],[114.58638202856595,4.764469723159787],[114.58614031093904,4.76371109261185],[114.58552228349811,4.763396729873843],[114.58437688706464,4.762314159970805],[114.58366779242982,4.760980222163491],[114.5830530550764,4.7608407309999325]]]},"properties":{"id":968,"name":"Kg. Danau","mukim":"MUKIM TELISAI","area":722208.5,"district":"Tutong","mukimDisplayName":"Telisai"},"id":968},{"type":"Feature","geometry":{"type":"Polygon","coordinates":[[[114.5830530550764,4.7608407309999325],[114.58261719895071,4.759995459472473],[114.58169770184247,4.759703983884902],[114.58126176633692,4.7586603346257546],[114.58035538315475,4.758361821966806],[114.58029264106708,4.75784080439998],[114.5796326940532,4.757329589596616],[114.5791543222371,4.757417047585296],[114.57911401172179,4.75609983003717],[114.57856676500404,4.755453390611739],[114.5755775492502,4.752897831532347],[114.57821053958384,4.75101697542805],[114.58129360251546,4.753484779351766],[114.58207246143128,4.752953223530179],[114.58307277091961,4.753335024780303],[114.5837164590761,4.753140510967467],[114.58475212801821,4.7535236615267955],[114.58546529978496,4.757361792451872],[114.58592459157346,4.758569795697672],[114.5830530550764,4.7608407309999325]]]},"properties":{"id":969,"name":"Kg. Tumpuan Ugas","mukim":"MUKIM TELISAI","area":567800.625,"district":"Tutong","mukimDisplayName":"Telisai"},"id":969},{"type":"Feature","geometry":{"type":"Polygon","coordinates":[[[114.49053109584517,4.382592003956574],[114.46831415384479,4.382642893928654],[114.4672872684494,4.382754076549101],[114.46570163440978,4.3828214856511245],[114.46602541556774,4.382308209502601],[114.4642851652024,4.38124930285408],[114.46453500198656,4.380471044382706],[114.46430199329427,4.379799577921952],[114.46349257581612,4.378768201590892],[114.46333218062364,4.377425571807745],[114.46364967769749,4.376304349965361],[114.46462423698082,4.376179940946989],[114.46585119180448,4.375499026897731],[114.4904103840363,4.37543226758972],[114.49053109584517,4.382592003956574]]]},"properties":{"id":306,"name":"Kg. Simpang Tiga","mukim":"MUKIM LABI","area":2305097.25,"district":"Belait","mukimDisplayName":"Labi"},"id":306},{"type":"Feature","geometry":{"type":"Polygon","coordinates":[[[115.04522820506192,4.981652659094134],[115.04355544016987,4.980937103505807],[115.04348686172543,4.979308627689064],[115.04388634876771,4.978390330644781],[115.04425238737144,4.978248563816777],[115.04502873663267,4.978688822298825],[115.04559727577261,4.979867469698021],[115.04590775401095,4.9814971646861945],[115.04522820506192,4.981652659094134]]]},"properties":{"id":893,"name":null,"mukim":null,"area":null,"district":"","mukimDisplayName":""},"id":893},{"type":"Feature","geometry":{"type":"Polygon","coordinates":[[[115.0290512350898,4.950195464002973],[115.0283185121972,4.949561844510667],[115.0269710835941,4.9478677063189185],[115.02603015164706,4.945654120965796],[115.02583873909697,4.94374037677762],[115.02589445007865,4.9423140763570395],[115.02657712992949,4.94212054482722],[115.02699936705594,4.943411250965662],[115.02749052758956,4.94573556401508],[115.02791339993733,4.9465633006931835],[115.0289134284863,4.947525606273435],[115.03005378543543,4.948193440909522],[115.03045901530746,4.949378103354853],[115.03014458104118,4.950298676680647],[115.0290512350898,4.950195464002973]]]},"properties":{"id":902,"name":null,"mukim":null,"area":null,"district":"","mukimDisplayName":""},"id":902},{"type":"Feature","geometry":{"type":"Polygon","coordinates":[[[115.05177616043878,4.814058267451338],[115.04947039382341,4.8151910923003305],[115.04840884817015,4.815370195538853],[115.04749075966156,4.815269337105299],[115.04603393228895,4.814735685574771],[115.04483339237963,4.814746447201859],[115.04317856525512,4.815040960583986],[115.04247039023474,4.815441228690171],[115.04176469526291,4.8165529031314],[115.04062419887863,4.816981099008621],[115.03977547475915,4.81824851941417],[115.03926997825829,4.819961112080868],[115.03863765460687,4.819982147361572],[115.03781979537537,4.81814024437613],[115.03733077447964,4.815840803861488],[115.0372002301309,4.812347602212329],[115.03723522664708,4.810334853325649],[115.03744544001383,4.809336660152483],[115.03831104673337,4.807558300929816],[115.03849137769812,4.805809287165195],[115.03842409179221,4.803265230821826],[115.03864246508807,4.80240991654299],[115.03920947622895,4.801624005784148],[115.03865438763134,4.800651492604701],[115.03950415729125,4.799780818860381],[115.03972914768701,4.799064626245589],[115.03955127400658,4.798501849130642],[115.03975553885368,4.796427787091091],[115.0405493771773,4.79580648632265],[115.04223268814391,4.795667407895436],[115.04374217946497,4.795767456610556],[115.04721464463962,4.796318465753649],[115.04877574982325,4.796291159520094],[115.05019670725771,4.796069353218571],[115.05162539495512,4.795657976375604],[115.05286452207278,4.795067177526405],[115.05367162299491,4.794989542459595],[115.05451341287653,4.795782962289701],[115.05381344845641,4.797337820049078],[115.05346140511551,4.799109721982561],[115.05341970674392,4.804921060188295],[115.05344328450883,4.810536700067935],[115.05337746078915,4.812038111085514],[115.05319161323239,4.812748190695964],[115.0524946624779,4.813589937936504],[115.05177616043878,4.814058267451338]]]},"properties":{"id":915,"name":null,"mukim":null,"area":null,"district":"","mukimDisplayName":""},"id":915},{"type":"Feature","geometry":null,"properties":{"id":920,"name":null,"mukim":null,"area":null,"district":"","mukimDisplayName":""},"id":920},{"type":"Feature","geometry":{"type":"Polygon","coordinates":[[[115.0402062272835,5.000499835895286],[115.03906015710128,5.001305593172636],[115.03775977320137,5.001092738426505],[115.03644967592102,5.000487644774499],[115.03662339049197,5.00017338485997],[115.03797509151552,5.000042981600083],[115.04023076488316,4.9993647776695616],[115.0402062272835,5.000499835895286]]]},"properties":{"id":932,"name":null,"mukim":null,"area":null,"district":"","mukimDisplayName":""},"id":932},{"type":"Feature","geometry":null,"properties":{"id":927,"name":null,"mukim":null,"area":null,"district":"","mukimDisplayName":""},"id":927},{"type":"Feature","geometry":{"type":"Polygon","coordinates":[[[115.07353325554547,4.836788156530618],[115.07237967210976,4.836570919295468],[115.07088109366771,4.835650559153018],[115.07051587608676,4.836097628812025],[115.06861299250374,4.835746557493047],[115.06695770629554,4.835069807605971],[115.06570520910358,4.833963499501266],[115.06490550159215,4.8325278590887955],[115.0648397329583,4.8318514940790385],[115.06514639982468,4.83103363419378],[115.0660434771873,4.830451601704186],[115.06928705764152,4.82987958292155],[115.0712789955252,4.828958954862787],[115.07269323724088,4.827502011756844],[115.0740593281442,4.827752553039551],[115.07576956240379,4.829297239950394],[115.07640654720677,4.82932824075834],[115.07896587960629,4.828968256117761],[115.08037510758193,4.828212678371509],[115.0811796814508,4.828541212006016],[115.08208196642775,4.830290146011905],[115.08241841867013,4.831985329085763],[115.08009259716458,4.834683152264448],[115.07841134890326,4.836265070727311],[115.07707304715447,4.836549215956849],[115.07353325554547,4.836788156530618]]]},"properties":{"id":925,"name":null,"mukim":null,"area":null,"district":"","mukimDisplayName":""},"id":925},{"type":"Feature","geometry":null,"properties":{"id":929,"name":null,"mukim":null,"area":null,"district":"","mukimDisplayName":""},"id":929},{"type":"Feature","geometry":{"type":"Polygon","coordinates":[[[114.62450098759277,4.788113704890776],[114.6243347508866,4.78746842861704],[114.6247401858943,4.786369084937299],[114.6254283306234,4.785523226134539],[114.62647766348269,4.785402864312154],[114.62726893565006,4.785554805875864],[114.628016233851,4.786057968010304],[114.62797122111195,4.786882742010348],[114.62631757492827,4.78725058239185],[114.62450098759277,4.788113704890776]]]},"properties":{"id":921,"name":null,"mukim":null,"area":null,"district":"","mukimDisplayName":""},"id":921},{"type":"Feature","geometry":null,"properties":{"id":924,"name":null,"mukim":null,"area":null,"district":"","mukimDisplayName":""},"id":924},{"type":"Feature","geometry":{"type":"Polygon","coordinates":[[[114.62572714634294,4.788155410222652],[114.62569374143749,4.787717553468129],[114.62653120641886,4.787334313369061],[114.62837315740461,4.7868293800132085],[114.62903801248946,4.787634292673589],[114.62731189318883,4.788474055728106],[114.62651854470474,4.788577797651274],[114.62572714634294,4.788155410222652]]]},"properties":{"id":922,"name":null,"mukim":null,"area":null,"district":"","mukimDisplayName":""},"id":922},{"type":"Feature","geometry":{"type":"Polygon","coordinates":[[[114.90662834259275,4.977586500100958],[114.90619520590226,4.983720493865791],[114.9061841907026,4.9839714535870305],[114.9059004524834,4.983869099767526],[114.90325341201945,4.983098946063325],[114.8969929969188,4.981450371543356],[114.89621781947302,4.983236899077727],[114.89618966798645,4.983306427133865],[114.89618961428141,4.983306559332526],[114.89609227265093,4.983546963393699],[114.89557946333392,4.9838806148280455],[114.89505376349979,4.983055093125294],[114.89379799054215,4.9826525681433464],[114.89238604357227,4.981844131371282],[114.89116931074064,4.9818655643927015],[114.89116179301153,4.981355519108084],[114.88993993711004,4.980932530070331],[114.88913326826514,4.981135682449791],[114.88823425826178,4.980502148773762],[114.88721153814923,4.980396787882562],[114.88593211931975,4.980804702261964],[114.88550774709687,4.981313759630712],[114.88533150642279,4.982957635813461],[114.88407938274393,4.982506852748509],[114.88352364022249,4.981741636931427],[114.88376140369752,4.981322133822583],[114.88507741896399,4.981734417323895],[114.88537504220679,4.98104543051934],[114.88534458025359,4.980007743383779],[114.88506714360351,4.979082178534945],[114.883475632573,4.978088847942881],[114.8827223744689,4.977305183534596],[114.8814920004983,4.976644107690244],[114.88022231494236,4.976577359284041],[114.87865717196756,4.9767642699703405],[114.87727884859993,4.977487994871507],[114.87702947951308,4.978077792914763],[114.87711661932155,4.978924981804015],[114.87778005863876,4.979613999886437],[114.87699675770133,4.979843107630757],[114.8765904123558,4.979578444727031],[114.87546361152701,4.979931614159756],[114.87447277565485,4.979067787125462],[114.8745994734262,4.978641692893497],[114.87584262761814,4.979186902601187],[114.87615556966946,4.979065270272991],[114.87654715235169,4.977193494000028],[114.87640448931649,4.975891642469929],[114.87570150722959,4.974803678279537],[114.87420071482208,4.974023028665474],[114.87310028741578,4.972957807829004],[114.87224654499296,4.972582391831947],[114.87186334716344,4.972752971887704],[114.87128338652532,4.973882107231958],[114.87007976017836,4.9741960255920254],[114.86949093578089,4.97474761314877],[114.86979178180486,4.975575819123988],[114.86952688183055,4.975921166864263],[114.86858574431328,4.975988779768662],[114.86769638211604,4.9755919931267405],[114.8671428285045,4.9747860798568855],[114.86819604540989,4.974105941633181],[114.86796386913647,4.973028519620319],[114.86751536985314,4.972365035474008],[114.86697749077713,4.972148635153924],[114.86716929283698,4.971155029736439],[114.8670374036863,4.970294512918652],[114.86660278174165,4.9698335217582],[114.86669264756812,4.969629993592476],[114.86711871690268,4.9686069898940515],[114.86711553906389,4.968605131968951],[114.86432694517987,4.966973977465022],[114.86223324725569,4.965836820933675],[114.86111263820226,4.965385177347658],[114.8555253892492,4.962954636022617],[114.85554028643622,4.962927013298872],[114.85554036983535,4.962926858405515],[114.8638708966126,4.9474786828571125],[114.86386681248828,4.947478580283347],[114.8628750061448,4.947453976072477],[114.86283254010519,4.933225228581061],[114.8637978208734,4.933196327399037],[114.8634964906604,4.9328761863748145],[114.8633519845267,4.932608141046105],[114.86306728584937,4.932384036845133],[114.86301039273168,4.932203900001324],[114.8631657385502,4.931950217296666],[114.8633401161704,4.931275947594744],[114.86321091807184,4.93103950772675],[114.86329856951978,4.930762285538147],[114.86295378733016,4.930610710620907],[114.86242638029218,4.930825383329067],[114.86177746360751,4.930546419519559],[114.8605686871526,4.929049381556506],[114.86048323210709,4.928551676619263],[114.85936518833977,4.927997155748689],[114.8589618180072,4.926906920964064],[114.85893732754145,4.926630599350308],[114.85896035929521,4.926417441830231],[114.85894831234735,4.926345693724584],[114.8611051797017,4.91789545890554],[114.87451125792138,4.921272887091054],[114.87557295658576,4.921208365908584],[114.87569044048551,4.921917636179989],[114.87607218029802,4.923303544248331],[114.87620947430543,4.923796004356962],[114.87627846226695,4.924043456504638],[114.87620316774719,4.924322247279974],[114.87612896691756,4.924572868411397],[114.87599008432872,4.925240251646192],[114.87584213801887,4.925891836752384],[114.8757866260608,4.92615177035544],[114.87676281868366,4.92696467478833],[114.87843062364318,4.927613596980229],[114.88064336934394,4.9269461538017865],[114.88105621958299,4.927805175854773],[114.88195848344098,4.92855984417243],[114.88346359299995,4.928888765905484],[114.88368654039402,4.926758324278418],[114.88447004749997,4.925507368140025],[114.88458426430034,4.925259454166954],[114.88462604737217,4.925098802219977],[114.88464187221497,4.9249274898103215],[114.8846302503668,4.92462343446944],[114.88461467285396,4.924130041322142],[114.88456056257967,4.922071088704011],[114.88442667720288,4.9212143690227785],[114.88762472872475,4.921205113319021],[114.88917854876182,4.921431367122861],[114.89108020143738,4.920811117333792],[114.89106734710253,4.920526141912208],[114.89252138074389,4.920527689090793],[114.8935351190196,4.920461201652843],[114.89634335488522,4.920385036284475],[114.89636207722587,4.923496967651148],[114.896562773703,4.923615952493566],[114.89700171129543,4.923894403358176],[114.89617686972102,4.926175546353573],[114.89569534721268,4.926965065637357],[114.89497659048546,4.927654447205412],[114.89177538528578,4.924000752050756],[114.89136711708412,4.923527615090983],[114.88968202301591,4.924397823998941],[114.88952902948854,4.925198626636731],[114.8887359225864,4.925623910617684],[114.88856731730993,4.926081069286741],[114.88624214482076,4.926207386453908],[114.8857540421165,4.927451237667097],[114.8847773693779,4.931738601371748],[114.88439618692269,4.932600028308437],[114.88433545908123,4.932970859986389],[114.88501810477426,4.932893968898314],[114.88661829020003,4.932612852590718],[114.8880838290033,4.932401207290503],[114.89008647515007,4.932374980014132],[114.89187780880775,4.932683206932902],[114.89281842979736,4.933263391375141],[114.89276459094944,4.933865495211602],[114.89299172460466,4.934007240051121],[114.89299693519182,4.934236978817121],[114.89300464549983,4.934813341418191],[114.8930029936255,4.9349514947566115],[114.89297731879967,4.934951194953138],[114.89297504240795,4.935296392664638],[114.89298485330112,4.935425762283718],[114.8927194163244,4.935441277587565],[114.89273322373627,4.935665421938777],[114.89274863539636,4.936141228574881],[114.89246669842498,4.936647960151416],[114.89243972220504,4.936672911307444],[114.89245835416617,4.936773352480417],[114.89271138943025,4.9369295796193535],[114.89292963304833,4.937477432725542],[114.89303506318026,4.938111130285071],[114.89309628219029,4.948978655452935],[114.89359386192363,4.950081022765889],[114.8949534746806,4.951294373747871],[114.898383301087,4.952949079833161],[114.89963042405917,4.953304491245865],[114.90193443441193,4.953902521049186],[114.90157826400299,4.954461484849713],[114.90060470564305,4.95567515765233],[114.89843826500001,4.957885558348543],[114.89681144471582,4.95907522067433],[114.8952785798592,4.960027762531282],[114.89316313934299,4.961300833341976],[114.8957981049162,4.967362511451371],[114.89629168957343,4.968493221555866],[114.89736729731624,4.970701179620128],[114.89885376484823,4.971929793482202],[114.90109341776945,4.972947952705469],[114.90360930287846,4.975056463479042],[114.90662834259275,4.977586500100958]]]},"properties":{"id":954,"name":"Kg. Tungku","mukim":"MUKIM GADONG A","area":23048426,"district":"Brunei-Muara","mukimDisplayName":"Gadong A"},"id":954},{"type":"Feature","geometry":{"type":"Polygon","coordinates":[[[114.98248226866218,5.000403566497332],[114.9813038704664,5.002664448604407],[114.99055330506954,5.010336451965013],[114.98798679018505,5.016785365571902],[114.98882343606017,5.018987268221375],[114.99015123266216,5.021762265375166],[114.98997736162843,5.022217166107795],[114.98662730739706,5.0209979823305],[114.98564733401511,5.0205228131998405],[114.97966684177435,5.017985753356184],[114.97683407671734,5.016955841209171],[114.96653670210492,5.012299074825107],[114.96543127851275,5.0119212769432435],[114.96481616533941,5.0120739443465405],[114.96434568296878,5.011547808856496],[114.963309960465,5.011280462152461],[114.96226616961468,5.0107569420776565],[114.96165192960609,5.010802106377681],[114.9610480603302,5.010301613755632],[114.95969596780525,5.010198443300585],[114.95913116456116,5.009837209051827],[114.95813485781814,5.010053984261601],[114.95810508011859,5.009611192460015],[114.95734280600009,5.009040069439169],[114.95673796721766,5.009012925499612],[114.95364981976482,5.0077856413356985],[114.9526013152769,5.007650918714455],[114.95014327741762,5.00659595043437],[114.94693307179165,5.005475333308673],[114.94623467033234,5.0055143314946005],[114.94587284932399,5.0051211969061065],[114.94440690238376,5.004640236595199],[114.94349822747878,5.004173662409474],[114.94151231420962,5.003589880446859],[114.94033442362466,5.00297029589234],[114.93849992067213,5.002279770516366],[114.9378035308649,5.00245178981608],[114.93765257979156,5.001893383321823],[114.93675072648281,5.001532793250295],[114.93643186769972,5.001796658667656],[114.93578500893949,5.001196994453209],[114.93327742898987,5.000173333848262],[114.93136291658759,4.999237807155256],[114.92996698498061,4.998675379218944],[114.92702963519397,4.997166495434198],[114.92380049909863,4.995683853592506],[114.92588587796709,4.99463697530458],[114.92727416794813,4.994496482011064],[114.9281187641487,4.9947838436065854],[114.9307734559301,4.996292711244023],[114.93190067664803,4.996479717659802],[114.93280323934798,4.9963706720177745],[114.9338448967846,4.995673369256746],[114.93470670104502,4.994771441072089],[114.93554147958696,4.994798252713692],[114.93668769582769,4.995665150727965],[114.9379064475723,4.995557947264037],[114.93831735089705,4.994653455626248],[114.93874862580414,4.994324857538386],[114.93988076907002,4.994278966399571],[114.93996375452477,4.99469075489196],[114.94094951210754,4.9957921414938795],[114.9424594244762,4.996527443547029],[114.9441325030466,4.995857627781406],[114.94534358526003,4.994942565637218],[114.94889963452925,4.991924545891088],[114.95011424001365,4.993418428102837],[114.95223067708349,4.991811861253897],[114.95271723106681,4.9924676335401745],[114.9543248850762,4.99256622785415],[114.95687270769135,4.985962537453458],[114.95825051179038,4.985605066133231],[114.95955552012684,4.985329688646688],[114.96039385534283,4.985232110402419],[114.96141061542767,4.985240804948725],[114.96290204336614,4.985467882827641],[114.96472958699839,4.986122913237072],[114.96672102351644,4.987286694164699],[114.96910716187487,4.989226414882431],[114.97352392484592,4.993673873403815],[114.97413843786963,4.99427503699619],[114.97477550417749,4.994875562153126],[114.9779381752697,4.997484308330624],[114.97883017183318,4.998142248358601],[114.98248226866218,5.000403566497332]]]},"properties":{"id":958,"name":"Perkhemahan Berakas","mukim":"MUKIM BERAKAS A","area":11639520,"district":"Brunei-Muara","mukimDisplayName":"Berakas A"},"id":958},{"type":"Feature","geometry":null,"properties":{"id":923,"name":null,"mukim":null,"area":null,"district":"","mukimDisplayName":""},"id":923},{"type":"Feature","geometry":{"type":"Polygon","coordinates":[[[114.62572714634294,4.788155410222652],[114.62569374143749,4.787717553468129],[114.62653120641886,4.787334313369061],[114.62837315740461,4.7868293800132085],[114.62903801248946,4.787634292673589],[114.62731189318883,4.788474055728106],[114.62651854470474,4.788577797651274],[114.62572714634294,4.788155410222652]]]},"properties":{"id":928,"name":null,"mukim":null,"area":null,"district":"","mukimDisplayName":""},"id":928},{"type":"Feature","geometry":{"type":"Polygon","coordinates":[[[114.60419387595054,4.773534421606759],[114.6042159646687,4.773093037160837],[114.60317409623185,4.77322543287012],[114.60312796341496,4.772501655643167],[114.60318907399338,4.77230895085705],[114.6032293179477,4.772216185627595],[114.60327578097804,4.772126393384494],[114.60338646814893,4.771957386146791],[114.60430857892638,4.771162229250066],[114.6050251348738,4.771265139112714],[114.60611288979726,4.772228944716876],[114.6067667264386,4.772504107928216],[114.60692057032136,4.772573624420342],[114.60707202551237,4.772648231631448],[114.60722092592337,4.772727847716194],[114.60736710725158,4.77281238449393],[114.60864059946408,4.773839437558345],[114.60989594370277,4.775738634897084],[114.61009178018523,4.776440019687954],[114.60966864330803,4.777158629976605],[114.60836095454995,4.776699137813672],[114.6062749264855,4.775345987012131],[114.60374393337558,4.7739776368889855],[114.60419387595054,4.773534421606759]]]},"properties":{"id":933,"name":null,"mukim":null,"area":null,"district":"","mukimDisplayName":""},"id":933},{"type":"Feature","geometry":{"type":"Polygon","coordinates":[[[115.06619299196534,4.829384552600256],[115.06562964114462,4.829565473638817],[115.06264208956824,4.829052443995927],[115.06185780191787,4.828610684208956],[115.06104238963002,4.82769204569961],[115.0599916565563,4.827157913846993],[115.05882241680595,4.825476666234483],[115.05843965300218,4.824576956965161],[115.05808815818426,4.8225358827028435],[115.05833343252428,4.821635292161842],[115.05909197532947,4.820929727150741],[115.05973306353512,4.820645002097931],[115.06189202180053,4.820131822088632],[115.06384149831568,4.8191360113934705],[115.06569371972301,4.816657657495999],[115.06651189261358,4.81593850116065],[115.06832399474176,4.814761706242399],[115.06948568150227,4.813111058820292],[115.07021689885025,4.812270542394671],[115.07193953359611,4.81166742332784],[115.07450718452115,4.811882438091947],[115.07622738271742,4.8128191532675535],[115.07868519091993,4.81233658947681],[115.07998038962648,4.8118162587469895],[115.08151391646778,4.812050494348227],[115.08265257999638,4.812456333551547],[115.08344674964584,4.812942988888072],[115.08423386784563,4.814026302258451],[115.08523283379681,4.816664759177266],[115.08530495530525,4.818443843007921],[115.08446719515328,4.819152049110154],[115.08337547786729,4.818906499858892],[115.08214106287726,4.818035844860533],[115.0814848119131,4.816363603299941],[115.08086311273281,4.815713038813302],[115.07952857856225,4.815842618368799],[115.07866517874743,4.816568177988519],[115.07816887020891,4.817532644154513],[115.07766717222286,4.819685422186084],[115.07798250002607,4.821183699846315],[115.0787690769474,4.823421125828311],[115.07863257961321,4.824026530663216],[115.07777714172256,4.825204262556478],[115.07689327157067,4.827774683420905],[115.07651236468551,4.827943979359961],[115.07435198437291,4.826843932003577],[115.07292054356923,4.826735689357132],[115.07145865694487,4.82751801325271],[115.07011000737005,4.828741944811198],[115.06934378683191,4.829195760880791],[115.06758220264813,4.8294247571789715],[115.06619299196534,4.829384552600256]]]},"properties":{"id":926,"name":null,"mukim":null,"area":null,"district":"","mukimDisplayName":""},"id":926},{"type":"Feature","geometry":{"type":"Polygon","coordinates":[[[114.62450098759277,4.788113704890776],[114.6243347508866,4.78746842861704],[114.6247401858943,4.786369084937299],[114.6254283306234,4.785523226134539],[114.62647766348269,4.785402864312154],[114.62726893565006,4.785554805875864],[114.628016233851,4.786057968010304],[114.62797122111195,4.786882742010348],[114.62631757492827,4.78725058239185],[114.62450098759277,4.788113704890776]]]},"properties":{"id":930,"name":null,"mukim":null,"area":null,"district":"","mukimDisplayName":""},"id":930},{"type":"Feature","geometry":{"type":"Polygon","coordinates":[[[115.04685145580163,4.896099185813025],[115.04582036157727,4.8955615715476535],[115.0422418886984,4.892276047978826],[115.04084738656508,4.890916191013933],[115.03996312588734,4.890239717527759],[115.0378558703716,4.889270259661212],[115.03733733128047,4.889939070127441],[115.03646050074698,4.889769504163085],[115.03523972847752,4.888312293202404],[115.03410738529213,4.886024707907459],[115.03377264065816,4.8847580174480125],[115.03369785354529,4.883388783557636],[115.03453234169548,4.88290124405757],[115.03730440899197,4.884039686258073],[115.04040214164347,4.885135594219317],[115.04170991071945,4.8859556161164415],[115.04258997154332,4.886947549512972],[115.04532354208747,4.889485978798427],[115.04621700347876,4.889846130162371],[115.04751265680703,4.889533808759968],[115.04862045044906,4.889450670499617],[115.04962837143947,4.889918563890267],[115.05065708316317,4.890707473448767],[115.05219665254995,4.892512950509299],[115.05222635655045,4.895312356765491],[115.05190107845276,4.89569035494725],[115.05078911919448,4.895695405883408],[115.0496268671082,4.896144020542969],[115.04845502618308,4.896366680595899],[115.04685145580163,4.896099185813025]]]},"properties":{"id":910,"name":null,"mukim":null,"area":null,"district":"","mukimDisplayName":""},"id":910},{"type":"Feature","geometry":{"type":"Polygon","coordinates":[[[115.13011941085131,4.996723947892964],[115.12933170489202,4.995773487500598],[115.12810221160578,4.996116125332574],[115.12721208720127,4.99675783771983],[115.12623656402444,4.997867049245248],[115.12567279020074,4.9991400975848155],[115.12541526183183,5.000295032439714],[115.12376281951806,5.003656328283175],[115.12327098351174,5.004881115838442],[115.12256592135303,5.007157564554689],[115.1213128356876,5.0098925037271025],[115.12058388432112,5.011710581898127],[115.11970938732725,5.012567884812899],[115.1188541137939,5.012755014056051],[115.11746671667379,5.013390924016261],[115.11671901872211,5.013415855158941],[115.11585344179628,5.012800427212063],[115.114743695082,5.011299341756519],[115.11403770151173,5.011087917089881],[115.11147862795964,5.011311240171813],[115.11088063858209,5.011231600568035],[115.10890287012585,5.010552759079998],[115.10712745248166,5.010487885842376],[115.10363693366926,5.01082167762441],[115.10145935713966,5.010444329927137],[115.09695426753468,5.01102636628001],[115.09608839854444,5.011273657393632],[115.09067937100146,5.013283819002179],[115.08893097733497,5.014168542197221],[115.08540516450908,5.0163024676534445],[115.08348218852505,5.017183894080535],[115.08166435751878,5.018239533573227],[115.0788816964519,5.0204631886905835],[115.07757744265449,5.020402419098184],[115.07672358311838,5.019640422029844],[115.07615689953855,5.0181082727532305],[115.07572208837578,5.015767281085424],[115.07532266337415,5.014529326979902],[115.07530591699532,5.013546444967724],[115.07619031903863,5.011216806994053],[115.07657528193597,5.010659894848376],[115.07904708817229,5.007959677166251],[115.08006279374223,5.007111758939449],[115.08118378327465,5.006409817588252],[115.08390048130646,5.005183853708959],[115.08480640967652,5.004362890708464],[115.08579236923704,5.003125414570389],[115.08639653708016,5.001602512139243],[115.08678972949195,4.99897512042968],[115.08735874311739,4.997796641533827],[115.08901927109751,4.9964669841813265],[115.09095535337863,4.995435193789209],[115.09349258964579,4.994457303177366],[115.09461076126745,4.994477661191188],[115.09683071914297,4.994180161940699],[115.09801320478704,4.994287915256542],[115.09894270894658,4.9939374106543815],[115.10137155775534,4.993879767172895],[115.10267192200511,4.994301546018867],[115.10553484742822,4.9944924572351885],[115.10774158209198,4.995293318195624],[115.10857035727854,4.995408254242732],[115.11170258258946,4.995287635222108],[115.11365238159944,4.995364447958108],[115.11483747299293,4.995212187572633],[115.12147632613404,4.993756136179723],[115.1261005476299,4.993396756433699],[115.12658036790631,4.99322760022248],[115.12730390270018,4.993760578979118],[115.1283672688621,4.993872857047302],[115.12895467868711,4.994466131361916],[115.12967203097291,4.994664923399565],[115.12979331027739,4.996214819293557],[115.13011941085131,4.996723947892964]]]},"properties":{"id":883,"name":null,"mukim":null,"area":null,"district":"","mukimDisplayName":""},"id":883},{"type":"Feature","geometry":{"type":"Polygon","coordinates":[[[115.04201620867046,4.995606619091749],[115.04133702043138,4.996168799375329],[115.04083323240886,4.995292368199499],[115.04133751553869,4.994874367506101],[115.04243197368133,4.995042993154364],[115.04201620867046,4.995606619091749]]]},"properties":{"id":896,"name":null,"mukim":null,"area":null,"district":"","mukimDisplayName":""},"id":896},{"type":"Feature","geometry":{"type":"Polygon","coordinates":[[[115.10635614991827,4.872975748062985],[115.10823788097568,4.871045903661944],[115.10945798614668,4.870259601091588],[115.11027474743892,4.870410092453974],[115.11223115019789,4.870055571209852],[115.11359923510416,4.870827207634271],[115.1162721187922,4.870355094373629],[115.11842433208592,4.870347779987093],[115.11960678652444,4.870667961328956],[115.12071485961522,4.871302147693533],[115.12206846585174,4.87239488551402],[115.12340436348133,4.87260005343696],[115.12452981491194,4.872563975743488],[115.12586747695863,4.871536091893852],[115.12691785898495,4.871028767128132],[115.12786676957812,4.870986472466546],[115.12835647873946,4.871520850877606],[115.12846051171215,4.873433531576067],[115.12905537122487,4.87401259287837],[115.13102030485761,4.874035242343499],[115.13194165487158,4.874328497871197],[115.13328905486794,4.875264714836881],[115.13396247221172,4.875459595800011],[115.13464923062861,4.874766085178326],[115.13490772741929,4.873365637733821],[115.13577600649099,4.873329414352446],[115.13633827308857,4.874213486622151],[115.13674305113351,4.875717847405883],[115.13715822588433,4.876177878918272],[115.13850603814753,4.876675055015438],[115.1389921240147,4.877340890229246],[115.13933146057886,4.878793060498564],[115.13983921966154,4.879624705219635],[115.14064784097627,4.880491264135941],[115.14152578151507,4.880503776493399],[115.14334868832833,4.879470144359963],[115.14469145146394,4.8788512930777586],[115.14610729058795,4.878698638404504],[115.14700040242137,4.878920835242799],[115.14852991919867,4.879828615792671],[115.14889279452694,4.880294684625419],[115.14896658857164,4.8817082959713245],[115.14817562196184,4.8824943096496085],[115.14719475928314,4.882473051001068],[115.14515715566303,4.881580398587879],[115.14367651046864,4.881549226521236],[115.14269574837014,4.881795092773371],[115.14145478919092,4.882595150892265],[115.14175761723051,4.88367929490021],[115.14219083871092,4.884442826317466],[115.14431400610414,4.885736225293279],[115.14533225465905,4.886939127660553],[115.14599884511048,4.8886040380510645],[115.14647654607948,4.889228187515697],[115.14897526481181,4.890984867306613],[115.15008616089118,4.891909848151283],[115.15033987837175,4.892719416349787],[115.14997119117896,4.893162602971539],[115.14760758919283,4.894549936614678],[115.14573037118438,4.896343674880631],[115.14454860425184,4.897871577975464],[115.14347240406306,4.89868407980382],[115.14199064099856,4.8993330883797235],[115.14041807328043,4.900295622283344],[115.13903648766109,4.901564498712159],[115.13851032759901,4.9024244890848525],[115.1382536102372,4.903475116985382],[115.1376863045461,4.903940986180883],[115.13683630791564,4.904064403816735],[115.13514357444183,4.903821782262011],[115.13449792741027,4.903881810113501],[115.13392095777722,4.904540444570695],[115.13390499541387,4.905168320045951],[115.13314488707289,4.905525691498873],[115.13165697719963,4.905151641583449],[115.13080624630184,4.904369542085851],[115.12937195430649,4.904340376806648],[115.12743997862616,4.903952717010473],[115.12660533386229,4.9039590786868015],[115.12546504786391,4.904503335634859],[115.12461181090909,4.90461294802037],[115.12288599491241,4.9041414480214565],[115.12164309005577,4.904320476848676],[115.11995741719234,4.903560041708045],[115.11890637890455,4.903627500004255],[115.11554941438358,4.90361043278707],[115.1148320298272,4.903480935299146],[115.11468636351144,4.902473919241416],[115.11304151669205,4.901710739865585],[115.11221173964081,4.900632983950549],[115.11137876927785,4.900191556018951],[115.11064339538919,4.90014419227169],[115.10977138760023,4.8997432750924865],[115.10910713844056,4.899119503806785],[115.10764504732165,4.8986128036534815],[115.1064134363591,4.897690178559496],[115.10589681719632,4.896688747526818],[115.10351481581074,4.894720211064523],[115.10203926616951,4.893928510307352],[115.10124458939225,4.8932051812206545],[115.10049992727716,4.892183583935369],[115.09928460151816,4.891447154553964],[115.09863440430087,4.890399141467638],[115.09843970520429,4.888660293272072],[115.09877929233116,4.886901103855605],[115.09938762084093,4.886148948564899],[115.10036530220825,4.885956477106512],[115.10146557570144,4.88549990709505],[115.10185333107609,4.884701167239687],[115.10139152283084,4.8832361108461715],[115.10167733102229,4.882135994384082],[115.10206724503959,4.881485890423174],[115.10280122156028,4.881100138446174],[115.10355886380177,4.881176083575761],[115.10641222953679,4.8819086922164825],[115.10863089169376,4.881915654910983],[115.10869914758133,4.881197917289732],[115.10738093225314,4.881348752620393],[115.10650300600803,4.880953433170102],[115.10607038763618,4.880451787271585],[115.10573607471278,4.879430099721483],[115.10509898442251,4.878188425694967],[115.10436040572164,4.877270977542625],[115.10422228526122,4.87615456231503],[115.10551204619519,4.87404475613044],[115.10635614991827,4.872975748062985]]]},"properties":{"id":913,"name":null,"mukim":null,"area":null,"district":"","mukimDisplayName":""},"id":913},{"type":"Feature","geometry":{"type":"Polygon","coordinates":[[[115.09980552797109,4.876171310172477],[115.09931100776004,4.877282309467632],[115.09843279139854,4.878042422028164],[115.09769766251664,4.878176725424909],[115.09709332032874,4.877698153353939],[115.09883590196762,4.87558289749219],[115.0998068947963,4.8753223290955585],[115.09980552797109,4.876171310172477]]]},"properties":{"id":911,"name":null,"mukim":null,"area":null,"district":"","mukimDisplayName":""},"id":911},{"type":"Feature","geometry":{"type":"Polygon","coordinates":[[[115.06228328077663,4.982782444173981],[115.06108742524896,4.981853198896719],[115.06038594039556,4.98062865810092],[115.06043701169347,4.979491061749623],[115.05978386251749,4.978222525658339],[115.05967577307386,4.977554610863025],[115.05896458945946,4.976437280903756],[115.05913999729137,4.975946305847045],[115.06029006121435,4.975434159730682],[115.06111514098022,4.97557497245093],[115.0629336299055,4.977177022234345],[115.06395169938223,4.979072844974962],[115.06445170017739,4.980311456066177],[115.06429318359878,4.981460528777475],[115.06334739435741,4.982621716577268],[115.06228328077663,4.982782444173981]]]},"properties":{"id":882,"name":null,"mukim":null,"area":null,"district":"","mukimDisplayName":""},"id":882},{"type":"Feature","geometry":{"type":"Polygon","coordinates":[[[114.65999621577961,4.706550615575962],[114.65689693118485,4.708922801445455],[114.65499819808927,4.710093857999558],[114.65433007409297,4.710108427826442],[114.65277630220511,4.708829831382058],[114.64904921183845,4.709178388205051],[114.64831837394553,4.712604452129312],[114.64761988047323,4.713870236898651],[114.64695634942002,4.713917006643547],[114.64344073701425,4.713023378802161],[114.64259569315426,4.711465800223847],[114.63592495765873,4.70756197606339],[114.63244616591925,4.707221643234835],[114.63356782036581,4.70405666828742],[114.63413496594988,4.700072204477255],[114.6340998446114,4.6993824352339715],[114.63323990908593,4.6974367243711015],[114.63188418983933,4.695481633241485],[114.63170246208793,4.694949400560102],[114.63185735711646,4.693285778360558],[114.63190909454627,4.6907731761534475],[114.6321872299898,4.688338549997896],[114.63771128920814,4.681553518696673],[114.63848485145935,4.680963545510425],[114.64011184438063,4.680787263166876],[114.64099738210852,4.68105938998369],[114.64691992638187,4.680334329284288],[114.65018030048532,4.680624595559641],[114.65756723791814,4.6843745081003725],[114.65802810955105,4.684798283757197],[114.65915127769323,4.684941558763303],[114.66248262791237,4.686237702133826],[114.66219288210985,4.692692651595883],[114.65680022030833,4.697955560248352],[114.65999621577961,4.706550615575962]]]},"properties":{"id":411,"name":"Kg. Sungai Damit Pemadang","mukim":"MUKIM UKONG","area":9195916,"district":"Tutong","mukimDisplayName":"Ukong"},"id":411},{"type":"Feature","geometry":{"type":"Polygon","coordinates":[[[114.66630073260205,4.658476136587554],[114.6580245339468,4.670448346200418],[114.6569327489267,4.673912046544276],[114.6574244836121,4.674203400578553],[114.6580187600733,4.675832556690078],[114.65883464507128,4.676990491269909],[114.65924356561457,4.6770825432072165],[114.66058236547228,4.675890658147966],[114.66115905829663,4.6761965761346165],[114.66145182867461,4.678550530274015],[114.66007098898945,4.679141371272231],[114.65948739463823,4.679611945699275],[114.65990687682911,4.680708945293804],[114.65891786917668,4.683449136038596],[114.65915127769323,4.684941558763303],[114.65802810955105,4.684798283757197],[114.65756723791814,4.6843745081003725],[114.65018030048532,4.680624595559641],[114.65099117365698,4.675991084713223],[114.65089110462618,4.674321123283937],[114.65167213704564,4.673889634620857],[114.65230607527006,4.671777156813094],[114.6513960957885,4.670677121632154],[114.65262150463701,4.665560483550838],[114.65150029613551,4.651197499491613],[114.65491975629351,4.651202693072785],[114.66456323605254,4.657365743232377],[114.66630073260205,4.658476136587554]]]},"properties":{"id":412,"name":"Kg. Pangkalan Ra'an","mukim":"MUKIM UKONG","area":3466883.5,"district":"Tutong","mukimDisplayName":"Ukong"},"id":412},{"type":"Feature","geometry":{"type":"Polygon","coordinates":[[[114.7499087106949,4.549371840959742],[114.74847152448308,4.54989164269411],[114.74476827096915,4.551933939654075],[114.74347355970572,4.552999248291284],[114.74255231606124,4.554267810435852],[114.74219293704988,4.55524137894605],[114.74040108174152,4.559139265675156],[114.73972435153814,4.560811214011086],[114.73935361848501,4.561366237906358],[114.73600679478203,4.561427927609717],[114.73457878753177,4.563160884271232],[114.73207159569489,4.566490973645174],[114.73156598409068,4.567351619480139],[114.7315334677475,4.567996386597793],[114.73197314108414,4.568301201173157],[114.73417243798632,4.568580870724047],[114.73599954965788,4.569302227251557],[114.73683494015607,4.570296635611585],[114.73794046868542,4.570815165641086],[114.7396669995371,4.572011900602539],[114.74057079238678,4.572893059513709],[114.74236535707693,4.574044368546246],[114.74385325719192,4.574132477202064],[114.74526348305474,4.575024309973209],[114.7455244999994,4.576076055980104],[114.74620357680719,4.577161071674948],[114.7464102788022,4.579106639765505],[114.74711292308075,4.581526714479675],[114.74806256138753,4.583063987315272],[114.74898402386557,4.584122465278812],[114.75040006236573,4.585345626794288],[114.75198735845528,4.5861004289166205],[114.75353536326786,4.586511950785681],[114.75652700576137,4.587474908475389],[114.75749726533641,4.588147843231426],[114.75919597725057,4.589935965006821],[114.76049589971028,4.591518464479444],[114.76163684709506,4.593162562023201],[114.76210416791764,4.594639619108026],[114.76227639452381,4.595948806348474],[114.76215535606725,4.597723207839667],[114.76139980056134,4.59844356661847],[114.75757130706724,4.599130495124976],[114.7557610981025,4.599220274124669],[114.75268926617126,4.59956723201556],[114.75027009123829,4.5996463362142785],[114.7488952041353,4.599501101101989],[114.74742957289122,4.599141895546778],[114.7468096692292,4.59924402776742],[114.74525541128259,4.599992972445421],[114.74472661144286,4.600435681374182],[114.74390635063978,4.601579583564907],[114.74362538445857,4.602405950462902],[114.74370871379979,4.6043510217361625],[114.74335280111433,4.6069315745396295],[114.74442877595226,4.609690554053734],[114.74464603511726,4.6111946211872334],[114.74434448769492,4.6126996249008965],[114.74412424160127,4.6150534032221975],[114.74379978331227,4.616626299266046],[114.74415352154733,4.61896767256857],[114.7448566562044,4.621161630890669],[114.74531206771755,4.623401243555077],[114.74546339984204,4.62587800729902],[114.74463415308952,4.62841357018295],[114.74356309631406,4.630144526854508],[114.74276989910388,4.631674796085644],[114.74179526465491,4.634787891148995],[114.74166822098007,4.635976118122705],[114.7409998436348,4.635795112454075],[114.73090568653326,4.633060641820431],[114.70019498218853,4.624752691230932],[114.69697663725432,4.624800719887525],[114.69230908486571,4.6132941636446425],[114.69032821112272,4.610035641777417],[114.68974393370138,4.609389521064555],[114.68922303796137,4.6071806972901905],[114.68883192187255,4.606272030247403],[114.68749735069339,4.605337399831005],[114.68726154631693,4.6042118112535135],[114.68603453080786,4.601532297420292],[114.69906997889257,4.595974619416106],[114.69918295094742,4.562200852640102],[114.69925133062269,4.541737627034621],[114.74182087856722,4.541057339580016],[114.74957295232115,4.5486078496934885],[114.7499087106949,4.549371840959742]]]},"properties":{"id":413,"name":"Kg. Benutan","mukim":"MUKIM RAMBAI","area":53395888,"district":"Tutong","mukimDisplayName":"Rambai"},"id":413},{"type":"Feature","geometry":{"type":"Polygon","coordinates":[[[114.98248226866218,5.000403566497332],[114.98429654769909,4.99721389134735],[114.98538661755359,4.995791173529708],[114.98694511107192,4.994259195293554],[114.98826025909217,4.992495887922346],[114.98916098564713,4.990689515090866],[114.99355385338208,4.988440606814806],[114.99408722129579,4.987645263220259],[114.99612917336131,4.98653837017824],[114.99635392517553,4.9865865167084165],[114.9996500558698,4.984858858664073],[115.00066857811987,4.987192477916455],[115.00083334074965,4.988006651408881],[115.00209193301271,4.989586682848665],[115.00304309961572,4.989448254098241],[115.00564761035459,4.991794139211926],[115.00592754686419,4.993162788957089],[115.00758601483443,4.993296952341949],[115.00949399834947,4.993882322579325],[115.01095877537503,4.993652384749354],[115.01116358321973,4.995081884415921],[115.01403754162777,4.995182752528031],[115.01403403865986,4.997097491307219],[115.01571388858157,4.997981371559026],[115.01667594807748,4.9980659804864125],[115.0172489508742,4.997644578351571],[115.01759374913071,4.998874383310509],[115.01761586058159,5.004385950399487],[115.01701817267438,5.009416214354641],[115.01742949609087,5.011825020265841],[115.01731602047028,5.01235937084771],[115.01749432552991,5.013543475075772],[115.01750007057684,5.013581639737691],[115.01751555242066,5.013684449555953],[115.01588326906979,5.01605164036068],[115.01533474862974,5.018931832026619],[115.01589352059138,5.021866061069212],[115.01747550409408,5.024196656794955],[115.01922178371161,5.025379431841748],[115.01693842428935,5.029954136405226],[115.01572347956714,5.029190133364483],[115.01400375582008,5.027823806184492],[115.01311556238771,5.030345401569221],[115.01290802756556,5.030779431692851],[115.01288028418274,5.030769580412572],[115.01260928270776,5.030673785431561],[115.0118917699577,5.030424190556473],[115.01024298551127,5.029872668523659],[115.0090042843118,5.029478270322507],[115.00500496857497,5.027966171289679],[115.00244113729791,5.027067989774875],[114.99941448065262,5.025883252941166],[114.99476245027367,5.024205834148929],[114.9927283790148,5.02340915854878],[114.98997736162843,5.022217166107795],[114.99015123266216,5.021762265375166],[114.98882343606017,5.018987268221375],[114.98798679018505,5.016785365571902],[114.99055330506954,5.010336451965013],[114.9813038704664,5.002664448604407],[114.98248226866218,5.000403566497332]]]},"properties":{"id":959,"name":"Kg. Tanah Jambu","mukim":"MUKIM MENTIRI","area":13165984,"district":"Brunei-Muara","mukimDisplayName":"Mentiri"},"id":959}]}