{"type":"FeatureCollection","features":[{"type":"Feature","geometry":{"type":"Polygon","coordinates":[[[114.93637764069658,4.889563794814556],[114.93687764970345,4.887139176317143],[114.93820685019479,4.883598808166426],[114.9387984580868,4.883966774981686],[114.93920192869521,4.884174322512219],[114.94057164535431,4.884802808713648],[114.9402855198404,4.8857667664869835],[114.93907898768217,4.887201230386667],[114.93894529678224,4.888025757148469],[114.93804768365825,4.888492250627196],[114.93778217574037,4.888983534615191],[114.9378791885954,4.889691389047602],[114.93858115536746,4.890560518022587],[114.93877407656564,4.891158570153677],[114.93851191556392,4.891511328658663],[114.93903688700182,4.89312483638887],[114.93742032702504,4.89369924246331],[114.93688963945827,4.893385494152778],[114.93662525934037,4.893722063888658],[114.93543130195107,4.8930429791409455],[114.93567692616594,4.892345598691343],[114.93592177306336,4.891650424479931],[114.93637764069658,4.889563794814556]]]},"properties":{"id":39,"name":"MUKIM SUNGAI KEDAYAN","length":2996.500732421875,"district":"Brunei-Muara","displayName":"Sungai Kedayan"},"id":39},{"type":"Feature","geometry":{"type":"Polygon","coordinates":[[[115.02507560778444,4.947653046173109],[115.02187615550199,4.950086191661729],[115.02193388089559,4.952491206174541],[115.02358769686765,4.952429015849118],[115.02367252289493,4.954254203380462],[115.02165147708511,4.954314119507574],[115.02167918294114,4.955085808680859],[115.0188663790348,4.954941569194914],[115.01262840603555,4.953967899360643],[115.01072204014119,4.957933984021729],[115.0066036447598,4.9683867464993225],[115.00107192393071,4.967419336003049],[114.99889715732684,4.966881410495313],[114.99805770540534,4.9665410293855805],[114.9965122638795,4.965644590293294],[114.99562435714078,4.964826779511639],[114.99462801742293,4.963652809404851],[114.99347496254751,4.961699055856121],[114.99163700484137,4.957366294026124],[114.98689960235554,4.94597986965586],[114.98613667965198,4.944374648897847],[114.98509201554405,4.942750138157641],[114.98412233014471,4.941508804075745],[114.98191534683602,4.939228769214782],[114.97688408782277,4.934432642241604],[114.97512053426857,4.932703836331468],[114.97920230406629,4.930876140715787],[114.98052180611695,4.930405092627876],[114.98303586047348,4.929876560280738],[114.97424182334007,4.921876977548893],[114.97136077587957,4.91930296678837],[114.96733206669319,4.91411102830576],[114.96674621094111,4.913455539445785],[114.96556425769184,4.912137721182666],[114.95664756650653,4.900794137414866],[114.95612424646417,4.900186954528181],[114.95440957295286,4.898709529895713],[114.95443169596501,4.8945520151040744],[114.95480190467819,4.892386573036536],[114.95265305949378,4.891640693796935],[114.95196970540349,4.88917734062482],[114.95303836488618,4.88939095469847],[114.95302767994889,4.88798604673353],[114.95233998030024,4.887430481227893],[114.95218726446302,4.886739743895095],[114.95254561221417,4.885528627635715],[114.95139608238657,4.885091251135906],[114.95152890385818,4.884493949482386],[114.95013394816868,4.884054663281872],[114.95043369570932,4.88331491364354],[114.9506231872323,4.882275988109416],[114.95064911734981,4.878656724392822],[114.95079465130962,4.877939323296402],[114.95074597325062,4.8767796986661045],[114.95098594998915,4.876168488776832],[114.95196494288409,4.874928673805368],[114.95311606073763,4.8743800720781945],[114.95348470334349,4.87365499441993],[114.95411824374017,4.873253203800652],[114.95416144682716,4.872376926556579],[114.95483017544058,4.872114918142999],[114.95611045562994,4.87211004868663],[114.95754253303399,4.872697226349593],[114.9589867810456,4.874208054906708],[114.95992919507596,4.875374088902789],[114.96058842927062,4.875709618326391],[114.96098446913965,4.876464659593057],[114.9624828874419,4.87761086492747],[114.96351005039368,4.877912846989338],[114.96409359963226,4.877902638177708],[114.96565063106645,4.87900043691472],[114.96736789068494,4.879637582328157],[114.96805436196973,4.880289824384457],[114.96816384967777,4.881003932454181],[114.96867090087053,4.881145903299349],[114.96878527156927,4.8816768615205035],[114.96949043711624,4.882281132699475],[114.97092757284385,4.884018895557],[114.97119894348577,4.883839875341619],[114.97238101820946,4.884567149496452],[114.97315479072923,4.88543882814382],[114.97351277137811,4.886352516415361],[114.97436111837688,4.886953230879938],[114.97437545269608,4.887469129086854],[114.97510937747988,4.887953180572383],[114.97578909368636,4.888834065141469],[114.97685116163865,4.888926659043238],[114.97738320552146,4.889695048805891],[114.97706417341706,4.889987652378608],[114.97769289928988,4.890584133766049],[114.97862782715903,4.891043565183587],[114.97948391453772,4.8922634207404965],[114.98015264087185,4.892686108510206],[114.9812176283243,4.893990073589426],[114.98171928695379,4.894268839882128],[114.98265071665293,4.894448745913017],[114.9849429136137,4.896113663368874],[114.98675457442783,4.89793230363694],[114.98725267902593,4.898570926047537],[114.98818702358592,4.8994339908296265],[114.98923977115405,4.900144204189654],[114.99093879322868,4.900897646092988],[114.99148009150005,4.902266509495641],[114.99219067168585,4.902566867614985],[114.99283753936736,4.9032091735632495],[114.99376927037187,4.903857422707204],[114.99438086390022,4.903115972294947],[114.99489484336456,4.903154036113683],[114.99647642260858,4.903772561422917],[114.99803773362177,4.904167588483059],[114.99919579072319,4.904325952927683],[114.9998596150751,4.904559155367705],[115.0010247221441,4.9046663936213095],[115.00140235390609,4.904902772909257],[115.00231837017176,4.904781716192606],[115.00382428589337,4.9053551302074885],[115.00403424348275,4.90563481985795],[115.004182664121,4.907295564925213],[115.00493442927171,4.908891075861221],[115.00528861643497,4.909334212645925],[115.0057161564569,4.910869149828662],[115.00657715175979,4.91190020551966],[115.00635582985036,4.91247971192023],[115.0068508431496,4.912903181241197],[115.00728254409037,4.913973483875464],[115.00724679493656,4.914959363144116],[115.0074715309291,4.915098819522327],[115.00738121585941,4.916469234344376],[115.00764608576095,4.91717831458149],[115.00812419208808,4.917600711973008],[115.00914983458105,4.919719309807867],[115.0094718100695,4.919777628652563],[115.00959962760388,4.920807069136266],[115.01022716150554,4.921076936577717],[115.01044258487295,4.921653914140066],[115.01121083000616,4.922399819246205],[115.01193735911487,4.923658870882676],[115.0125628398575,4.924446694952127],[115.01281712694508,4.925133916806139],[115.0136308419544,4.926404517733445],[115.0138689675744,4.926556716195313],[115.01439326527496,4.92767053150611],[115.01535231114335,4.929069103935385],[115.01600113212442,4.930204839086938],[115.01652630835979,4.930514557535096],[115.01673939408607,4.931747034719754],[115.01714725574638,4.932297971336366],[115.0172947243294,4.933244450783989],[115.01772621783056,4.933532229600379],[115.01787878146132,4.934681417046409],[115.01838589763234,4.9365837458647075],[115.01877545866482,4.936890735929428],[115.01909039092504,4.937713152087772],[115.01941747429518,4.939209599529445],[115.02100345608746,4.940889905284626],[115.02114229439881,4.941728736142255],[115.02158113509127,4.9418339254862085],[115.02265478405373,4.943802538664468],[115.02300608080807,4.945111720954291],[115.02335502213539,4.94559033192227],[115.02376612389874,4.945542765711032],[115.02505846512358,4.9473362571478985],[115.02507560778444,4.947653046173109]]]},"properties":{"id":41,"name":"MUKIM KOTA BATU","length":32844.03125,"district":"Brunei-Muara","displayName":"Kota Batu"},"id":41},{"type":"Feature","geometry":{"type":"Polygon","coordinates":[[[114.99003680024985,5.022112785320103],[114.98942074938918,5.021774357633242],[114.98789394571936,5.021362687960722],[114.98438144953555,5.020009013561481],[114.98344935380052,5.0195139965773565],[114.98210167248193,5.01913559584837],[114.97895149256449,5.0176669068947755],[114.97799315788365,5.017430274546746],[114.97727775685641,5.017017086773914],[114.97513666999558,5.016150563608021],[114.97412477987025,5.015909566547348],[114.97287419815714,5.015396320009494],[114.97275094680897,5.015093749202553],[114.97077121154597,5.013914139910997],[114.96888150364262,5.013585456306367],[114.96609186633273,5.012406677277009],[114.96248483816213,5.010994748769683],[114.96058234822085,5.01017604004981],[114.95743790520865,5.009075776051549],[114.95324913480046,5.007440662840113],[114.9511272609566,5.006753188402939],[114.94971023770219,5.006173729908627],[114.94799474898656,5.005672628499192],[114.94300999969815,5.003787286490936],[114.94121233793646,5.002953515242729],[114.93884590097915,5.002088157047085],[114.93840265829046,5.002008136856841],[114.93730509138577,5.001386407253505],[114.93663697858487,5.001308214156476],[114.93294873671583,4.999656187911989],[114.92974114345995,4.997780532875865],[114.92816850606717,4.997168167605045],[114.92665452782192,4.99638605659806],[114.92494849857093,4.995832319207723],[114.92425007344714,4.995424681594887],[114.92203838689686,4.9946492312988875],[114.91949586033087,4.993500619353369],[114.91221154907217,4.990423332871558],[114.91089260131474,4.990736061607257],[114.91093614324929,4.9902255090521725],[114.91026950447602,4.989703629092318],[114.90977867517996,4.989569771076739],[114.90954213334828,4.990154548937147],[114.90899706155022,4.989960785993348],[114.90903687089855,4.9894704212940635],[114.90827767090072,4.988857449780558],[114.90725252238433,4.988595686541644],[114.90698080160422,4.9882217757514695],[114.90608400576251,4.987798090387298],[114.90526396455098,4.987637002806684],[114.90482025777409,4.987117546563847],[114.90407014221846,4.986841898104947],[114.90358616005572,4.986951119225473],[114.90313749738613,4.986550685964615],[114.90223144267023,4.98611195090559],[114.90107778300528,4.986391295875337],[114.90093402038055,4.985818744630429],[114.89996763817071,4.985914564509759],[114.89892908485709,4.9853744917790666],[114.89904775114498,4.984808192382675],[114.89851114880952,4.984460300009332],[114.8973909783321,4.984329682878967],[114.89727814320364,4.983870820330209],[114.89617903263142,4.983304158845074],[114.89698312547938,4.981448214405194],[114.9032435105421,4.983096748616709],[114.90589053961327,4.983866883639191],[114.91680419479198,4.987803597600039],[114.91831868004952,4.9882070332171216],[114.9199609930161,4.988390768176773],[114.92097757209919,4.988342425496307],[114.92248253794266,4.988028056859783],[114.92396415016398,4.987449800136958],[114.92479062922754,4.986978688806555],[114.92928425256754,4.983883833222368],[114.9306671606437,4.983101824236745],[114.93165382219452,4.982673166319818],[114.93378930455782,4.9821330016077106],[114.9329330657326,4.97860416099891],[114.93244589552137,4.977246882510915],[114.93151686047517,4.975701621621846],[114.92928249660477,4.9730333448745725],[114.92833330316327,4.971709710068358],[114.9272777000882,4.969869786583418],[114.92617791102508,4.967165877069971],[114.924849158136,4.963871412580364],[114.92375549561878,4.961655015156281],[114.91800197935798,4.950669968796026],[114.91734387509494,4.949091215491235],[114.91664399672987,4.946994751978614],[114.91610009692857,4.945881476194044],[114.91514307027921,4.944886033267544],[114.91453034978949,4.944505232521464],[114.91330821804051,4.944029116392179],[114.91122475269651,4.943483292371734],[114.90898886255208,4.942435826320445],[114.91016182007851,4.9401393160796605],[114.91069025421879,4.938430613027795],[114.91129682460421,4.9358008804958935],[114.9115509105013,4.934264472521683],[114.91166921237132,4.93247994479132],[114.91767314583689,4.929140258170333],[114.9137392868687,4.923848251832375],[114.91579533715495,4.922551907112814],[114.91675717720743,4.921938960994068],[114.91674524425474,4.921605290735501],[114.91804234353488,4.921384602251267],[114.91808052823102,4.922340300431458],[114.9187368345565,4.922829232466058],[114.91907158352073,4.923506618469752],[114.9191336689634,4.924322082927567],[114.9200842572597,4.923553618903414],[114.92237545085642,4.922262759851353],[114.92309971448839,4.923401462241546],[114.92337559762771,4.924074551001987],[114.92489141839103,4.9238140749386705],[114.92537499276187,4.92349878797003],[114.92556203886102,4.922765882555699],[114.92646268839307,4.921047548473199],[114.92650482076488,4.919358995187928],[114.92570903925795,4.91780186958027],[114.92553685364348,4.916771716400069],[114.92570343167176,4.915977845214255],[114.92617353448868,4.915212324069568],[114.92700459069881,4.914793955868851],[114.92821598359637,4.913918061927015],[114.92920317181463,4.915270671342071],[114.93145025776823,4.914990950895477],[114.93160396083007,4.915963789135688],[114.93209546341393,4.916843542591192],[114.93426043852249,4.918838676531694],[114.9348803176669,4.919834758116405],[114.93681589699446,4.923855785680624],[114.94336285477624,4.920292790844543],[114.94685738376131,4.918495990049217],[114.9489270045041,4.917876715306537],[114.95220200166786,4.917009671993748],[114.9524639138537,4.9183336226156955],[114.95322633554275,4.920085807382571],[114.954146866282,4.921120881270685],[114.95453835396658,4.921926838374402],[114.95497296867977,4.923660921120433],[114.95553953779344,4.9246950312874125],[114.95609127225272,4.925271785016575],[114.95737357561558,4.926038781776231],[114.9578290697789,4.926180953067717],[114.95767405167275,4.927906661825657],[114.95787791353092,4.92853230885133],[114.95895277425724,4.930286857589783],[114.95907418731876,4.930852760345514],[114.95896982142882,4.935158342748013],[114.95908621635631,4.937713754282541],[114.9589733532393,4.939892978699618],[114.95925553963158,4.943286292783991],[114.95931035018603,4.944599139728148],[114.95957568483087,4.947477539928048],[114.95899273137316,4.947375783346434],[114.95874884856946,4.949425090579763],[114.95459506091277,4.949699217330554],[114.95244251616948,4.9499744268213375],[114.9507374108118,4.950056055072281],[114.95048729236737,4.9515597789485435],[114.94902325066039,4.951218412808325],[114.94563505437922,4.951031707831041],[114.94423715620432,4.950771534561089],[114.94567165647221,4.9528453937295875],[114.94743699168859,4.954737348146752],[114.94873295145385,4.956289367244507],[114.95050866241112,4.958798504187687],[114.95149740085016,4.960869790388497],[114.95185911632878,4.962108193253833],[114.95215337064633,4.963764505516243],[114.95242927513405,4.967136325117886],[114.95273448134274,4.968688033223242],[114.95329510906595,4.970459382631864],[114.95462874805862,4.9739720274337555],[114.95522652869579,4.9766357438950415],[114.95575187585625,4.9784767188880155],[114.95663486350752,4.979876270537379],[114.9593236043834,4.982544752161123],[114.95981191799054,4.98352840349989],[114.96011826643733,4.985260411862532],[114.96140037787143,4.985238312412926],[114.96289179830212,4.985465382312305],[114.96471933582427,4.986120398882028],[114.96671076462819,4.98728416144592],[114.96764899428283,4.9879538320210814],[114.96909689894542,4.989223859500809],[114.97351365655696,4.993671265793973],[114.974765235982,4.994872941569884],[114.97792789862598,4.997481653971973],[114.97881989305712,4.9981395852595005],[114.98247197934334,5.000400872099157],[114.98129359786145,5.002661743681278],[114.99054301582416,5.0103336528023945],[114.9879765476586,5.0167825367752075],[114.98841222345783,5.017713911133691],[114.9888131989073,5.018984420609439],[114.9901410011627,5.021759391298245],[114.99003680024985,5.022112785320103]]]},"properties":{"id":42,"name":"MUKIM BERAKAS A","length":48560.58984375,"district":"Brunei-Muara","displayName":"Berakas A"},"id":42},{"type":"Feature","geometry":{"type":"Polygon","coordinates":[[[115.05613554403536,4.795540153839219],[115.05432340807167,4.795117704827777],[115.05303588853577,4.793768383659329],[115.0542718980525,4.79261639790852],[115.05508438787808,4.791295573410294],[115.05523642888865,4.790506168267631],[115.05499051505215,4.789102442182803],[115.05415450631764,4.787215804312918],[115.05317181936744,4.785908910703968],[115.05263562089341,4.785364411505085],[115.04987483261739,4.783413345856709],[115.04823930506996,4.781755778129863],[115.04567805334678,4.779889603621319],[115.04510445721476,4.779291498211195],[115.042603223527,4.777412907138491],[115.04133585987724,4.776715048020311],[115.03934806302667,4.775784300396185],[115.03642959033819,4.774086483102006],[115.03423577385973,4.772977234014551],[115.03322186416113,4.77217489245006],[115.03251635662319,4.771370280487612],[115.03148338467801,4.769354205773073],[115.03115889149458,4.768308325992178],[115.03121894576182,4.767559108201503],[115.03196437325437,4.765457751785397],[115.03260884714109,4.7631387627139805],[115.03296125813814,4.760632877434238],[115.03263229018826,4.758285851658184],[115.03216298905284,4.7566177617090375],[115.03206968544056,4.755809168120087],[115.03202371398974,4.753327728431626],[115.0317431183754,4.752669965279544],[115.03036568638882,4.75201377717169],[115.02711309274216,4.751809910284102],[115.02589193274713,4.751444968095349],[115.02335391612098,4.750194723703281],[115.02245334789406,4.749891774758511],[115.02195676321458,4.749008879322238],[115.02198039572203,4.748201171982739],[115.02259513742482,4.746555789647289],[115.02359339952139,4.745592801945918],[115.02447674285794,4.745643023961825],[115.02635525394972,4.747210319480711],[115.02746144241185,4.747986502016649],[115.02853999916536,4.748524466596057],[115.02972166211656,4.748467537601186],[115.0303767490805,4.748153842004744],[115.03086104240579,4.747629430320755],[115.03144309201706,4.746557629172088],[115.0315361238167,4.746082785959242],[115.03103742758735,4.7450797972473],[115.03029277241916,4.7448737539303165],[115.02930431756853,4.74485182331898],[115.02690958157474,4.744976903735911],[115.0260210105213,4.74475893462621],[115.025465655928,4.74427018880781],[115.02511406365458,4.743014924158048],[115.02532310705648,4.741941269768638],[115.02565034930004,4.7410486469896105],[115.02648385109111,4.739678753513138],[115.02646689603822,4.738363262791678],[115.0260023562417,4.737353736969055],[115.02492996977139,4.735733089622395],[115.02503849415605,4.735030194895359],[115.02573411811002,4.734599159349881],[115.02658892671457,4.734303628575028],[115.02836827547254,4.733392356801512],[115.03116168240689,4.730976830523393],[115.03238763138813,4.7305737254941596],[115.03360098781032,4.730847968891489],[115.03396583383386,4.731774339101122],[115.03337715481761,4.73374578288973],[115.03240570257233,4.736161082910707],[115.03254472709679,4.737281460419936],[115.03312047517555,4.7373305938904045],[115.03434310826376,4.735900003137975],[115.03490756980567,4.7351084390626275],[115.0360464910853,4.73394138993007],[115.03765085928892,4.732781321990661],[115.03890136982372,4.732140449104631],[115.0397806490783,4.731831797206284],[115.04307143778887,4.731328596199888],[115.04318708220963,4.7304365637996515],[115.04234611942836,4.729496829110318],[115.0404910257718,4.727005373117798],[115.03919475980707,4.726042522364135],[115.0374061548786,4.725173799423048],[115.03467701634695,4.724262194172532],[115.03349905026649,4.7235561626481095],[115.03304006842572,4.722954781553902],[115.0330809515676,4.722496113686954],[115.03400020609443,4.72153489726811],[115.03491583446542,4.72098529073564],[115.03684197797931,4.720125880151609],[115.03864138889644,4.719216504408507],[115.04000722497506,4.718703042049271],[115.04135445004098,4.718456076369712],[115.04202078183873,4.717895064385391],[115.04245353941859,4.716637696656299],[115.04235538367432,4.7152540918821675],[115.04205928542927,4.714540395792049],[115.04119391673201,4.7139634979575975],[115.0405539339999,4.713921455756603],[115.03899254481121,4.714310931646395],[115.03761031155963,4.715491445875867],[115.03661771657673,4.71565467605879],[115.03532787774728,4.715305077744887],[115.03442173343363,4.714856100151128],[115.0331621509675,4.713716581724934],[115.03278976768328,4.712993724174139],[115.03268999160437,4.712217796378793],[115.03307752868648,4.7116352694642],[115.03384112578092,4.711519459115207],[115.03448259643484,4.711688300889358],[115.03685328913575,4.712575298869869],[115.03776615805366,4.712457460154883],[115.03845694640098,4.711878100737154],[115.03875386176365,4.711149352760687],[115.03823608316674,4.710541111171401],[115.03721696663195,4.7103623803375845],[115.03559675464857,4.710317742678027],[115.03513105105218,4.710172838268413],[115.03487198360844,4.709590249227824],[115.03514158098533,4.709194233710262],[115.03629623905714,4.708166947363003],[115.03867282416243,4.706621600204421],[115.03912145982162,4.706008120180389],[115.03894189987594,4.705343331794132],[115.03790944833436,4.704997873168948],[115.03639602428557,4.704773456673429],[115.03548468412502,4.704887399936001],[115.03487353057913,4.705282812137562],[115.0340153917378,4.706737912487575],[115.0333949369702,4.707435063369377],[115.0326059131961,4.70732413239608],[115.031925398688,4.706510029929067],[115.03086786089334,4.704539691099258],[115.03027980815776,4.7031593970313565],[115.02994943759587,4.701989621648885],[115.02921392767679,4.700222810494879],[115.02913932619184,4.6995092008051715],[115.0293295544298,4.698765338751189],[115.02976223976313,4.698319683840741],[115.03049923043504,4.698203869568922],[115.03172180558165,4.699030590356803],[115.03231701171805,4.698834020550164],[115.03299292294666,4.697921979766442],[115.03389966174049,4.6972528351491505],[115.03524706859528,4.696572122094244],[115.03700697180511,4.696005370445086],[115.03883627152135,4.695072142978351],[115.03959650281175,4.694287482442646],[115.03974435592231,4.693655176063883],[115.03968517392755,4.692641071273621],[115.03920099149391,4.692160151142363],[115.03865825210497,4.6922723529324974],[115.03677695096913,4.693510487386561],[115.03615101242903,4.693818855954593],[115.03457691112034,4.694223290712807],[115.03389112403434,4.6942557353160534],[115.03352742632076,4.693790514881267],[115.03375052550194,4.692676999404685],[115.034848327446,4.692053625577829],[115.03553897582108,4.690630088808939],[115.03599527928633,4.687741263813393],[115.03646097831354,4.686194282905451],[115.03700856610723,4.684847529775426],[115.04174101926195,4.684359068548852],[115.04160761917014,4.685622803623332],[115.04346082398203,4.685404829316791],[115.04324368835304,4.685986328334031],[115.04319969000983,4.686889045066997],[115.04488085775537,4.686687328587222],[115.04497268231516,4.68605914885039],[115.04570859800208,4.686245100563804],[115.04653538921983,4.6855124805755635],[115.04733976145538,4.685101722626407],[115.04726905750408,4.683832915576582],[115.05052763758731,4.682942214268042],[115.05064865354565,4.67634750261428],[115.05688768596616,4.667627625581383],[115.06234898341353,4.668139831553959],[115.06611246766643,4.668534103719673],[115.06913753121587,4.665547994291605],[115.07688629836368,4.6717543168284745],[115.07784880269382,4.671320957032987],[115.0786898505653,4.672495038411071],[115.07984950041929,4.674440204592561],[115.08070432719742,4.676202958753732],[115.08496223160127,4.6783859620513235],[115.07981666379001,4.685827776691633],[115.08182492960988,4.6924202331858975],[115.08422169690374,4.699964720836357],[115.0841627835565,4.704803380993163],[115.0868127592265,4.70552159248614],[115.08658791027335,4.708797757352577],[115.08661512092097,4.709529961369543],[115.08706885380187,4.711972911467194],[115.08694575288645,4.715798020224314],[115.08916909834998,4.717305071061738],[115.08894596546062,4.718511635036814],[115.09308274590438,4.721726023975537],[115.08924809404442,4.724017520852409],[115.09065647276077,4.726903837582859],[115.09179594479203,4.729360039569916],[115.0918946733791,4.730589992559532],[115.09384177920033,4.733386976490224],[115.0933996701366,4.733485005848525],[115.094317663196,4.736117190613135],[115.09413268098334,4.737252844682193],[115.09404486099302,4.739145617095763],[115.0943345976045,4.741226487837859],[115.0946218226217,4.742549926319025],[115.09491987282273,4.744906113903188],[115.09539659297954,4.746134601410831],[115.09522546902011,4.747706623159899],[115.09469236291986,4.748182502983],[115.0939530792283,4.748514475565419],[115.09275361363845,4.74870896680176],[115.08851444386156,4.748685622496659],[115.08774142586061,4.748908484360796],[115.08734738905103,4.749906346940345],[115.08742262803594,4.75052500478074],[115.0884398115814,4.751413272153738],[115.09057555968798,4.752224385316076],[115.09232471283416,4.753120698431702],[115.09281837078073,4.753790414314957],[115.09295666239906,4.754503271836917],[115.09253084427523,4.755375360416101],[115.09170581682528,4.755682318695686],[115.0903038271657,4.755424737328084],[115.08876438301263,4.754706052064446],[115.08743711582494,4.754909775629531],[115.08668569514901,4.75534236320494],[115.08583210353062,4.756499099956191],[115.08570936606128,4.7573282166686734],[115.08615202062217,4.758386234813421],[115.08698097033098,4.759264636358287],[115.09162239358083,4.7620709984632414],[115.09283850959523,4.763032026565069],[115.09380489503604,4.764361035470575],[115.09441490149293,4.765428979289644],[115.094589668226,4.766061336576123],[115.09476690757965,4.767525801888504],[115.09455073225294,4.768554541480541],[115.09393683117513,4.769469215038731],[115.09318567651133,4.769985725862194],[115.09222417979564,4.770135788685208],[115.09127227229702,4.770023566771164],[115.08796422670734,4.768870185622189],[115.08696935363915,4.76841193486381],[115.08570285993333,4.768028014165542],[115.08306704226658,4.767785003846467],[115.08079923885883,4.768159675015495],[115.07995196720373,4.768068073351405],[115.07838127973848,4.767391430583301],[115.07640576869434,4.767618260203538],[115.07552675105464,4.767411370056457],[115.07425930117684,4.766733713533832],[115.07367375150187,4.766735649540105],[115.07312156574909,4.767345892033393],[115.07217617686295,4.769216229174459],[115.07161298037886,4.769658665323307],[115.07058840131954,4.769704010721461],[115.06860101690783,4.769500768794],[115.06722346669429,4.7703235292629715],[115.0666665882152,4.772696089763105],[115.06635502953532,4.773347492418403],[115.06564557666904,4.773832367244848],[115.06372373674843,4.774489071981475],[115.06299323024363,4.77493205369341],[115.06259808526514,4.775604710260635],[115.06251669555722,4.776297312880504],[115.06262482701112,4.777387909273498],[115.06306797481821,4.778603281911182],[115.06313352691228,4.779463241399657],[115.06288709777998,4.780848720970905],[115.06249345559631,4.781982926901546],[115.06224668362506,4.783263508877108],[115.06229474886636,4.7851725116974855],[115.06276038867034,4.7868703474235215],[115.06419065920461,4.790121701621409],[115.06064910754694,4.7931264887475535],[115.05911338142234,4.794245639177744],[115.05787501024737,4.7949737883219115],[115.05613554403536,4.795540153839219]]]},"properties":{"id":43,"name":"MUKIM BANGAR","length":54718.41015625,"district":"Temburong","displayName":"Bangar"},"id":43},{"type":"Feature","geometry":{"type":"Polygon","coordinates":[[[114.53332264683988,4.130870278033547],[114.5341274312192,4.130249827111229],[114.53520809262433,4.130156470232016],[114.53684492111694,4.129202392878246],[114.53823735899864,4.127805794748581],[114.53855257375395,4.127786854071982],[114.53910377441092,4.128436565778862],[114.53973483416729,4.128633840833541],[114.54049056869744,4.128297153994537],[114.54125676391452,4.12850310678857],[114.54212056367815,4.1281570849241485],[114.54255093541089,4.127414276336494],[114.54456393090695,4.125663255052659],[114.54524733418346,4.125227272199084],[114.54588331963244,4.12390506032001],[114.54648208039382,4.122139773419516],[114.54652425224891,4.121072413098566],[114.54690909151148,4.120148837902069],[114.54683426166342,4.119117972060838],[114.54732502738189,4.117389151355366],[114.5471604403532,4.116476108070279],[114.54752573137942,4.114982783619524],[114.54787446640812,4.11403217101954],[114.54790422208205,4.111698618896679],[114.54801837431827,4.110603930311318],[114.54765844798528,4.1099042436316635],[114.54639976660907,4.109313263631189],[114.54515446795897,4.107835322261871],[114.54487098157738,4.106249068865617],[114.544271058897,4.104224168146742],[114.54484336002699,4.10372065052552],[114.54611109173973,4.103702238571111],[114.54799455168089,4.10321042836202],[114.5489605689322,4.103413287179144],[114.54949709447338,4.103214266821657],[114.5506034300223,4.102214958996194],[114.55101876527846,4.101540864833821],[114.55101595364573,4.099451316156273],[114.55125270142554,4.098937683424221],[114.55255147825723,4.097490713776437],[114.55328524495582,4.097579163257125],[114.55380640810542,4.097320826637553],[114.55353512102025,4.095880384263623],[114.55419452384893,4.095531508002796],[114.5547491977247,4.095801900017745],[114.55531350526935,4.095261088178109],[114.5558516664566,4.093584133185574],[114.5554579181245,4.092658994003422],[114.55508230762996,4.092195919619309],[114.55416871066029,4.09055259218328],[114.55413717331554,4.089922389936231],[114.55450310764296,4.089302695115469],[114.55436852860069,4.088663729149895],[114.55378363422602,4.087832379618787],[114.55341349768148,4.086893606804371],[114.55330050867683,4.085701171462026],[114.55274034707861,4.085063079616459],[114.55251416603242,4.0842734335193525],[114.5535464881561,4.0821420613580335],[114.55424584960981,4.081584771207784],[114.55479070095102,4.080512647699495],[114.55549027575668,4.07982675198572],[114.55600562302286,4.078253020254978],[114.55658518240503,4.077944495384931],[114.55718957756865,4.078077385111792],[114.5580533011889,4.0787660883999655],[114.5581935338267,4.079830131080365],[114.55878532522276,4.080505726236216],[114.56060026971763,4.080512081233523],[114.56074741504331,4.080176186559431],[114.56205949384201,4.078460369307822],[114.56277648198953,4.077347069890217],[114.56324926825968,4.077108360788479],[114.56368185877636,4.07740903932871],[114.56423811623729,4.078474487382677],[114.56477650079563,4.078760745498286],[114.56572277944427,4.0785427858811065],[114.56656649262106,4.078907063466488],[114.5681506015195,4.076000009202639],[114.5689883262339,4.075403322084069],[114.57014475301546,4.075043464114841],[114.57064101681279,4.073708604146864],[114.57149150994047,4.073254611762852],[114.57216641146177,4.071368395904389],[114.57253084957945,4.069792520136885],[114.57294266073681,4.069490660173405],[114.57391408910138,4.069417901209378],[114.57465387313448,4.068621648396053],[114.57483398719756,4.067785666348362],[114.57533600757164,4.067122059188195],[114.57607954210378,4.066671184579105],[114.57684415600423,4.066519284886569],[114.57703684425444,4.066166018585591],[114.576880812472,4.06530382522018],[114.57706529010642,4.06503622333697],[114.57878038469734,4.0639441863716375],[114.57877256652836,4.06314207295553],[114.57988373026171,4.062086177130887],[114.58006494593774,4.061656345745044],[114.57978531497305,4.060265671612541],[114.58058164293278,4.058535692348715],[114.58048585486094,4.058089665058058],[114.58068380566709,4.057191451365024],[114.58253353939371,4.056761546816707],[114.58315716416594,4.0561072099656945],[114.58136876447213,4.0548775576954466],[114.58181406930055,4.05406458444853],[114.58205044089871,4.053218833021217],[114.58179764185219,4.052584150881206],[114.58188474733498,4.05211783465665],[114.58324119956951,4.05080942450885],[114.58335953940117,4.04982578666759],[114.5843692038698,4.049332902232165],[114.58520094001938,4.048618916389189],[114.58603261171184,4.047675424791401],[114.58643030579826,4.046540368119173],[114.58713103416072,4.046706041314348],[114.58808051045999,4.046232253612274],[114.58817994678776,4.045542616306682],[114.58866840269,4.044867447642858],[114.58909189957556,4.044727784059102],[114.59064096649047,4.044899871440035],[114.59106611003538,4.0451556177063885],[114.59232494283012,4.045207531727713],[114.59307298310272,4.045587595985637],[114.59374350621277,4.045618526068665],[114.5954196157467,4.044905581238011],[114.59639413772284,4.044943583334502],[114.59723816569068,4.045429648113921],[114.59773967511607,4.04540960230606],[114.59834415333545,4.044964460993421],[114.59882265157593,4.044969635238103],[114.59985173688494,4.0456075284343855],[114.60104268238958,4.046558138711702],[114.60184262598415,4.045752367297315],[114.60359103549689,4.045742984325061],[114.60475481482703,4.045006575202038],[114.60594853680863,4.0453297055762025],[114.60685175262444,4.0462503022152205],[114.60809733506072,4.045782734055906],[114.60904524041753,4.04515178026309],[114.60964394597806,4.044249330903609],[114.60981671527385,4.043417315187744],[114.61045566874834,4.042820571746109],[114.61100993157376,4.042742995211868],[114.61320856521992,4.0431020353108655],[114.61393422335219,4.04271533237738],[114.61470599381225,4.04271770140732],[114.61539722912312,4.042300284511438],[114.61602076364709,4.041422915287989],[114.61664990551522,4.040131743278885],[114.6174464693877,4.039737489757631],[114.61773633801901,4.0387104045324165],[114.61814929953994,4.037819206449225],[114.61838153008313,4.036713706292055],[114.61923026256858,4.035241590776691],[114.61997493078641,4.034608082608637],[114.62052295396649,4.033705483381711],[114.62090641679974,4.032329067623336],[114.6213992856369,4.031633235343812],[114.62392134213893,4.0317072842264965],[114.62451961370535,4.03106231107104],[114.62497869595876,4.029959563731112],[114.62472305758719,4.029122525917588],[114.62397089662764,4.028678060138],[114.62335677589502,4.027468375441931],[114.6232681056828,4.026755799247371],[114.62350882732346,4.026278022162242],[114.62437224403268,4.026044397424952],[114.6247900743636,4.024682017802336],[114.62560773913445,4.024393406322889],[114.62602479862994,4.023968552269447],[114.62601866867075,4.023384911944791],[114.62656194686875,4.02239950538479],[114.62634307664904,4.0216268091841165],[114.62596392400532,4.021109223543248],[114.62406448786338,4.020838128235925],[114.62382943728574,4.020318442563419],[114.62432706374908,4.019718408258929],[114.62506077228453,4.019198546806876],[114.6251260504752,4.018584744423567],[114.62443415083658,4.01794593472173],[114.62374429470815,4.017636113476865],[114.62329193130628,4.017104318511679],[114.6231904666593,4.016446043955799],[114.6227418827592,4.016059231585908],[114.62188229698738,4.015845138534915],[114.62110021171686,4.014957285336902],[114.62014791994935,4.014602126768242],[114.61908495724474,4.0147317285998225],[114.61863056911974,4.014483142024174],[114.617721019278,4.013504915445107],[114.61692263138647,4.013028916599238],[114.61604311984284,4.012731493199697],[114.61610434569852,4.011669431757555],[114.61581572942369,4.011318064361444],[114.61561499567102,4.010383075774924],[114.61408533796278,4.009272606618512],[114.61337580437834,4.007748031824364],[114.61283022825985,4.0070918460410905],[114.61117909985313,4.006426590005149],[114.61071209591503,4.006499119926232],[114.60976605165067,4.004937328789506],[114.61056470670356,4.003478920577133],[114.6119077362224,4.002856465682226],[114.61400523544982,4.003521885547932],[114.61644389240256,4.002983981300923],[114.61846488560059,4.003057749505139],[114.61958395852992,4.002666262987621],[114.62092808782934,4.0026438444238],[114.62336339814574,4.002726896349829],[114.62453374103593,4.00295933815457],[114.62539297185761,4.002848956144006],[114.62609070596915,4.002958924198702],[114.62751243268895,4.002907163351628],[114.62809677943802,4.00313135298017],[114.62917343472175,4.003073210050002],[114.6305868104196,4.003256063272521],[114.63290366677357,4.0040559224986065],[114.63379828097071,4.0045211792991475],[114.6354104604968,4.005142124891617],[114.63733249821634,4.005252306152464],[114.63844086070591,4.00566212140791],[114.6389987452687,4.0060836635062085],[114.64093306381052,4.0057545744118235],[114.64405857979075,4.006268063223574],[114.64509487874693,4.005266831521978],[114.64568728640326,4.005352492111402],[114.64644397875264,4.005810777256561],[114.64744652024116,4.006018506218487],[114.64857175926686,4.006421759013597],[114.65011606044486,4.006719808696671],[114.65111329142833,4.007240435520378],[114.65177705374249,4.007277839926454],[114.6523918623845,4.007722106792018],[114.65365718370518,4.0078957312469825],[114.65443297735021,4.0081377322053235],[114.65554973917945,4.008127491835031],[114.6573105930454,4.009163462005793],[114.65828545208964,4.009134686250072],[114.65879999272154,4.009751079632754],[114.66020528441074,4.009455956431232],[114.66146468015086,4.010519065838012],[114.66215813173656,4.010703635953628],[114.6627272827788,4.011122586159026],[114.66403398606735,4.011197435991388],[114.66562198463149,4.0116151747674325],[114.66612953501134,4.011946680819861],[114.66781085228874,4.0125181893292226],[114.67062801573273,4.014447095541117],[114.67234588512798,4.01500294731644],[114.67297776464191,4.015109106621346],[114.67428516457112,4.016020846994848],[114.67538864065425,4.016086085460082],[114.67620044183762,4.016316657544974],[114.67755336025732,4.016209897374919],[114.67883464540915,4.016645732104113],[114.67940296281452,4.017756588054356],[114.68091279691711,4.017997020782141],[114.68331694290558,4.019278411898627],[114.68377077866852,4.019417574325554],[114.68474561444518,4.020165473653579],[114.68658553564515,4.021073683894444],[114.68777637584685,4.021766689223124],[114.68865075095748,4.022026463644315],[114.68998634400596,4.022945165752828],[114.69140098014923,4.023158157501531],[114.69262798263004,4.023896274294245],[114.69356734915121,4.024834202140057],[114.6951715679932,4.025200400460683],[114.69626376372509,4.026038392689948],[114.69709466957805,4.026840960454599],[114.69814129262272,4.027489145914109],[114.69889114347514,4.028291946332131],[114.70084800057882,4.029136477413988],[114.7012174758592,4.029207764536552],[114.70340007477473,4.030250616310044],[114.70442210485172,4.031740013025638],[114.70555000633867,4.032460310673265],[114.70677804982319,4.033551144423414],[114.70768805538029,4.033666084830513],[114.70859108439996,4.0344865201500175],[114.70969343190698,4.035713384358218],[114.71049580169431,4.035982392189205],[114.71158589062372,4.036078714752383],[114.71234672415653,4.037559817293747],[114.71347343980807,4.037864055099716],[114.71408730053223,4.038350678519342],[114.71445064664839,4.039416882960705],[114.71480305546618,4.039813819639879],[114.71661621471232,4.04078535650246],[114.71731181835587,4.041506897964412],[114.71824350667619,4.042888006024388],[114.71917242559131,4.043310394528859],[114.7200042857679,4.044429498880391],[114.72015988486622,4.045288282625218],[114.72099983830866,4.046090800746203],[114.72165795695743,4.0463059503887155],[114.72201092184841,4.046892818464924],[114.72213905971667,4.047597924324221],[114.72251778689377,4.0477505761716355],[114.72349912827518,4.04761204058491],[114.72404079061545,4.048044598976354],[114.72435817640604,4.048785329955534],[114.72426934176576,4.049210686284702],[114.72597489675887,4.050336275400431],[114.72623727279463,4.050742514576321],[114.72632213632639,4.052053732629319],[114.72699827576126,4.052268825510428],[114.72826316394952,4.053621815588862],[114.72900661786157,4.054918104550631],[114.72943114843837,4.056496839595064],[114.72923168629289,4.057014944625582],[114.72958059069603,4.057558011280883],[114.73041053491666,4.057426130563432],[114.73148021589222,4.057850918306017],[114.73227585767219,4.0594754839016165],[114.73325318027241,4.060466675650237],[114.73383692816284,4.061816849682058],[114.73431482127474,4.062383843279565],[114.73456087906125,4.06395009774326],[114.73563476222692,4.0650419068913175],[114.73659345532981,4.066785548290429],[114.73737657964493,4.06758482478682],[114.73827460308088,4.068789923911616],[114.73907697753091,4.070398632252324],[114.74020093926816,4.071477287293251],[114.740727093592,4.072374829784079],[114.74069380578355,4.073121672108942],[114.74134643230161,4.074146877742128],[114.74218799058009,4.075096345480894],[114.7425216756584,4.076398631738667],[114.74342877567084,4.07762206890624],[114.74444554678277,4.078230717514056],[114.74517092303996,4.078912295188611],[114.74582267608965,4.080020315216301],[114.74746302585837,4.080955270165629],[114.74759789739979,4.081643955930222],[114.74858518026265,4.083716493447304],[114.74960643470531,4.084123031056151],[114.7510662497215,4.085881287018196],[114.75160233427883,4.086703042025795],[114.75261334547427,4.087837979772178],[114.753125207829,4.087884799465295],[114.75350541012268,4.088532623829425],[114.75331481104726,4.088999548315574],[114.75368653890942,4.090212684853664],[114.75543885474971,4.092652084987764],[114.75593798092237,4.093537826299857],[114.75634201013362,4.093861953571308],[114.75748210276299,4.094281131297412],[114.75757264653735,4.095208498611864],[114.75814691286149,4.09503297379219],[114.75928779991926,4.095146327058958],[114.75995387045718,4.095560403604542],[114.76060949225757,4.097399598344251],[114.76140327851446,4.098743757596632],[114.76336079836386,4.1008843446585335],[114.76453836639956,4.101407132283292],[114.76547056184265,4.10138288513537],[114.76630183253606,4.1011158623968225],[114.76729949131368,4.102673653371971],[114.76797423976463,4.103354514351213],[114.7685031136954,4.10420369891693],[114.76872382974457,4.104978613176993],[114.76947039844588,4.105577293858797],[114.77036018407952,4.10586972599114],[114.77085724476075,4.106238226951818],[114.77226701258036,4.107988963081718],[114.7729726476404,4.109021899858378],[114.77429311153945,4.110250553187022],[114.77499428443846,4.111293649965939],[114.77544356845695,4.112765671966783],[114.77586250945579,4.113623607441955],[114.77643047877794,4.114379271231928],[114.77706673709358,4.115555147041743],[114.77775769697016,4.1175231069263445],[114.7790306982915,4.118703865672033],[114.7813566559117,4.119568306987735],[114.7824381679922,4.120529735777947],[114.78452989415621,4.121949416054857],[114.78505412365581,4.121792676127751],[114.78541860733553,4.121113527011026],[114.78645290045111,4.120770128927103],[114.78684938136091,4.121008624114319],[114.78821622044983,4.122311754025142],[114.78871657709307,4.1226466009503415],[114.78980304239684,4.122808691090096],[114.79082156170855,4.12246166034311],[114.79180847720046,4.123412902170701],[114.79331343314954,4.124207418608745],[114.7943850930557,4.124501259414566],[114.79473797408102,4.1255996817884215],[114.79436213337432,4.1264326285176915],[114.7939237275627,4.12686327736967],[114.79399915096619,4.127424662957175],[114.79483309825133,4.128616889781463],[114.79438231469203,4.1294282987818605],[114.79315611785563,4.130934791385108],[114.79338608812176,4.131782877061145],[114.794139488179,4.132203731262993],[114.79516345592737,4.132358653263208],[114.79640001128453,4.132817909425785],[114.79684195815776,4.133197017047378],[114.79683557987454,4.134456493821958],[114.79708169213146,4.135052411953576],[114.79796934565711,4.13537139107274],[114.79820904280545,4.135703341422939],[114.79836895501207,4.136655366589016],[114.79882727270879,4.136859751786659],[114.80001185570396,4.136690277726752],[114.80033482523365,4.136816493619319],[114.80103477792592,4.1378126825268104],[114.80169157320172,4.140003446027157],[114.8019393740109,4.142482606499287],[114.80237152588921,4.143161342880729],[114.80338068398476,4.144007078591826],[114.80429860988895,4.144278477867938],[114.80481402304962,4.144935479697567],[114.80501311548592,4.145807679510194],[114.8063935104479,4.146162474823857],[114.80690353874176,4.146712089088458],[114.80735078635148,4.148481494111329],[114.80777750214777,4.148658272925404],[114.80901906367527,4.150402102297888],[114.8092516594173,4.151368321066071],[114.8091866550803,4.152033009091343],[114.80872530170325,4.153451572186911],[114.80888061474619,4.155118411439127],[114.80940476459986,4.15586950510557],[114.81026201688638,4.15655486753397],[114.81080045607733,4.157751926899466],[114.81155558387809,4.158550653150857],[114.81208707054184,4.1598698355379815],[114.81152297296926,4.160068259483794],[114.80906519328411,4.159978454080678],[114.80846040285847,4.160312665290918],[114.80655376485593,4.162091431799182],[114.80615040086396,4.162760533534749],[114.80556170188461,4.163205208156253],[114.80483462709132,4.162938041558473],[114.80413703711389,4.162175879368789],[114.80301476472093,4.160411332475832],[114.80256824237318,4.16001386938601],[114.80188554124234,4.159900040952856],[114.80069204469277,4.158602912304364],[114.79939535111238,4.157625761716205],[114.7986422003009,4.1567309202661225],[114.79816546915,4.155452832681758],[114.79749915768271,4.154980279014897],[114.79644807223977,4.155370090990232],[114.79608376689467,4.155732967207126],[114.7960978573167,4.1574392346541025],[114.79586569444068,4.158125622688906],[114.79538985955915,4.1586595481144375],[114.79446336038392,4.16005179853305],[114.79405050138443,4.161127076843595],[114.79463445002237,4.162866966380363],[114.79506591182165,4.163501615433106],[114.79548022085449,4.16461454605785],[114.7961391088185,4.165806447448847],[114.79749905127653,4.1670338328704295],[114.7987311757916,4.168443623365374],[114.79912778416633,4.1692830079605505],[114.79888385139782,4.170365129115487],[114.79862780521607,4.170784773519412],[114.79874475799254,4.171299677701956],[114.79968358117112,4.172149870319877],[114.79963331286957,4.173417104317234],[114.79938562052801,4.174561134133259],[114.79969261147588,4.175932153639598],[114.79990071511108,4.176239325789486],[114.8014012522315,4.177594601369397],[114.80279258982524,4.179145791851297],[114.80277136115251,4.1799556255313295],[114.80243787059678,4.180835925873819],[114.80293606839967,4.181566470279981],[114.8031916010569,4.18229406810751],[114.80463373932778,4.1846384765318385],[114.8054695845598,4.184746472448085],[114.80730587657798,4.1842765559965365],[114.80778244097537,4.184736108091271],[114.80816804750503,4.185844595986534],[114.80977708846903,4.186760587181355],[114.81147206017424,4.187040937523355],[114.8123655540917,4.187597020896974],[114.81304095327528,4.188460145502017],[114.81231071765454,4.190151982792122],[114.8117616984868,4.191067987991961],[114.81219210025878,4.19246717572618],[114.81163755078332,4.193041201267038],[114.81097097199982,4.1941833884209965],[114.81087908884419,4.194899031425526],[114.81120787867489,4.195644495387784],[114.81215372337721,4.196570398387967],[114.812721828095,4.196948835821611],[114.81377994811356,4.197950428488032],[114.81400918505611,4.198353911495711],[114.81493125511078,4.20085590748589],[114.81545901788964,4.201608035957237],[114.81612620663283,4.202123576364544],[114.81710354350001,4.203163907237298],[114.8178719548454,4.2034450925752695],[114.81837907655431,4.204173287200169],[114.81959510590741,4.205319944794856],[114.82055572676917,4.2064716233944734],[114.82216559000403,4.20820498850186],[114.82262701520062,4.209052360543736],[114.82346956499056,4.210069292682815],[114.82428754705366,4.210780761057091],[114.82473671538652,4.211483174288392],[114.8261073343774,4.213038909716138],[114.82708300535327,4.213760639895648],[114.82744928027185,4.214420058781466],[114.82873278295354,4.215650169426463],[114.83000441297996,4.2161169002412],[114.83068438484385,4.216801932733696],[114.83189841946722,4.217586242008909],[114.83245780498773,4.21861222327122],[114.83336783946798,4.221085953672426],[114.83410896241259,4.222255242689454],[114.83462159039819,4.224203056448296],[114.83530675046316,4.22529705137636],[114.83628125579746,4.227115136973626],[114.83722807683986,4.227970629454587],[114.83794058102971,4.229353963015419],[114.83775650287535,4.230482827762486],[114.83854873980887,4.231792994075737],[114.8387147594167,4.233253741908451],[114.83918488094432,4.234360540480981],[114.84040595504449,4.235784149264763],[114.84171020865227,4.236970086349914],[114.84202870484843,4.238020535812454],[114.84258268447364,4.238926968234192],[114.8427970973611,4.239632067989165],[114.84229145360797,4.240183912351407],[114.84237411085398,4.24144763030628],[114.84208976523277,4.242375843680332],[114.8422487767892,4.242823059837649],[114.84320890228895,4.2439724528356875],[114.84341119935954,4.244396076907668],[114.84332342738769,4.245345734508545],[114.84431151064229,4.246243772084517],[114.8455194217838,4.247774817106175],[114.84689258917398,4.249766059576509],[114.84768771617037,4.250718666897341],[114.84780886153823,4.251489057282792],[114.8485893874526,4.252638993570374],[114.84952021207846,4.2548862416239634],[114.84970693851486,4.256298025237006],[114.85049251780086,4.257441159924821],[114.85112216515157,4.2587814895811],[114.85142848206797,4.26007900031822],[114.85141448788599,4.26084669433111],[114.85182852893945,4.261461862784578],[114.85304882611291,4.262055340852247],[114.85360995754932,4.2627124520433615],[114.85407539070776,4.2637463364076655],[114.8544330679639,4.264157044704989],[114.85532016349008,4.265718737643169],[114.85647659961975,4.266971521481142],[114.85723272183452,4.2680500154762235],[114.85746394382406,4.269276245595483],[114.85808403034159,4.271168029073684],[114.85697272029263,4.272160967892366],[114.85701120937112,4.2729655254798224],[114.85649611556147,4.275409115704816],[114.85663675875495,4.278324116289404],[114.85637786124614,4.278919300824341],[114.85558950096939,4.279275868318849],[114.85408939990808,4.278153021854158],[114.85353309439466,4.2781598149739315],[114.85263343498765,4.27876544422898],[114.85183153189341,4.277631409168033],[114.8510153845284,4.276812274629795],[114.85035722485324,4.275729236290604],[114.8497947375726,4.275554591416193],[114.84935392074733,4.275950506033848],[114.84861191917038,4.275998001587883],[114.84773439840417,4.274992510368234],[114.84690266746937,4.273304302458853],[114.84560108410564,4.271720129594677],[114.84507125740332,4.271359405285649],[114.84430820613721,4.27040471889044],[114.8427947133727,4.269125592912373],[114.84161448534145,4.267633748819908],[114.84028725499329,4.266313629938375],[114.83965480559581,4.264601066571772],[114.83911304855049,4.263645132905326],[114.83796905423743,4.262957850926624],[114.83734358167376,4.262433481571492],[114.83669771690597,4.2613094122260975],[114.83633649951588,4.259910312450429],[114.83538434715835,4.25916647952656],[114.83445976070225,4.2591582713164495],[114.83292843997641,4.259795479388676],[114.8322832643859,4.25964368649838],[114.83101501919289,4.259015560642134],[114.83030032694768,4.259150573823723],[114.8292306777631,4.259959912051068],[114.82759332041684,4.258856937546577],[114.82709131865963,4.25838164700327],[114.8265053916401,4.257149419228214],[114.82567953856774,4.256270371715951],[114.8250055633541,4.25534139912542],[114.82357730141007,4.255234651520195],[114.82240110473172,4.254503919001544],[114.8218364168,4.253777266973969],[114.82093397134825,4.25326559537975],[114.82097704016918,4.252045306944076],[114.82019779391415,4.251120606210743],[114.81902401372317,4.250628691525739],[114.81794999910954,4.2503580629383135],[114.8164424896492,4.248794534701204],[114.8157020418254,4.248976814915579],[114.81487035130637,4.250464035004499],[114.8141192422826,4.251598560113668],[114.81459306439524,4.25300863246971],[114.81440435622685,4.253732760536042],[114.81320982406835,4.254020138728129],[114.81296085635512,4.254365144088102],[114.8130929353049,4.255600448053586],[114.81439045531404,4.257550136720242],[114.81660234240185,4.260227682005989],[114.81738231917137,4.2613446157990555],[114.74597472138974,4.261758974900412],[114.70220956862363,4.2620098699867],[114.6500907324345,4.262305639072842],[114.6290069517367,4.238577697482037],[114.60919517876572,4.21627959546428],[114.53332264683988,4.130870278033547]]]},"properties":{"id":1,"name":"MUKIM MELILAS","length":123645.4375,"district":"Belait","displayName":"Melilas"},"id":1},{"type":"Feature","geometry":{"type":"Polygon","coordinates":[[[114.48881815373375,4.291408130525533],[114.48614725432178,4.164965553059596],[114.48709297409172,4.164361458909495],[114.48972100875636,4.1611268201526],[114.49027440318017,4.16025625280358],[114.49036942314349,4.159778345894191],[114.49161478031085,4.158067084157519],[114.49180010729035,4.157246948190629],[114.4916345938464,4.156604669525134],[114.4919398415733,4.155786196148951],[114.49241673094177,4.155585958546916],[114.4931244076625,4.154082722775306],[114.49305127836516,4.153675917428167],[114.49362575743423,4.15290562692282],[114.49505748965115,4.1527119081373725],[114.49555177592526,4.152276469784822],[114.49619384811311,4.1498056543551325],[114.49524611404415,4.149075566386506],[114.49345211307173,4.148519562090789],[114.49298105640295,4.1475078367956035],[114.49369028849206,4.146601522666665],[114.49469978864857,4.146843050878369],[114.49615912810022,4.146875365443421],[114.4968536452642,4.147226255502707],[114.49760114064267,4.14717001011522],[114.4988159175078,4.146687438579505],[114.49886767917064,4.145819039949713],[114.49918142567016,4.14523936709502],[114.49987408695122,4.144884798318636],[114.50025894164779,4.143943160595881],[114.50121289401464,4.143615031110137],[114.5020134090492,4.143169731335075],[114.50319262186505,4.142868132860513],[114.50392993823728,4.142368733796626],[114.50519948928851,4.142166381318794],[114.50597455246296,4.142318074423344],[114.50758875591035,4.143010200117478],[114.5081474936184,4.143108199494999],[114.50928221670257,4.143014735056297],[114.50981474376825,4.143420313956159],[114.5114101971813,4.143832105646738],[114.51338598578326,4.145002607149972],[114.51355847255937,4.145508633374981],[114.5144072999216,4.146302275308047],[114.51620021260736,4.146442198153523],[114.51715620303587,4.146882818986942],[114.51753430902076,4.146800409413866],[114.51854961038336,4.145829943328359],[114.5188272414851,4.1452232275070005],[114.51951936768789,4.14466966567554],[114.52066307793558,4.144567118375989],[114.52130079739159,4.143878036195908],[114.52118163275625,4.143100534971518],[114.52181118220531,4.142728028985522],[114.52317023192451,4.142308344114333],[114.52431885694293,4.140668227172669],[114.52467502416359,4.1391116327988655],[114.52503402932321,4.138622272644283],[114.52692242295221,4.137414296100371],[114.52747063545681,4.136942514420298],[114.52814384170395,4.136054354387994],[114.52834846220725,4.135095094861181],[114.52901446933947,4.134885285478131],[114.52997851892025,4.134973137471467],[114.53033698869417,4.134284797488074],[114.53129959230529,4.133829988639872],[114.53174854753748,4.133295159144773],[114.53267460978303,4.1326505121718595],[114.5329148439116,4.131537400213167],[114.53332264683988,4.130870278033547],[114.60919517876572,4.21627959546428],[114.6290069517367,4.238577697482037],[114.6500907324345,4.262305639072842],[114.70220956862363,4.2620098699867],[114.74597472138974,4.261758974900412],[114.81738231917137,4.2613446157990555],[114.81793094887308,4.262211189012134],[114.8180858845479,4.263179609204292],[114.81855149642533,4.263350611456009],[114.8204598958066,4.265084482317219],[114.82134687162961,4.266628119241837],[114.82233601615961,4.267317025120055],[114.82282275360934,4.268146511713524],[114.82435790889177,4.270274091407744],[114.82472210294344,4.2713580407172875],[114.82563938964812,4.272864838010585],[114.82663505445663,4.2734711871969715],[114.82734120829736,4.2744232368618365],[114.82831586951862,4.275346487073047],[114.82854261468674,4.275848614092819],[114.82838388861062,4.277925648868688],[114.829208785525,4.2782919892058064],[114.83048998928349,4.279848549132865],[114.83109545948956,4.280832554889806],[114.8318370593588,4.282704199338867],[114.83218123704445,4.283121459098671],[114.83409475140725,4.284473721784565],[114.83504553188136,4.285500483214866],[114.83588862670153,4.2872276708005135],[114.83673048820509,4.288545596786078],[114.83847465008014,4.29049501553155],[114.83871141371881,4.291141537707006],[114.83974019599117,4.292261611145938],[114.84136171082699,4.293684275905475],[114.84245972835853,4.295722993191642],[114.8425649904714,4.296268448573599],[114.84363174765748,4.29765238452732],[114.84377182871688,4.298910265841656],[114.84352740689387,4.299641917049634],[114.8444724561878,4.300811416333169],[114.84520133052126,4.300884655058413],[114.84580806790375,4.301533436554604],[114.8462157533243,4.302276378841881],[114.84704842672811,4.302596606645382],[114.84776871314372,4.303550572272364],[114.8480284609146,4.304344841818432],[114.84782195124198,4.306064201660866],[114.84870590627757,4.306581835300254],[114.84956089281192,4.306830486585592],[114.8501054193767,4.306646516531234],[114.8506481564437,4.306800589835308],[114.85156873955857,4.308066820527732],[114.85152731508558,4.309073988537959],[114.85084688563738,4.309935577091831],[114.85139637844193,4.310459320948845],[114.8518525536027,4.311219069530253],[114.85192615785986,4.312277610461654],[114.8527078543497,4.31268136791892],[114.8533551996489,4.313716668714638],[114.85419526824981,4.313871523507467],[114.85504199086908,4.313807878069755],[114.85557507474887,4.314118275063963],[114.85559967226268,4.314614232085611],[114.85466012532733,4.314892967087213],[114.85463536915947,4.315640340030828],[114.85551619006533,4.3176487866737165],[114.85358321108967,4.317589532037879],[114.85076716660085,4.317245425080553],[114.84934843295842,4.316790759400895],[114.84704218540735,4.315576247036753],[114.84596040372102,4.315189793930721],[114.84442951995229,4.315074350055064],[114.84000077578281,4.315485814587179],[114.83740893677641,4.315911449265704],[114.83646120201408,4.316464346397097],[114.83407822483115,4.31892687405885],[114.83259949947161,4.320236874569595],[114.83178700719222,4.320823837441991],[114.82982455753357,4.321759676241447],[114.82826937866874,4.321994743552544],[114.82523874892615,4.322012407995604],[114.82264764276314,4.321940265660592],[114.82062133727575,4.321303393147725],[114.81806746214019,4.319749254895095],[114.8161556297345,4.318411082405873],[114.81262278648822,4.316379961129915],[114.81074372108469,4.315449242869549],[114.80902106117301,4.31484675810051],[114.80813110858266,4.314766059561136],[114.80674523273886,4.314933590992442],[114.80512164349263,4.315451177189312],[114.80403917245023,4.315958653790654],[114.80284296710197,4.316850293466669],[114.80198443743211,4.317867255964054],[114.8015306016094,4.319201537609613],[114.80157101325412,4.321238103374353],[114.80195753241138,4.324338606023154],[114.80196160134045,4.3275971209438575],[114.80158715013624,4.328739251306808],[114.80078302884982,4.330446247836916],[114.8001477151764,4.332300556786944],[114.79989604667497,4.3340200259148425],[114.79933946273253,4.335840464247954],[114.79823114887681,4.337705513311543],[114.79689975597613,4.338596979550671],[114.79382134931717,4.339802304777877],[114.79262613870621,4.340094449076215],[114.79046322976134,4.340113343949444],[114.78921105217559,4.340756687066659],[114.78850972712534,4.341818666959429],[114.78755712824446,4.344554884859027],[114.78642693357992,4.346080248676544],[114.78561352971631,4.346950083194688],[114.7842703555858,4.34805664837833],[114.78254032478257,4.349222023384334],[114.78199082974378,4.349591926514456],[114.77931558631,4.35175949915043],[114.77868273821541,4.352561803458844],[114.77793620404626,4.3537705922965735],[114.77740327034584,4.355229163202872],[114.7767418410133,4.35875841882585],[114.77627651024144,4.360227810543158],[114.77519003743103,4.362081446476686],[114.77402772279494,4.363041047443635],[114.77318205114764,4.363288597727024],[114.77262987200304,4.363186222926221],[114.77130270155921,4.362471127165881],[114.76911004110659,4.360430768635938],[114.76787410750417,4.359139387351585],[114.7670758350874,4.358458898889037],[114.76623158619675,4.358230761074116],[114.76535242860749,4.3583879602898845],[114.76444928769435,4.359009315599775],[114.76377103403131,4.360083069042281],[114.76238885023406,4.363270749586491],[114.76143789523805,4.3650680048854325],[114.76073743799304,4.366062118619888],[114.75950626447519,4.367168303682413],[114.75729501629858,4.368398337990415],[114.7553537029494,4.369888444346978],[114.75336380275607,4.37152028975598],[114.75186028474785,4.373481101391631],[114.75111494225547,4.374731966341993],[114.74977845169106,4.3771984807855615],[114.74883310582176,4.378809441035939],[114.74835872256747,4.380286464282377],[114.74771227408094,4.381853302726932],[114.74703698565605,4.383960904646332],[114.74650710725214,4.385915457106181],[114.7460796938291,4.386698757215098],[114.7446459374426,4.388263373027819],[114.74372101587063,4.388963899068983],[114.7400839366251,4.392000965070325],[114.73863226990184,4.393610560540797],[114.73746006506536,4.395464378838456],[114.73641386201757,4.397462820426582],[114.73495052012052,4.399910444612456],[114.73395790092631,4.402332673259662],[114.73273915773221,4.404654939958123],[114.73137665845955,4.406733426182444],[114.72914308575533,4.409647923886553],[114.7276364333757,4.411347525398827],[114.72598370002846,4.413560245189277],[114.72397739153057,4.416006588832803],[114.72305161085164,4.417013462454762],[114.72072890285298,4.419305828214027],[114.71966688051829,4.420528739877933],[114.7187677984641,4.421815051524427],[114.71668406030678,4.426145052402173],[114.7154659937642,4.428340939113371],[114.71495481150338,4.429979981234063],[114.71418024472885,4.432078207327385],[114.71389530580132,4.433663741132242],[114.71288496440182,4.436031428627386],[114.71198422308817,4.437732633990706],[114.71076727153061,4.43954101833851],[114.7099050623036,4.44053892593374],[114.70902319496848,4.441951507610761],[114.70853172073532,4.443004870348771],[114.70760556127316,4.444291242063879],[114.70713266434149,4.44514614419984],[114.70613855072249,4.448081855839369],[114.70531947108948,4.44999026534462],[114.7035575377323,4.452274732628649],[114.70006379790283,4.456158471160159],[114.69876632786755,4.457398688925207],[114.69720660567998,4.458710312455131],[114.69545699915815,4.45979580704379],[114.69391790611971,4.460043548661672],[114.69081853783227,4.458430100384301],[114.6884412536925,4.457629969807798],[114.6860986342406,4.457136388340908],[114.68485829695105,4.457475115257393],[114.68385227121114,4.4582204441367725],[114.68328928350431,4.4588947013406965],[114.68268015480197,4.459983425458483],[114.6821235958917,4.46173956653965],[114.68211980338887,4.4631905941747645],[114.68230684586551,4.464209788430295],[114.6825275286845,4.466373531669325],[114.68288367019143,4.4684388180956],[114.68318223455084,4.47185579885041],[114.6829473612869,4.475045926795881],[114.68287775746151,4.477326086450625],[114.68265795215918,4.478470225644348],[114.68189401722782,4.479792832232703],[114.68033280382683,4.481599865430853],[114.67810986079301,4.48382847127876],[114.67569430223367,4.4856881249320075],[114.63303175115031,4.458747730724201],[114.59436065632187,4.434308929150465],[114.5942172877914,4.435193765020257],[114.59382936576348,4.435943084897126],[114.59285636423482,4.4367150137673015],[114.59190159258645,4.4367418864540005],[114.59088490731172,4.436223027404618],[114.59037569328598,4.435642122706515],[114.5899504273243,4.434818367484693],[114.58991127235882,4.433750931736357],[114.59001996954026,4.432489302538264],[114.58940845752493,4.431071319096782],[114.58858509701184,4.430527665200523],[114.58774041882593,4.430607329554114],[114.58723965722044,4.430960404221103],[114.5870414615352,4.431773660820237],[114.49136074900873,4.432414924599453],[114.49115829703162,4.420407737763916],[114.49066432364317,4.391113761081814],[114.4900426588967,4.354251862778341],[114.4890624616597,4.303945532781999],[114.48881815373375,4.291408130525533]]]},"properties":{"id":2,"name":"MUKIM SUKANG","length":140479.1875,"district":"Belait","displayName":"Sukang"},"id":2},{"type":"Feature","geometry":{"type":"Polygon","coordinates":[[[114.42160246168373,4.558635164208866],[114.42095899640756,4.558823194542536],[114.4199681912274,4.5588602882129745],[114.41957185218793,4.5586799148086685],[114.41917806984733,4.558006367476558],[114.41939890557988,4.556712948714858],[114.4198885295205,4.5556193025148115],[114.4202487557185,4.554250015994339],[114.41997539480005,4.55359724109579],[114.41886740857095,4.553123439411622],[114.41806666863822,4.5522970900088735],[114.41707004691727,4.550939835147879],[114.41635678020278,4.549750364891498],[114.41547874235826,4.548715928747775],[114.41490570886653,4.547850075685586],[114.41445930450394,4.5468884244704375],[114.41385511748526,4.546245443202099],[114.4125530003016,4.545524634561735],[114.41060808905313,4.544574690163398],[114.40949446678376,4.54312934193895],[114.40860806245725,4.542181215957832],[114.30561774387202,4.542424118011943],[114.29680986366971,4.542444254687251],[114.28951416568613,4.542572900401113],[114.28036991219103,4.542481604969017],[114.2731686898755,4.533061627896038],[114.24869204890385,4.514115683288239],[114.26049886349887,4.506856220837797],[114.28226774720717,4.467995374062832],[114.2849315859876,4.463199326114521],[114.2841901554982,4.454681654087047],[114.29649508553379,4.440595122633429],[114.30802411704026,4.418100318406084],[114.31609815256883,4.393102722860703],[114.3099417711858,4.376387268637502],[114.30707485827806,4.3658611613344664],[114.33347482606243,4.348625383039215],[114.33109863965963,4.340321236926697],[114.4208567967697,4.339894618427201],[114.42108117689358,4.354516470730518],[114.42119367554155,4.398403896706514],[114.42126542291376,4.42643602203678],[114.42131122696198,4.444351425437745],[114.42137523589176,4.469413936765413],[114.42150184012431,4.51907502209332],[114.42160246168373,4.558635164208866]]]},"properties":{"id":3,"name":"MUKIM KUALA BALAI","length":79214.671875,"district":"Belait","displayName":"Kuala Balai"},"id":3},{"type":"Feature","geometry":{"type":"Polygon","coordinates":[[[114.29680986366971,4.542444254687251],[114.25954812445978,4.579824230106903],[114.25973253591164,4.582003539962248],[114.2596928066864,4.582728797090117],[114.25936351883023,4.5840462202250425],[114.25698979203639,4.590587807347908],[114.25530118383762,4.595514119582514],[114.25467590095082,4.59612290584401],[114.25383221411929,4.596379453793066],[114.25250582587277,4.59617297026485],[114.25208990981635,4.5988081724973515],[114.25013181199058,4.598321843542925],[114.24906367498869,4.598236700070124],[114.24787329421858,4.597899466099277],[114.24630081174608,4.597590239644581],[114.24541044480135,4.597533505932354],[114.24117346092748,4.596605270806826],[114.2387666548533,4.596359548364276],[114.23734035680702,4.596055342308939],[114.23601090845008,4.595986037458636],[114.23488530073952,4.595640445098692],[114.23281079697264,4.595259711055467],[114.23016335230764,4.594578463460016],[114.22863260655191,4.594412109007699],[114.22587030670275,4.593999584031516],[114.22434194714181,4.593642168968258],[114.22219453351971,4.5932663868457775],[114.2206067138555,4.592890170067247],[114.21879076293483,4.592662082163739],[114.2172003367121,4.592600313696793],[114.21558574986015,4.592340870479086],[114.213893633723,4.59217033445979],[114.21267722590903,4.591892742525196],[114.21129112427984,4.591796395657181],[114.21017374262604,4.591845831745185],[114.20890044540457,4.591565538696617],[114.20714168320067,4.591312901508461],[114.206722806341,4.5913941024456],[114.20553355563908,4.591168158457178],[114.20287749856314,4.591024922762729],[114.20190813601478,4.590770216872894],[114.19751992044992,4.590377974478017],[114.19160809718754,4.59007902217462],[114.18862500347333,4.590048959095051],[114.18794349666238,4.590103097387429],[114.18550352187509,4.589942815326142],[114.18322602366298,4.589932447514443],[114.18082330214293,4.588794322861847],[114.18026042383842,4.58953503078391],[114.17927571459197,4.591134905863049],[114.1782165835848,4.592184018124816],[114.1770686153209,4.594445359455295],[114.17624221282759,4.593143333854138],[114.17552715136877,4.592538902388154],[114.174134602757,4.591770694461264],[114.17191856551446,4.591022670424146],[114.17045158574032,4.590631569915012],[114.16244736685982,4.589976307454978],[114.15847422060874,4.589718272086178],[114.15238452312295,4.589518273223343],[114.15023120251804,4.589373772944028],[114.14886263068108,4.589556782948072],[114.1474944723605,4.58941055875888],[114.14175403611412,4.589094703468038],[114.14039639061353,4.588858014793122],[114.13699420108156,4.588768765257932],[114.13520040147198,4.5885691912864575],[114.13142940424355,4.588399897613847],[114.12944007066385,4.588157495106088],[114.12702272289896,4.588067771782388],[114.12088483529767,4.587694702882141],[114.1205929485838,4.587766831865194],[114.11741249986314,4.587584616579875],[114.11363379124323,4.587621841253824],[114.1111336838288,4.587544970452764],[114.10495134380128,4.587443180251595],[114.10304992548022,4.587479738242352],[114.10191683813221,4.587683927100662],[114.0985721725334,4.587613339790817],[114.09182389050194,4.58782578281662],[114.08828130149936,4.587912694514979],[114.08420421439543,4.587735932221067],[114.08277962065753,4.587927149501984],[114.08075765114656,4.587952043587015],[114.07949382623373,4.587856364554943],[114.07725559266001,4.58802554562918],[114.07592592341426,4.58803002648902],[114.07592771178469,4.583956128953622],[114.16302656976809,4.573595479381299],[114.18818122370602,4.5490751901509245],[114.19074194262426,4.546303314506357],[114.19893528591412,4.53089051241966],[114.21357757825372,4.535704079456724],[114.24869204890385,4.514115683288239],[114.2731686898755,4.533061627896038],[114.28036991219103,4.542481604969017],[114.28951416568613,4.542572900401113],[114.29680986366971,4.542444254687251]]]},"properties":{"id":4,"name":"MUKIM KUALA BELAIT","length":57813.45703125,"district":"Belait","displayName":"Kuala Belait"},"id":4},{"type":"Feature","geometry":{"type":"Polygon","coordinates":[[[114.65589400208793,4.510414765211905],[114.65541103509153,4.510721072579874],[114.65478021527741,4.510721993070765],[114.65349434723761,4.51031635277381],[114.6503843577533,4.509777328823748],[114.64871718919044,4.5097797279123295],[114.64696069336843,4.510268773859312],[114.6463750541895,4.510111289994291],[114.64522421292382,4.509445246261193],[114.64452574126534,4.509423454333043],[114.64318634729582,4.510025225606456],[114.64231987877272,4.510150863992406],[114.64101255573026,4.509926429439498],[114.63942402218717,4.510052945754592],[114.63875981567762,4.509997421936282],[114.63703517237992,4.509377333502753],[114.63611165832938,4.509853863466176],[114.63603520783987,4.511132671805786],[114.6365676118356,4.512410635054266],[114.63654751780656,4.513497385606676],[114.63624452608522,4.514120285812838],[114.63548014927227,4.515117248154467],[114.63489578907779,4.515627029761953],[114.63397292383213,4.516137752908489],[114.63364730463367,4.51672651565048],[114.6337613519479,4.517643033440921],[114.634517988321,4.518739779215052],[114.63554492041818,4.519609672121399],[114.63740413728664,4.519595745061432],[114.63808074272296,4.519855291739078],[114.63847557021818,4.520262020193517],[114.63886144523109,4.52191373566189],[114.63920151633137,4.522682942784453],[114.63897740532805,4.52352069953335],[114.63855140368646,4.524268013849406],[114.6380339098039,4.5247216506514665],[114.63720087410626,4.524926326635601],[114.63684073848357,4.5254586607748495],[114.63697788384731,4.526171340084999],[114.63793736243515,4.527290409532377],[114.63871644895555,4.528556945094421],[114.63878531714623,4.529020821630516],[114.63856208067496,4.529971626361625],[114.63801028707591,4.53024419574157],[114.63688314098677,4.530007946229897],[114.63546286086245,4.5294780130287835],[114.63437041672057,4.5293662987415235],[114.63331214149487,4.529594203489596],[114.6324900790029,4.530104642439846],[114.63176062966927,4.531316577589361],[114.63075889094597,4.531827227528413],[114.62931653965543,4.531874181370031],[114.6277200312341,4.533008246481321],[114.62528648641019,4.533305793667906],[114.62410506982103,4.533612878678247],[114.62341402643453,4.534046917061365],[114.6228899929167,4.534791381077121],[114.62263432925008,4.535632890887231],[114.62249976641834,4.536885567247476],[114.62228653196566,4.537383855635803],[114.62156683870538,4.538052547213879],[114.62126425951355,4.538833988766587],[114.62126574614712,4.539376903549962],[114.62163116999155,4.541798256600537],[114.62159873158707,4.542499817430926],[114.62072050480423,4.543281995446988],[114.61846823617358,4.543556692814614],[114.61747647594724,4.543399458252135],[114.61627220526184,4.543593541385557],[114.61574314086288,4.543945165915417],[114.61564301640345,4.544612998149061],[114.61584663866846,4.545337081924794],[114.6154094333639,4.546118322405189],[114.61448663792306,4.5468777216026455],[114.61430933066022,4.547953305918148],[114.61397129896312,4.548338317328618],[114.61258778682259,4.549109719758903],[114.6115300809647,4.549971230571791],[114.61085522226662,4.550356882164842],[114.60971924215275,4.551433679031872],[114.60914674406672,4.552384860345729],[114.60914777215552,4.553177046723627],[114.6093750492538,4.553901065716329],[114.60933180984834,4.555191353204465],[114.60899537401025,4.556164777097836],[114.60822020719945,4.556743165957645],[114.60725144949481,4.556970786209989],[114.6065082936352,4.557514889454808],[114.60561126793829,4.559473933793501],[114.60494818478938,4.560052011949023],[114.60457574451878,4.560007246743348],[114.60328930394398,4.5589904999943345],[114.60230819177087,4.558403067010821],[114.60091061896757,4.5577373552775065],[114.60031714135866,4.557604164027008],[114.59883756998455,4.557649746029307],[114.59620148260633,4.558060517205809],[114.59461410591499,4.558232435690428],[114.59420816638698,4.55850457348706],[114.59356858658523,4.55944461519615],[114.59349170991796,4.560802818674248],[114.59357439260475,4.562635955343682],[114.5937236708839,4.563891799879758],[114.59416740106698,4.566347131680046],[114.59451851221392,4.567251974658109],[114.59467725675734,4.5682588034910445],[114.5945663160298,4.568892741561539],[114.5937577984407,4.570478181501463],[114.59361210082382,4.570964967511187],[114.5935706791032,4.572730326507133],[114.5934270411053,4.573771607663119],[114.59291047033818,4.575005799773233],[114.59285623836404,4.575990595775143],[114.59227246863914,4.5773719350653845],[114.59165387306155,4.577746107283771],[114.5884309345208,4.576958151076623],[114.58758596260198,4.5769367024548],[114.58577194667524,4.577255892079921],[114.58523217793032,4.577618825115986],[114.58488430282016,4.578332253254537],[114.58482958847426,4.578932119845265],[114.58535108855038,4.580991002950958],[114.58592773052874,4.581771167827813],[114.58690863962103,4.58269776256833],[114.5871240267523,4.583195437084064],[114.58704713193035,4.584134790702729],[114.58655277069488,4.584837025452198],[114.58636210846399,4.585572917590483],[114.5865581284219,4.587666312744442],[114.58660637167934,4.589476639320729],[114.58639486444557,4.591049704038858],[114.58592581603594,4.592997372468149],[114.58519784864272,4.595227791118431],[114.58402920374503,4.596971883267921],[114.58353379912612,4.597289756307298],[114.58233914119255,4.597109282982333],[114.58164284978739,4.597925106656407],[114.58083256605218,4.598242978720552],[114.57860347285568,4.5994464489877664],[114.57710525547336,4.599708236631793],[114.57631743971966,4.600003152684847],[114.57471830389113,4.600231859422416],[114.5739417803416,4.600537765291414],[114.57245615273696,4.601717452035536],[114.5721418002925,4.602125266577314],[114.57160482967234,4.603755438308434],[114.5699151968227,4.604481783010403],[114.56971374091674,4.604979731623296],[114.56995111813987,4.605488371495379],[114.57003204098187,4.606472793542851],[114.56956174447038,4.608182478748615],[114.56864141043133,4.6101186166647805],[114.56877760534717,4.610706941643024],[114.56997348356315,4.611339619253283],[114.5710447405065,4.611710926792621],[114.5720249076399,4.611721012568514],[114.57402071341096,4.612578474775147],[114.57515960582256,4.613595658937677],[114.57467816491948,4.61471640238466],[114.57360823249076,4.615476410854905],[114.57312555883009,4.6163484526475855],[114.57275669099975,4.617650046127491],[114.57226228571406,4.618137758511038],[114.57147496297527,4.61925875519951],[114.5705780346326,4.621738298228785],[114.57046968941906,4.623990476826193],[114.57010020936951,4.625065692806347],[114.57023781470033,4.626604734615728],[114.57063434090372,4.627645395855382],[114.57073845184831,4.628663381807889],[114.57052566032002,4.629772656322832],[114.57021169641585,4.6305433436754555],[114.56935776481933,4.631619009621227],[114.56661091303567,4.63304792951968],[114.56546669731662,4.63575421249196],[114.5641735760688,4.6366956721798225],[114.56339774304233,4.637489070208289],[114.56324021143556,4.637986894902138],[114.56254251755914,4.638507641169673],[114.56038571868959,4.6391973304273115],[114.55933408770996,4.639439793378177],[114.55805016963225,4.640245280647584],[114.55747649127288,4.640800170997943],[114.55718530443602,4.641456613396697],[114.55705206225582,4.6424076835041825],[114.55721172038345,4.643562023461249],[114.55698741918552,4.644162329111764],[114.55585203510208,4.645329159452242],[114.55487240952112,4.645963978071549],[114.55366739043608,4.6463614317466595],[114.55250695125068,4.6461483176750145],[114.55196549781294,4.64546978747646],[114.55146645938058,4.643999541063614],[114.5506876741768,4.643468034104382],[114.54940286795596,4.643300746699503],[114.54779243941492,4.643551745520452],[114.54732047732493,4.644475512132526],[114.51540940638998,4.6035864513353655],[114.5107830899731,4.5976293658817085],[114.4750541876791,4.5537283762317315],[114.49185361421813,4.519869307248324],[114.49160515144439,4.4756175187108145],[114.49148132217238,4.453576591419839],[114.49136074900873,4.432414924599453],[114.5870414615352,4.431773660820237],[114.58723965722044,4.430960404221103],[114.58774041882593,4.430607329554114],[114.58858509701184,4.430527665200523],[114.58940845752493,4.431071319096782],[114.59001996954026,4.432489302538264],[114.58991127235882,4.433750931736357],[114.5899504273243,4.434818367484693],[114.59037569328598,4.435642122706515],[114.59088490731172,4.436223027404618],[114.59190159258645,4.4367418864540005],[114.59285636423482,4.4367150137673015],[114.59382936576348,4.435943084897126],[114.5942172877914,4.435193765020257],[114.59436065632187,4.434308929150465],[114.63303175115031,4.458747730724201],[114.67569430223367,4.4856881249320075],[114.67354021635339,4.487347967017845],[114.67314074352882,4.487896545453045],[114.67290225534299,4.489013598526311],[114.67238246847815,4.490643283516448],[114.67227245741508,4.494392644715134],[114.67242874422524,4.496898820930453],[114.67274788813123,4.499436192803391],[114.67254558936281,4.500002301383326],[114.67179295848534,4.500750278134318],[114.67085915246963,4.501362823881535],[114.67032956524191,4.5015104358769875],[114.6687074063161,4.501490141697718],[114.66758038193001,4.501288132620031],[114.66659988392932,4.500916133648527],[114.66511093341867,4.4999902023273135],[114.66454732916965,4.4998552805250815],[114.66354595107515,4.500071766757233],[114.66229594651621,4.500605488620338],[114.65984249918787,4.5018084610437095],[114.65713077944865,4.503306080833321],[114.65657970226283,4.503827375667787],[114.65637990991283,4.505298722473122],[114.65658722294391,4.507539363865758],[114.65641429684423,4.509152514095842],[114.65625430633331,4.509950249413559],[114.65589400208793,4.510414765211905]]]},"properties":{"id":5,"name":"MUKIM BUKIT SAWAT","length":81032.234375,"district":"Belait","displayName":"Bukit Sawat"},"id":5},{"type":"Feature","geometry":{"type":"Polygon","coordinates":[[[114.43769649906797,4.554705418495881],[114.4375242214101,4.599449763124791],[114.41248508433205,4.624116718033131],[114.40900551652467,4.646524181961968],[114.40841782242016,4.648286782915766],[114.40728454458348,4.650799660334839],[114.4042586134554,4.649557537985671],[114.40243698453001,4.6490315959392765],[114.40153957398267,4.649007816474875],[114.40000012695509,4.648466192072519],[114.3985631182568,4.647775377775596],[114.39536637975839,4.646640689483492],[114.39327512461665,4.645730486792739],[114.39092846774365,4.644955990971547],[114.3899829892202,4.644390839343958],[114.3887917841921,4.6441227517296575],[114.38810029558321,4.644109191628026],[114.38729833105018,4.644529144666427],[114.38676474250134,4.644356933668057],[114.38560490554858,4.643321485646164],[114.38423992923127,4.642591186330677],[114.38268754853962,4.641932004538793],[114.38114195516718,4.641631424490851],[114.38005666817621,4.641248890762943],[114.37823403977623,4.640412319375162],[114.37663613035787,4.639558516431753],[114.37406639031477,4.638644913727817],[114.37089112527057,4.637390827182601],[114.36998933102811,4.636829224648422],[114.36908832151543,4.636589228333416],[114.3680902247772,4.636035493978746],[114.36646365395741,4.635783416210878],[114.36465528768433,4.63477495029899],[114.36356352737275,4.634270329497446],[114.3625599783016,4.634138812251983],[114.36114096015626,4.6336395007248194],[114.36067443315848,4.633356617875461],[114.35811099830299,4.632473192086141],[114.35516864234926,4.631190504874813],[114.35446586826595,4.63081068777723],[114.35317040921025,4.630390482191109],[114.3522103054756,4.630285414047718],[114.35117409316683,4.62991714074194],[114.35027391621614,4.629315951957398],[114.34872996203333,4.628506621333299],[114.3457887864077,4.627232381214393],[114.34363117009308,4.62643441428988],[114.34275077659406,4.626211584858613],[114.34099896219288,4.62550928090852],[114.33927114640157,4.625066919110082],[114.33820083901432,4.624452563368124],[114.33695442815745,4.623922563736475],[114.33392219307915,4.622830501787257],[114.33296041229973,4.6223698993325035],[114.33200718090298,4.622188489271977],[114.32425147298922,4.619665185895843],[114.32275730018507,4.619021111792826],[114.31945491274631,4.618123797762889],[114.31821274266483,4.617590368408735],[114.31644120519418,4.616985004557944],[114.31466661689765,4.616281298750743],[114.31354693881069,4.615735700073056],[114.31227892714728,4.615706211627661],[114.31039836032437,4.614843641067398],[114.30762772239301,4.6138189788201585],[114.3068033996367,4.613593997362048],[114.30512016687491,4.613406376049305],[114.30226546460466,4.612438984428634],[114.29785260162386,4.611046825523214],[114.29605431160569,4.6105500030577025],[114.29485748259981,4.610122418233915],[114.29362112732709,4.609894720506128],[114.2920258002206,4.609350499236748],[114.29023289017528,4.6088646770318835],[114.28827340903793,4.6084397172307],[114.28596694425717,4.607772524919561],[114.28432063144685,4.607222760758219],[114.28309882129122,4.606947821097986],[114.28126538786387,4.606347050168731],[114.27686334710921,4.605091264228465],[114.27532240988758,4.604434694703269],[114.27243033379578,4.603957617998939],[114.26973742118957,4.603134718720945],[114.265795569172,4.6021064383101296],[114.26486902444972,4.601996676706196],[114.26211014437351,4.601136606993173],[114.25909763806207,4.6004517641675085],[114.25751662545304,4.599990537945952],[114.25641872044837,4.599822103314993],[114.25373400426392,4.599118397297811],[114.25208990981635,4.5988081724973515],[114.25250582587277,4.59617297026485],[114.25383221411929,4.596379453793066],[114.25467590095082,4.59612290584401],[114.25530118383762,4.595514119582514],[114.25698979203639,4.590587807347908],[114.25936351883023,4.5840462202250425],[114.2596928066864,4.582728797090117],[114.25973253591164,4.582003539962248],[114.25954812445978,4.579824230106903],[114.29680986366971,4.542444254687251],[114.30561774387202,4.542424118011943],[114.40860806245725,4.542181215957832],[114.40949446678376,4.54312934193895],[114.41060808905313,4.544574690163398],[114.4125530003016,4.545524634561735],[114.41385511748526,4.546245443202099],[114.41445930450394,4.5468884244704375],[114.41490570886653,4.547850075685586],[114.41547874235826,4.548715928747775],[114.41635678020278,4.549750364891498],[114.41707004691727,4.550939835147879],[114.41806666863822,4.5522970900088735],[114.41886740857095,4.553123439411622],[114.41997539480005,4.55359724109579],[114.4202487557185,4.554250015994339],[114.4198885295205,4.5556193025148115],[114.41939890557988,4.556712948714858],[114.41917806984733,4.558006367476558],[114.41957185218793,4.5586799148086685],[114.4199681912274,4.5588602882129745],[114.42095899640756,4.558823194542536],[114.42160246168373,4.558635164208866],[114.42427635177644,4.558036791434221],[114.42623615255832,4.558101044095811],[114.42766511318317,4.557637468283887],[114.42830601213942,4.557027807554602],[114.42839818344606,4.5562784151419],[114.42796507649764,4.554421373003721],[114.4282958782296,4.553537336326097],[114.42888988056708,4.5532732639652185],[114.43098319924701,4.552669216195825],[114.43179832525917,4.552693034147244],[114.43243661473394,4.553061464162857],[114.43365007662977,4.554414978770946],[114.43453884658582,4.554707130000321],[114.43520421242454,4.554442874885167],[114.4355301409777,4.553942470483382],[114.43651382623216,4.55146519343829],[114.43694746419781,4.550849945865616],[114.4376921123599,4.550513927167117],[114.43769649906797,4.554705418495881]]]},"properties":{"id":6,"name":"MUKIM SERIA","length":56859.265625,"district":"Belait","displayName":"Seria"},"id":6},{"type":"Feature","geometry":{"type":"Polygon","coordinates":[[[115.27468319190874,4.566687886818033],[115.27312830305283,4.566693463573249],[115.27078948305827,4.56685814531471],[115.26845678333876,4.568744912944858],[115.26457040259655,4.572358495944324],[115.26332102244959,4.571893497489281],[115.2597328083716,4.571751420309985],[115.25725756353025,4.570300138599742],[115.25301729900828,4.56911289822672],[115.25296315279307,4.5630372155522725],[115.25239955768069,4.562794456212845],[115.25042015364689,4.561369369450994],[115.24814090003574,4.560371561584755],[115.24687904448915,4.559554415160514],[115.24049562743123,4.556479906525047],[115.23831337190981,4.555986801643095],[115.23594517591579,4.556599461713303],[115.23463154855563,4.55755659779864],[115.23223868766422,4.559169872164837],[115.22787150664476,4.559028703132923],[115.22444814729027,4.561388357821939],[115.22298621040989,4.561660598925151],[115.22253692648327,4.561564950844407],[115.22101385424632,4.560461522897068],[115.21954655834703,4.559584973444151],[115.21832627587969,4.558147310328953],[115.18145202359412,4.590344040998171],[115.17131229230509,4.606956521609404],[115.19989846697986,4.648761472125636],[115.18491151515293,4.663884133955706],[115.16290158839067,4.663863922374367],[115.1456545246513,4.681331965738017],[115.13065515579017,4.681382950526439],[115.09073880252477,4.68134761368811],[115.08496223160127,4.6783859620513235],[115.08070432719742,4.676202958753732],[115.07984950041929,4.674440204592561],[115.0786898505653,4.672495038411071],[115.07784880269382,4.671320957032987],[115.07688629836368,4.6717543168284745],[115.06913753121587,4.665547994291605],[115.07181943596983,4.6628905799873],[115.07743791498486,4.657943697754316],[115.0752413973983,4.651261106671123],[115.0798535539671,4.635583169170276],[115.08768537686967,4.6089550922782],[115.08797032853283,4.604681851106557],[115.08834834356396,4.596709184371346],[115.08858858986727,4.591019805896203],[115.09599334116163,4.585457449371],[115.11897315264439,4.568163260415317],[115.12132645600502,4.566271244478974],[115.15268894005355,4.542667387972971],[115.15178545038626,4.540355686535479],[115.15024464994337,4.537474392783304],[115.14941857291178,4.535561788415717],[115.14818513194263,4.532453892675252],[115.14789310658537,4.531386522494431],[115.1475007373753,4.528638085867631],[115.14716554449585,4.52746402719968],[115.14600254240587,4.526514953414142],[115.14378039462164,4.525340845243029],[115.14151235145798,4.523751976191367],[115.1410801841772,4.523212765412305],[115.13930597298352,4.519913376678498],[115.13870237241997,4.519313417842743],[115.13753855613017,4.518615882813067],[115.13505962387464,4.518116150218555],[115.13392889281167,4.518372398335911],[115.13299301768166,4.518286272516371],[115.13109364892026,4.5186075948228295],[115.12936358039337,4.5190244336880605],[115.12840906364026,4.518755782855915],[115.12748693645048,4.518068997671994],[115.12686603635291,4.517179667977167],[115.12660385710184,4.515766522605193],[115.12674443102614,4.513857678025986],[115.12746986588247,4.508501772424472],[115.12732611356995,4.506128667491514],[115.12686481610889,4.5047956191211025],[115.12545886638,4.502270504208123],[115.12467955958732,4.501337900829178],[115.11723151109507,4.489560473839284],[115.1165957600049,4.488599961997661],[115.11655911831136,4.487250205592504],[115.11672420771993,4.485759577111521],[115.11773183623558,4.481904652396829],[115.12090369225177,4.476128923499705],[115.12128237279103,4.474846437345197],[115.12116275246655,4.473946356368261],[115.12056392927622,4.47324546485602],[115.11907842408354,4.472832196657793],[115.11898867439535,4.467083911234551],[115.1357203986394,4.4489372427992615],[115.13544912675997,4.37339242723621],[115.13675466012351,4.373446309889997],[115.13727299591423,4.373912232655377],[115.13738720532774,4.37530659695139],[115.1377689567171,4.375590738894486],[115.13835570182063,4.375503262034463],[115.13883560009516,4.375103932504926],[115.13981255457847,4.375005531746188],[115.14101952326278,4.375217654819762],[115.14285806211834,4.375355439601286],[115.14399425071848,4.376004290403836],[115.14558004757208,4.376751359374818],[115.14606270011778,4.37732059612533],[115.1464990699386,4.380598464152088],[115.14629692241574,4.381513376448363],[115.14588421864076,4.382276613419658],[115.14600635537924,4.383083780101805],[115.14735372838871,4.383799826399647],[115.14835417553887,4.3839993589229636],[115.14923973366626,4.383793353588234],[115.15035749254042,4.382836402206922],[115.15262198248213,4.381863842840534],[115.15379287011555,4.3818340603363515],[115.15513129527727,4.38213378295199],[115.15541504795398,4.381951193552724],[115.15572368142216,4.379687550579326],[115.15604200249771,4.379100098402923],[115.15652263090433,4.377043706678538],[115.15751282907136,4.375600407091084],[115.15847942899289,4.374792746360343],[115.15978437638597,4.3746974436696595],[115.16047407111866,4.375178586473788],[115.16116261848863,4.375403137556307],[115.16290008837711,4.375258402050176],[115.16376461607958,4.3748791651953765],[115.16505574651269,4.374511478121755],[115.16609754623762,4.37409011112038],[115.16829212111615,4.37273814462638],[115.16960910153416,4.37139834275438],[115.17055704540574,4.371591690971867],[115.17164548562864,4.371057188599291],[115.17227462090686,4.370381012282473],[115.17431339605838,4.369284250159961],[115.17615093277715,4.3688819194156805],[115.17765117493065,4.369009035118647],[115.17880346685706,4.369801045736687],[115.18095537348087,4.370561273928773],[115.18227947408077,4.371266940765471],[115.18269759272543,4.371771257032802],[115.1836445979797,4.37197816090842],[115.18466212876528,4.371890414649648],[115.18550851374066,4.370905955634544],[115.1865865445822,4.369865427275857],[115.18787659137153,4.36921551536621],[115.18857676927387,4.368555355091948],[115.1893781499349,4.3675351408836365],[115.19020517843386,4.365958868089781],[115.19086039338197,4.36532581586907],[115.19261365846859,4.364988487418835],[115.19487778420427,4.364381832580035],[115.1960080628404,4.363889298501283],[115.19687316139981,4.362772979113595],[115.19726749119366,4.361120426282514],[115.19782549641394,4.360727569795523],[115.19905705535216,4.361405404459588],[115.20023126081921,4.361343410702481],[115.20215383110342,4.360937961971971],[115.20356288713384,4.3609063777494415],[115.20430704302956,4.36149709292732],[115.20518441850064,4.36197138935248],[115.20648647783581,4.361473726907778],[115.20838308847591,4.361337718973374],[115.20916696376416,4.36094053490016],[115.21067835743327,4.360598586930439],[115.21256915929573,4.359476838755835],[115.21309916256138,4.358988920043646],[115.21349295611232,4.358199571566868],[115.21393734714383,4.358009960282033],[115.2151955739091,4.3583316030591455],[115.21721383634014,4.358130218713143],[115.21827481944828,4.358364174311014],[115.21894195937925,4.359242220731342],[115.21989382357697,4.360788381276122],[115.22040022432554,4.362105473503079],[115.22119118938667,4.36381165482381],[115.22149473608917,4.363884387858226],[115.22298591786883,4.363354269967945],[115.22448853488883,4.363285745664686],[115.22561471892293,4.363352587295324],[115.22713800277944,4.3631647760045835],[115.22806616111875,4.363187089394758],[115.22957743877336,4.363686070652159],[115.23038295557622,4.364090496400913],[115.23243310912527,4.365986849984457],[115.23374077643129,4.365850165668763],[115.23456183715695,4.36601042079063],[115.23523502002887,4.366653003455846],[115.2359727412427,4.367762416333688],[115.23643229484418,4.36797134535629],[115.23729738299954,4.367941957676404],[115.23835574072939,4.366964464096245],[115.23982355119465,4.366503136465282],[115.24086723921938,4.365429185046281],[115.2418226126037,4.364991561154736],[115.24435323287119,4.363542127158055],[115.24580839340278,4.362027501722877],[115.24639913775678,4.3608851498440755],[115.2458609164384,4.360162955556695],[115.24578854966518,4.359190018208528],[115.24629828204253,4.357484295446819],[115.24652138875412,4.355956867349257],[115.24679715398167,4.354899027693338],[115.24590349682178,4.353928108273566],[115.24563409514926,4.353267093219002],[115.2456852795008,4.3522991430973414],[115.24548062175172,4.350784543231006],[115.24572414964167,4.3490438597604255],[115.24542361638595,4.346915113533983],[115.24583288494324,4.345645605091318],[115.24580820967951,4.345318099075122],[115.24484506378366,4.3443119695572525],[115.24434143148444,4.343532943937815],[115.24452102201518,4.342465133562501],[115.24438492164133,4.341405955084416],[115.24461608996091,4.341090109138475],[115.24598989590663,4.340840022564053],[115.24659422601995,4.3405634576402905],[115.24716116355465,4.339674799972584],[115.24808241221676,4.339305030446122],[115.24852678235236,4.338842807354178],[115.24949515460153,4.338422491733703],[115.25023457795037,4.337366342606229],[115.25284479636352,4.335804709149433],[115.25430650023162,4.335469454680444],[115.25538727170208,4.335603860013779],[115.25689663357267,4.336201315544042],[115.25746097503297,4.335956994971437],[115.25893153065206,4.335856497014207],[115.2598073705293,4.335617210312935],[115.26024541043743,4.335861384965205],[115.26118847095195,4.335572653591646],[115.26202483867964,4.335686333190445],[115.26327185621203,4.336195870834761],[115.2644428801921,4.336137408842452],[115.26482216927448,4.336303465601961],[115.26482248518465,4.338292368774286],[115.26532976286624,4.3386984617375886],[115.26628678368982,4.338711490788847],[115.267037850352,4.339210772111535],[115.26745100752547,4.340411587638654],[115.2674034298684,4.34122043537291],[115.26792743004394,4.342349038016752],[115.2697015168539,4.342062287769599],[115.27071403857072,4.342376660147782],[115.27217668723085,4.342557724601826],[115.27380711181006,4.3432702745949765],[115.27401197969317,4.344449947856213],[115.2748781136709,4.343862913125783],[115.27557972028679,4.342442832050466],[115.27599382648556,4.341911961770011],[115.27678521294861,4.3414374380800895],[115.27778575087362,4.341070605238872],[115.2786365012091,4.34031548293569],[115.27909487836898,4.339466174410685],[115.27966818471253,4.339311164060482],[115.28036155055975,4.338336642326784],[115.28033529844143,4.337848962233974],[115.28102914263778,4.336681878823856],[115.28174414282881,4.3362907115173],[115.28425572037946,4.336130717761239],[115.28652178521794,4.336131861903916],[115.28925073790313,4.336287347789658],[115.29369794634904,4.3369473376119005],[115.29598590603935,4.337398625862474],[115.29633333164787,4.336763678685553],[115.29570818365113,4.334866863046057],[115.29517731268052,4.330997981663377],[115.29549229752169,4.32839001834881],[115.29537296334108,4.32762081067478],[115.2940888029576,4.325209142177312],[115.29378923547621,4.324430413076086],[115.29396179102905,4.323556701866511],[115.29541592250746,4.322342282623538],[115.29957670115094,4.3187008716479145],[115.30147458026491,4.3167117992539925],[115.30272774817314,4.3156803998882065],[115.3084072824509,4.310506857787313],[115.30956944832194,4.309385617964194],[115.31058333903873,4.306816079477421],[115.31093958583507,4.306291889809677],[115.31246081926011,4.304963287279172],[115.31274973511508,4.304507459593988],[115.3142244630844,4.3030891406887575],[115.31629726903186,4.3016872927418985],[115.31908303253637,4.299372997808278],[115.32178808147776,4.296855205162716],[115.32302438294442,4.295226889402499],[115.32629357492024,4.296563127841011],[115.32969776341106,4.297855614278767],[115.33162924607522,4.298324496954205],[115.33239861896865,4.298679499288137],[115.33380482901426,4.299640128290858],[115.33530015835645,4.300486804710655],[115.33661887907012,4.301697327169686],[115.33712659767633,4.303028973321829],[115.33715172433207,4.304204681978893],[115.3378521238505,4.304790004418357],[115.33969323838983,4.3051792131615265],[115.34162036482252,4.306452209482063],[115.34270646122313,4.306872174432981],[115.34346665118953,4.307329798152445],[115.34398066625293,4.307915237201987],[115.34428224591402,4.309077207395765],[115.34434594937832,4.311251351945649],[115.34485344154228,4.3125151609552175],[115.34606446570196,4.314293048232097],[115.3464053433634,4.314652159986441],[115.34727751592693,4.3150856265678135],[115.35097309444217,4.316262188315846],[115.35156278362986,4.316596355468798],[115.35244944983235,4.317448640702636],[115.35290751515588,4.318282440429525],[115.35358956936825,4.321379676982281],[115.35441776679508,4.321949248034663],[115.35623014151862,4.32231930327051],[115.35666964323671,4.323003651141532],[115.35654208532947,4.323843294427627],[115.35588177361961,4.325593893620764],[115.35677220764919,4.326854014025786],[115.35752106478509,4.328393483104885],[115.35831231284648,4.328731262758558],[115.359435787533,4.329515695452442],[115.35994815725309,4.329481868298839],[115.36105053414116,4.330261947458498],[115.36026403495275,4.331264114205121],[115.36038993772242,4.3325944694181855],[115.36134470496785,4.333391738783417],[115.36120786072348,4.334315077734854],[115.36182962773644,4.335097107566084],[115.3632036966421,4.337547053666657],[115.36339030621471,4.33852176591919],[115.36377661012612,4.339283188103848],[115.36400433847952,4.340259724838125],[115.36385830313432,4.340821596444422],[115.36397626676441,4.341810696654283],[115.36467170449797,4.342105170575435],[115.36434882675637,4.343121345155529],[115.36446088334193,4.3441884759155975],[115.36427875837371,4.345042735986661],[115.36316190074298,4.345462086022361],[115.3622827323926,4.3463525689048055],[115.36153223493058,4.346858176872938],[115.36071423338936,4.347690487577389],[115.35932433478364,4.348765651694101],[115.3582496113423,4.349067654867008],[115.35722229863119,4.348982099896726],[115.35683756615367,4.349254502985383],[115.35558658034427,4.3495513666665495],[115.35411053783201,4.349511424565308],[115.35288879296314,4.349821743943739],[115.35114429845905,4.349895846180961],[115.35075092173071,4.350071771503962],[115.35031572190042,4.351153123822794],[115.3486276532759,4.351822963107629],[115.34796216965466,4.352345574345035],[115.34803698461934,4.353042002499044],[115.3472861620899,4.353955566821661],[115.34724013263806,4.354648189950998],[115.34793959101364,4.35471660772934],[115.34843219999155,4.355235847906896],[115.34837480698293,4.355605079408161],[115.34766511618683,4.356113565053698],[115.34745462819441,4.3569239229172245],[115.34639614480454,4.357998982903017],[115.34676286972143,4.3588109196286595],[115.34684991874543,4.359919826376714],[115.34656456199272,4.3602902601377735],[115.34527094937053,4.360615935542644],[115.34374449671124,4.361505854166692],[115.34275329753012,4.362651026139604],[115.3421061153412,4.364092043472733],[115.34211062873307,4.364882887148469],[115.34047207853368,4.36772241178565],[115.33974972950816,4.368469891599277],[115.33833087300364,4.370900774255411],[115.33751906268047,4.371823422478838],[115.3379000127613,4.373571154763467],[115.33786094010709,4.37392584631654],[115.33696663062757,4.37577631043497],[115.33749819047108,4.377337079392519],[115.3375418205463,4.378057591487585],[115.33706615324967,4.37944225873349],[115.33430811421263,4.380442777055058],[115.33406812202888,4.381890701666139],[115.33319336282733,4.383226814400677],[115.33341393026897,4.385240723851874],[115.33378333757331,4.386216137878987],[115.33372549440261,4.386846698249257],[115.33300449677346,4.387233741496244],[115.33203442841405,4.387084594410379],[115.33039610902622,4.386590435453335],[115.3293419636318,4.386090352275468],[115.32778016533969,4.385580898627057],[115.32724278870981,4.385711753043233],[115.3274736836835,4.386886974285402],[115.32723629041463,4.387715965230857],[115.32730582288077,4.388227724452771],[115.32655732003795,4.388729727540846],[115.32601367910286,4.3895176020687385],[115.3256550336181,4.390381135507818],[115.32453844788381,4.391556856687794],[115.32182830467498,4.391767923999631],[115.31993943795688,4.392385067502312],[115.31911037671665,4.393286765762021],[115.31710261594824,4.394267022344734],[115.31463088317331,4.39340622573901],[115.31369436285391,4.393375544452216],[115.31270278924518,4.393893252311872],[115.31024036080827,4.39500674637279],[115.30972057405444,4.394945690088016],[115.30833156866612,4.395750014235953],[115.307534639992,4.396446631635925],[115.30729343398964,4.397099804032728],[115.30623518925937,4.397647413056704],[115.30535330871514,4.398526133605583],[115.30525944552834,4.399159141857221],[115.30403891732367,4.399684183484836],[115.30199681864619,4.400147085653741],[115.30156011091695,4.400662219531363],[115.30067022961246,4.402098381735256],[115.3004430231814,4.403363273309178],[115.29954367998498,4.405377051307445],[115.29928096975704,4.406742830592262],[115.29921111502067,4.408439029667089],[115.29987066741734,4.409199906652689],[115.29980413556557,4.410392582741886],[115.29891578693031,4.411933742138806],[115.2968714749264,4.413545204115634],[115.29577198651172,4.415787986224965],[115.29514624218972,4.416436486960696],[115.29405289796253,4.41690569624116],[115.2931177531258,4.417967475845151],[115.29223226030797,4.419180749805284],[115.29141230143713,4.41959813598772],[115.291011424432,4.420937366400422],[115.28948421625606,4.421817764893132],[115.2881296888536,4.4220281507528805],[115.2873622533672,4.422895762892013],[115.28709338581344,4.42388376504788],[115.28620938787749,4.424481556623584],[115.28520485315725,4.425453840130859],[115.2843896629075,4.4269038178225975],[115.28349030634328,4.428027318102341],[115.28302142628156,4.429128463829302],[115.2818637178048,4.429724059850731],[115.28160331760755,4.430285487683756],[115.28156412321034,4.431546347067203],[115.28113437251731,4.432125660012678],[115.28026570931632,4.4328386054604305],[115.27990271060143,4.433538332815636],[115.27939448919699,4.434021692135763],[115.27824870948379,4.434453443095168],[115.27824155787097,4.436866098650317],[115.27777138857459,4.437635128237494],[115.27684129510794,4.438408979225057],[115.27593973376501,4.438946842635979],[115.27624277794159,4.4398532812607545],[115.27626195629077,4.440883746131925],[115.27609941103634,4.441722760201422],[115.27519788279824,4.443078699496886],[115.27460280355643,4.445564377516305],[115.27383201502575,4.446817189260594],[115.27256778826059,4.447649394549815],[115.27258119333585,4.44870484413508],[115.27301487970783,4.449731106197841],[115.2729953822722,4.450909767311099],[115.27428028982683,4.452463977823816],[115.27470325614809,4.453414121523995],[115.27532794170965,4.454324831184081],[115.27598392007134,4.454887666628846],[115.2765703426805,4.457045118328387],[115.27696458928395,4.458884893262095],[115.2775842914642,4.459685005360983],[115.27698825196323,4.46061620201416],[115.2767285356582,4.461676429983982],[115.27641377083727,4.4620835687985005],[115.27631541125062,4.4635867606689805],[115.27663129011157,4.46455157834064],[115.27774924749532,4.465930826873827],[115.2776687860608,4.467297924653834],[115.27723276342383,4.467767093822222],[115.27739209822867,4.468249044701014],[115.27859423085997,4.468971991212521],[115.27876167030703,4.469653254308692],[115.27823458573171,4.470338463062983],[115.27845035719291,4.471053380223475],[115.27903075757425,4.471443642776124],[115.27984736680953,4.47160992707162],[115.28073225350379,4.47307837453685],[115.2805136417781,4.473763559943185],[115.27908568683448,4.474610650834213],[115.2779470945356,4.4757854680445135],[115.27677764087144,4.476368431346752],[115.27605605935148,4.477175534172732],[115.27529096762606,4.479250199641288],[115.27482901774394,4.480058539956259],[115.27415379021183,4.481810895300757],[115.2734232033995,4.482368851733118],[115.27321951493937,4.482818822429285],[115.27401479633868,4.48536633470212],[115.2741772432592,4.486468456846853],[115.27404039419662,4.488855973624918],[115.27451564484674,4.491650643770702],[115.27506222382044,4.493419774119808],[115.27482081731765,4.494235369280824],[115.27562586034003,4.495119380907583],[115.27582952237842,4.496051316255052],[115.27587797467748,4.4973814079401055],[115.27666372838378,4.498262954658931],[115.27693225227216,4.500627123210606],[115.27752396408175,4.502413454087168],[115.27746058909221,4.502887614287721],[115.27692139202618,4.503948298660894],[115.27709600924017,4.504518289411971],[115.27659212906417,4.50537435129528],[115.2766713224771,4.50584754515287],[115.27736618344281,4.506662037345838],[115.2778833691218,4.507766498575392],[115.2769640596064,4.508909499393265],[115.2764791713496,4.510391098672888],[115.27621740696722,4.510503647765081],[115.27435489900311,4.510011625491942],[115.2725201224885,4.5102448637300725],[115.27181930792253,4.510085664186557],[115.27077577671997,4.509172656736711],[115.26974516678894,4.508926451586709],[115.26899461085712,4.509148741905565],[115.26827049903095,4.511180918472372],[115.2683369767087,4.511830255048591],[115.26877839675319,4.512565436546039],[115.26977012663265,4.5137620840946955],[115.27027860861149,4.516050493118988],[115.27002900563156,4.518562075953086],[115.270182016639,4.519772640618666],[115.26954300704226,4.520965408899677],[115.26869083103071,4.5220891289051925],[115.26882486180328,4.523506650213856],[115.26822156823344,4.524607150455948],[115.26845160369533,4.52546130975778],[115.26837189179166,4.526013026974788],[115.26753142268262,4.526946202489045],[115.26742974969078,4.527817094940694],[115.26692997634393,4.52872615751329],[115.26699185276776,4.529019598318923],[115.26957109649743,4.531393860338951],[115.26995766433475,4.531913380709299],[115.26980644320648,4.533106376800263],[115.27010574907206,4.5341134795186715],[115.2720083833216,4.53503958458633],[115.27225879665536,4.5353813816494],[115.27180107776663,4.535996418516547],[115.27122552086391,4.537130937356895],[115.27112503315588,4.537637967823959],[115.2718734190304,4.538771676257005],[115.2708743228479,4.5401249164392645],[115.27034822669758,4.541154004163364],[115.2697256467199,4.543646002309233],[115.26907538220831,4.544848135716706],[115.26844444512629,4.546892462234132],[115.26936283932687,4.547274128283892],[115.26988885281014,4.548988425999712],[115.27162727675731,4.549758177143877],[115.2722797663442,4.549750501044766],[115.27276581919473,4.550281568520401],[115.27309483529348,4.551941489775303],[115.27325626482387,4.5552346286351995],[115.27352967463551,4.556691972347351],[115.2742883348541,4.55761829606472],[115.27455941780346,4.559332964632885],[115.27522418952569,4.560796050661254],[115.27561115026272,4.562602825051],[115.27561874776602,4.563849574579616],[115.27449637950548,4.5659755163500995],[115.27468319190874,4.566687886818033]]]},"properties":{"id":7,"name":"MUKIM AMO","length":151868.859375,"district":"Temburong","displayName":"Amo"},"id":7},{"type":"Feature","geometry":{"type":"Polygon","coordinates":[[[114.53866928985943,4.660626369074338],[114.5383494124032,4.660899819438845],[114.53708826993862,4.6613878267462825],[114.53417639154034,4.661162347213983],[114.53348987836999,4.661232830078987],[114.53284050869239,4.661721198573275],[114.53261633242279,4.662162947428759],[114.53126768211864,4.663873193497604],[114.5310891589995,4.664971329041932],[114.53122604268727,4.665831240653674],[114.53239273765647,4.669292714014885],[114.53233879537967,4.670639502046202],[114.53184471316877,4.671488072629176],[114.5313163340332,4.671930899828677],[114.5300211050002,4.672316679912211],[114.52821998927269,4.67356405339527],[114.52728774239282,4.674889686770569],[114.52618709969497,4.676882157845446],[114.52618924539044,4.677923009582614],[114.52638186335264,4.678986818772272],[114.52604683436051,4.680130010818591],[114.52551764504346,4.6804812702577605],[114.52467301954144,4.680630159658105],[114.52372748264987,4.681400205144189],[114.52296503756938,4.683257259564188],[114.52281958816079,4.684083145206021],[114.52304701079865,4.68510192755264],[114.5230262076247,4.6859845735163645],[114.52276832666843,4.686901191598666],[114.5222172152142,4.687490462489945],[114.52085627067007,4.688397526819293],[114.52054157402688,4.689347919227076],[114.52080320667623,4.690308674938789],[114.52162334328828,4.69113768819386],[114.52294615522784,4.691597143971952],[114.52390428812522,4.69176561498628],[114.52424210909365,4.692127319257856],[114.5244012830664,4.6928964514281954],[114.52407718500567,4.694130893023081],[114.52386574784713,4.695794606688545],[114.52400315414029,4.696642359560194],[114.52527814837904,4.699073705073561],[114.52528274653187,4.700624657937045],[114.52549899356936,4.701676810824992],[114.52600411440102,4.703329038729263],[114.52588618688914,4.70405322831899],[114.52471650139957,4.706055754076678],[114.52420327562089,4.707749237701361],[114.52386593038821,4.708224057798394],[114.52271610265282,4.708655494740632],[114.52101302558167,4.707989031341493],[114.51926564538985,4.7076174405986055],[114.51843695815357,4.707951230893212],[114.51682566358495,4.706719454047329],[114.51475392413862,4.705308698086305],[114.51354758029359,4.7043631178383825],[114.5115012819086,4.702982810821081],[114.50910768950936,4.701276421202002],[114.50769029268639,4.700404578734316],[114.50589091956115,4.699083528853267],[114.50456512443395,4.698340028595525],[114.50347528600243,4.69756229003719],[114.50067694834833,4.695960644393602],[114.49806314859447,4.694263550885979],[114.49666940212943,4.693596241182765],[114.49478533711294,4.692409063490897],[114.49400645829155,4.692058377172663],[114.49230741832291,4.690963974956789],[114.48967779904048,4.6894525782771925],[114.48808827546846,4.688444645558287],[114.48769029401646,4.688343366401544],[114.48565405653783,4.686897972439721],[114.48547883948103,4.687110945034187],[114.48324628379484,4.6859952920566865],[114.48020462566045,4.683716227976841],[114.47965905729095,4.683173888392609],[114.4770259348348,4.6818161998883125],[114.47448234460809,4.680660623980422],[114.47331833825587,4.679714033978884],[114.47124735384382,4.678764108806682],[114.4693589123386,4.677820498538353],[114.46684157991515,4.6767931383897405],[114.46597720570665,4.676260079083425],[114.46334652471718,4.674958020684023],[114.46192871668524,4.673883757595453],[114.46105399637914,4.673489766597461],[114.45821937642938,4.671728130673239],[114.45683573803143,4.6712424454960795],[114.45589971997231,4.670666033937655],[114.45429050336827,4.669855356684781],[114.45311115971734,4.669065912059327],[114.45094959063543,4.66791382027483],[114.44952415207027,4.66737764404108],[114.44885810762644,4.667301612394134],[114.44794268894493,4.666846388402936],[114.44544739823573,4.665819755042964],[114.44287220926121,4.664379301867485],[114.44052883074298,4.663722495284412],[114.43824097335177,4.662515299385796],[114.4361124059233,4.661251177899994],[114.43437965538891,4.660359100271556],[114.4342787764323,4.661018678842743],[114.43290805456581,4.66027603758638],[114.43189784757605,4.659980142347797],[114.42986404582666,4.65876183234387],[114.42902032265579,4.65835953449332],[114.42715990336995,4.657997086487507],[114.42507263376811,4.657244355668561],[114.42380691274026,4.656586502498599],[114.42296638573289,4.656335389487773],[114.4216549485067,4.6556386446590325],[114.4202462590129,4.655251598887924],[114.41944608001415,4.6549144652111325],[114.41811036242548,4.654646495243615],[114.41571954352027,4.653918238833],[114.41389934225028,4.652953994300886],[114.41208306171292,4.652204795150998],[114.41078470611868,4.652009918427644],[114.4092389272175,4.651532477790063],[114.40728454458348,4.650799660334839],[114.40841782242016,4.648286782915766],[114.40900551652467,4.646524181961968],[114.41248508433205,4.624116718033131],[114.4375242214101,4.599449763124791],[114.43769649906797,4.554705418495881],[114.4750541876791,4.5537283762317315],[114.5107830899731,4.5976293658817085],[114.51540940638998,4.6035864513353655],[114.54732047732493,4.644475512132526],[114.54668194183246,4.646257047748685],[114.54604246914433,4.647287741022938],[114.54504021883145,4.648104326621007],[114.54287915398173,4.649113892130443],[114.54244122273721,4.649668692023729],[114.54255505400396,4.650755324398404],[114.54194931171655,4.651977816031797],[114.5403405608289,4.6530890681679375],[114.53981697490742,4.6536347642633205],[114.5399045584426,4.655024708070747],[114.54049211101525,4.656313567447995],[114.54062876689012,4.657083893086695],[114.54018173035715,4.65867929348566],[114.53901265451313,4.660332841926752],[114.53866928985943,4.660626369074338]]]},"properties":{"id":8,"name":"MUKIM LIANG","length":53052.36328125,"district":"Belait","displayName":"Liang"},"id":8},{"type":"Feature","geometry":{"type":"Polygon","coordinates":[[[115.24716700815843,4.6970765273233805],[115.21821919287659,4.697178507693287],[115.19740984103382,4.7186622188870215],[115.19161929182135,4.718891743841622],[115.17790022932608,4.718913457025506],[115.16787039183058,4.719094377817687],[115.1631956403283,4.7190615261517435],[115.15754782102279,4.71917866197503],[115.1563309637214,4.719378403217898],[115.15531003978583,4.719870280863093],[115.15387540830855,4.721477415403941],[115.1531089487341,4.722576075662246],[115.15269123447003,4.72367269439678],[115.1516393425287,4.725668265773688],[115.15111618893884,4.727407379413608],[115.15036489096178,4.728328492045357],[115.14987325182898,4.729392575181215],[115.14980786516715,4.730215252922804],[115.15049188316812,4.730555467371204],[115.15122872384329,4.731186893895104],[115.15099310675839,4.732318500192919],[115.15140582876377,4.73307114788589],[115.15101424833306,4.733569348383005],[115.15033420160428,4.7339034766400445],[115.14940959458407,4.733728853263494],[115.14833161426925,4.733184508723805],[115.14749656371926,4.733666976271871],[115.14769045147375,4.7350195487022635],[115.14763378966988,4.736256813305439],[115.14724142326921,4.7371902632596745],[115.14765473334457,4.73811644465676],[115.14726232262969,4.73887070852933],[115.14723427441562,4.739573422014722],[115.14645767785586,4.7396828991772955],[115.14575631301261,4.7393794816643915],[115.14551487756204,4.739960826074402],[115.14557820759784,4.740694315820681],[115.14423854604499,4.740744659168861],[115.14419440325098,4.741187409285805],[115.1453394566646,4.7420698386199085],[115.14564530688259,4.742542485234924],[115.1464532145468,4.7428602377410645],[115.14707955324239,4.743469150231173],[115.14740221388885,4.74424697661982],[115.14749612664687,4.745026149122745],[115.14819648825126,4.7466952347128],[115.14803135677776,4.7475142928044445],[115.14827175691153,4.749457397214589],[115.14784248999032,4.750144518851442],[115.14648960841033,4.75095574942352],[115.14532678282622,4.751320906754403],[115.14462131120307,4.751972786846538],[115.14324845852991,4.753879547582633],[115.1425520510882,4.753713467317746],[115.14278577820637,4.752015203908404],[115.14252063051983,4.7515831166511795],[115.1419251504514,4.751781099849291],[115.14173294627902,4.751287930076291],[115.14193090567257,4.750350055243652],[115.14167263130047,4.749883657060239],[115.14065725103012,4.749348148731068],[115.14024031065546,4.748916805359949],[115.13960997365528,4.748770266303174],[115.13853979504245,4.750818222408886],[115.13795709401944,4.7514573920761585],[115.13737268429026,4.752375335515601],[115.13664387659084,4.754029195877737],[115.13622243099756,4.754617371230563],[115.13551850948036,4.754625065949654],[115.13483532145614,4.753716729150727],[115.13327137529481,4.752954742134886],[115.1327588361683,4.752425485414518],[115.13263003658547,4.75111171373561],[115.13279086282026,4.749358893441487],[115.13268863398383,4.7480768896903935],[115.1323891517248,4.747159286595803],[115.13197765439938,4.746770399281454],[115.13101419240168,4.746717905196197],[115.12910660474842,4.747642976344334],[115.12860112894437,4.747443430428998],[115.11853013207457,4.7418231362898],[115.1055657072569,4.7452197869496695],[115.10155713115711,4.7617364095929515],[115.094589668226,4.766061336576123],[115.09441490149293,4.765428979289644],[115.09380489503604,4.764361035470575],[115.09283850959523,4.763032026565069],[115.09162239358083,4.7620709984632414],[115.08698097033098,4.759264636358287],[115.08615202062217,4.758386234813421],[115.08570936606128,4.7573282166686734],[115.08583210353062,4.756499099956191],[115.08668569514901,4.75534236320494],[115.08743711582494,4.754909775629531],[115.08876438301263,4.754706052064446],[115.0903038271657,4.755424737328084],[115.09170581682528,4.755682318695686],[115.09253084427523,4.755375360416101],[115.09295666239906,4.754503271836917],[115.09281837078073,4.753790414314957],[115.09232471283416,4.753120698431702],[115.09057555968798,4.752224385316076],[115.0884398115814,4.751413272153738],[115.08742262803594,4.75052500478074],[115.08734738905103,4.749906346940345],[115.08774142586061,4.748908484360796],[115.08851444386156,4.748685622496659],[115.09275361363845,4.74870896680176],[115.0939530792283,4.748514475565419],[115.09469236291986,4.748182502983],[115.09522546902011,4.747706623159899],[115.09539659297954,4.746134601410831],[115.09491987282273,4.744906113903188],[115.0946218226217,4.742549926319025],[115.0943345976045,4.741226487837859],[115.09404486099302,4.739145617095763],[115.09413268098334,4.737252844682193],[115.094317663196,4.736117190613135],[115.0933996701366,4.733485005848525],[115.09384177920033,4.733386976490224],[115.0918946733791,4.730589992559532],[115.09179594479203,4.729360039569916],[115.09065647276077,4.726903837582859],[115.08924809404442,4.724017520852409],[115.09308274590438,4.721726023975537],[115.08894596546062,4.718511635036814],[115.08916909834998,4.717305071061738],[115.08694575288645,4.715798020224314],[115.08706885380187,4.711972911467194],[115.08661512092097,4.709529961369543],[115.08658791027335,4.708797757352577],[115.0868127592265,4.70552159248614],[115.0841627835565,4.704803380993163],[115.08422169690374,4.699964720836357],[115.08182492960988,4.6924202331858975],[115.07981666379001,4.685827776691633],[115.08496223160127,4.6783859620513235],[115.09073880252477,4.68134761368811],[115.13065515579017,4.681382950526439],[115.1456545246513,4.681331965738017],[115.16290158839067,4.663863922374367],[115.18491151515293,4.663884133955706],[115.19989846697986,4.648761472125636],[115.17131229230509,4.606956521609404],[115.18145202359412,4.590344040998171],[115.21832627587969,4.558147310328953],[115.21954655834703,4.559584973444151],[115.22101385424632,4.560461522897068],[115.22253692648327,4.561564950844407],[115.22298621040989,4.561660598925151],[115.22444814729027,4.561388357821939],[115.22787150664476,4.559028703132923],[115.23223868766422,4.559169872164837],[115.23463154855563,4.55755659779864],[115.23594517591579,4.556599461713303],[115.23831337190981,4.555986801643095],[115.24049562743123,4.556479906525047],[115.24687904448915,4.559554415160514],[115.24814090003574,4.560371561584755],[115.25042015364689,4.561369369450994],[115.25239955768069,4.562794456212845],[115.25296315279307,4.5630372155522725],[115.25301729900828,4.56911289822672],[115.25725756353025,4.570300138599742],[115.2597328083716,4.571751420309985],[115.26332102244959,4.571893497489281],[115.26457040259655,4.572358495944324],[115.26845678333876,4.568744912944858],[115.27078948305827,4.56685814531471],[115.27312830305283,4.566693463573249],[115.27468319190874,4.566687886818033],[115.27586356913238,4.567853932098742],[115.2768244117593,4.569010793785268],[115.27723170217278,4.569212107283377],[115.27941648725913,4.5688990090638475],[115.28093479905098,4.569428530167501],[115.28268529110636,4.56953004465366],[115.28303244884694,4.569676037164921],[115.2834853916697,4.570545567180756],[115.2833684693259,4.57119393189936],[115.28400359793378,4.571543564423954],[115.28531490339279,4.57280714542182],[115.2862863063829,4.573936823480574],[115.28625698500285,4.575591155659218],[115.28663109335716,4.577348677518372],[115.28683707392788,4.57932269716024],[115.28592104094899,4.580622786920871],[115.28589978661824,4.581786157994895],[115.2863460978724,4.582814710889077],[115.2875084028305,4.583916926547849],[115.287694484318,4.584862845220162],[115.28902231254207,4.586026238477466],[115.2893173180328,4.586606277740197],[115.2878821578707,4.587739472948123],[115.28649513208852,4.589782178057238],[115.28603451871416,4.59113181604709],[115.28634236022107,4.592756442751172],[115.28592469405402,4.593463410201687],[115.28522383317451,4.593918787671954],[115.28475158571622,4.5945616460268965],[115.28487924679368,4.597017198838065],[115.28571939146424,4.59780393073226],[115.28639408111549,4.599203475938503],[115.28714826430776,4.60113029322897],[115.28756678895832,4.601669641805435],[115.2883385502813,4.603141822671428],[115.28869983267857,4.604635380398044],[115.28975117511006,4.606077883085641],[115.29008731969456,4.606868418139871],[115.29020327604283,4.608290233174514],[115.28987110683582,4.609264878410526],[115.28982734113077,4.61133982267532],[115.28972142151336,4.6125452810467555],[115.28994326161285,4.614514260615097],[115.28977166369533,4.614745603108019],[115.28861130044942,4.6152325735267565],[115.28819587756973,4.61631813129983],[115.28834697146613,4.617333726648074],[115.28801151915894,4.61829942814183],[115.28652046080042,4.619496305118245],[115.28583079983775,4.619687906621305],[115.28515216056785,4.620492043635474],[115.28643517922703,4.623349794212586],[115.28657525403221,4.624208055855378],[115.28625740109045,4.625534925875572],[115.28636071323622,4.626446769828409],[115.28678897716887,4.62761421529743],[115.28615607863767,4.6290119505464],[115.28594551292744,4.629867222677653],[115.28577108998262,4.6333699243067885],[115.28544805856119,4.633728430069874],[115.28394211759833,4.6342014405637295],[115.28296556992375,4.634022977948936],[115.28208471306458,4.634239682339313],[115.28156046370773,4.634715489965851],[115.28126229480328,4.635600919600327],[115.28187387759213,4.637471178973261],[115.28165315147272,4.638032270290235],[115.28107509903576,4.63843618876807],[115.28061940446315,4.639786611880576],[115.28033982198977,4.640223102240944],[115.27933371938084,4.6409351602658475],[115.27760115093702,4.641052168912698],[115.27647504319486,4.64168035807511],[115.27557233943156,4.641864573877002],[115.27382731733678,4.643169234066041],[115.27256082783238,4.644498495395696],[115.27127574084867,4.645237226837733],[115.27017169753788,4.645304033713035],[115.26941261910814,4.645956855965996],[115.26903166443682,4.646989185225808],[115.26846645047142,4.648016743213697],[115.26676094948513,4.649137464569028],[115.26560920049384,4.6507247905779305],[115.26481185166853,4.651162307293488],[115.26401499139423,4.651178626317936],[115.26234919222267,4.650684868811448],[115.26183599236768,4.650190164382953],[115.26032606736891,4.650416226950886],[115.25833764511022,4.65037528446182],[115.257653322513,4.6502505569807076],[115.2563155782125,4.650353629857312],[115.25575990604365,4.6500824692887015],[115.25680522736411,4.653367542182212],[115.25701722758494,4.654717016907927],[115.25753336301774,4.655685818928397],[115.2589556604939,4.6576962863243],[115.26029253240515,4.658998701839239],[115.26158203992765,4.659575296668961],[115.26238449690494,4.659788053064458],[115.26261178826971,4.661150946635235],[115.2629050169322,4.6616609056673495],[115.26290160189787,4.66331774935203],[115.26319638144302,4.663604037639928],[115.2640502181498,4.665036237742276],[115.26411348018071,4.665336917109138],[115.26498819875462,4.6663782338940765],[115.26590243723648,4.6672769637350005],[115.26737584511086,4.668309629822865],[115.26790732874393,4.668516564393051],[115.26819550111426,4.669810231435369],[115.26810527331241,4.670496927084763],[115.26714330873439,4.670877718090171],[115.26564662508486,4.670966242145979],[115.26547253599581,4.671111301727602],[115.26604240153326,4.672990397134295],[115.26687096457925,4.675044752261544],[115.26805750121362,4.6764428371850295],[115.26851106833419,4.677222556114953],[115.26819025776143,4.678265517380731],[115.26819969253411,4.6795530334478785],[115.26845745243068,4.680835228493723],[115.26867494764785,4.681160317896516],[115.2706769982964,4.683086386525062],[115.27059830383506,4.683670299075116],[115.27011473874789,4.684166659077595],[115.26768602338132,4.685946482507835],[115.26716333654646,4.686443797270462],[115.26610150091294,4.686839657853683],[115.26576166140623,4.687729292879764],[115.26544886614276,4.687933633338049],[115.26310178014984,4.688307483748859],[115.26252729441681,4.688535908982991],[115.26090959595372,4.689813571989233],[115.25977779551083,4.690844401959041],[115.25882720820712,4.69203620515157],[115.25832940675159,4.692283437000001],[115.2564518023434,4.691976459690558],[115.25499921505826,4.692227626996227],[115.25436632093847,4.6919994250547985],[115.25292258869854,4.692154687911698],[115.25204533951437,4.69236744883556],[115.2510404868822,4.692923982121472],[115.25008824632408,4.693906495428601],[115.24930544604074,4.69567561899992],[115.24871844612305,4.696371488229894],[115.24808924219435,4.696833349469878],[115.24716700815843,4.6970765273233805]]]},"properties":{"id":9,"name":"MUKIM BATU APOI","length":95851.1640625,"district":"Temburong","displayName":"Batu Apoi"},"id":9},{"type":"Feature","geometry":{"type":"Polygon","coordinates":[[[114.62551338897939,4.766801435987115],[114.6139034102893,4.781696090378474],[114.61277757969238,4.7831617214890025],[114.61118374334823,4.781370332722498],[114.61095882238301,4.780698900759708],[114.61088127202052,4.779728068299201],[114.6113953877605,4.777113108539625],[114.61116805114303,4.775545820428837],[114.61000855647661,4.77407508111931],[114.60871130287241,4.773083472923386],[114.6079875452033,4.772781831968511],[114.60600849758632,4.772607755381141],[114.60133094611137,4.771838654271744],[114.59917484624498,4.77120068507354],[114.5964885187645,4.770023635896254],[114.59582046160149,4.769095002464138],[114.59412968005431,4.769623264519622],[114.59377086829066,4.769265228251372],[114.58959927783864,4.766542005423681],[114.58887364191246,4.766211518584271],[114.58757209287648,4.765337233008836],[114.58683595994404,4.764581252507045],[114.58629068109698,4.763772759334715],[114.58471823070353,4.761874461062055],[114.58342477451886,4.760436624914156],[114.5818594070369,4.758864994530856],[114.58044141322354,4.7576270073730615],[114.5796255459076,4.756755933750562],[114.57922733358228,4.7565846077464355],[114.57848256811145,4.755755163305438],[114.57439620598767,4.752343132996683],[114.5725078653289,4.750703389547037],[114.57193840050763,4.750113689534107],[114.56920102787456,4.748044947787451],[114.56726477629459,4.746175842777683],[114.56528420872098,4.744588894247897],[114.56408231293709,4.743452613640096],[114.56084940776844,4.740819377884043],[114.55943661407943,4.739606214313666],[114.55740767044227,4.738036334724891],[114.55509449658375,4.736139376239571],[114.55500903727678,4.735991519904217],[114.55190637957415,4.733591338611858],[114.54983754007641,4.731834176683301],[114.54795864115529,4.730319835538733],[114.54737193333672,4.7300184312146865],[114.54594939481792,4.728939797027321],[114.5445300323268,4.727996513241895],[114.5429927926354,4.7267870430981604],[114.54203849842845,4.726164707979582],[114.53842567661782,4.7234004120074635],[114.53776656771178,4.722767405694084],[114.53652882403503,4.72189796580938],[114.53567199183911,4.721056347060301],[114.53430712712948,4.720046214093859],[114.5329378413742,4.7188506972205815],[114.53149035491569,4.717912274909937],[114.52982245284193,4.716702844397578],[114.52856960721414,4.715651996132358],[114.52633149634269,4.713972656735248],[114.5229223896239,4.7115138342449],[114.52095210527466,4.709914605074286],[114.51908732317382,4.708589228806686],[114.51843695815357,4.707951230893212],[114.51926564538985,4.7076174405986055],[114.52101302558167,4.707989031341493],[114.52271610265282,4.708655494740632],[114.52386593038821,4.708224057798394],[114.52420327562089,4.707749237701361],[114.52471650139957,4.706055754076678],[114.52588618688914,4.70405322831899],[114.52600411440102,4.703329038729263],[114.52549899356936,4.701676810824992],[114.52528274653187,4.700624657937045],[114.52527814837904,4.699073705073561],[114.52400315414029,4.696642359560194],[114.52386574784713,4.695794606688545],[114.52407718500567,4.694130893023081],[114.5244012830664,4.6928964514281954],[114.52424210909365,4.692127319257856],[114.52390428812522,4.69176561498628],[114.52294615522784,4.691597143971952],[114.52162334328828,4.69113768819386],[114.52080320667623,4.690308674938789],[114.52054157402688,4.689347919227076],[114.52085627067007,4.688397526819293],[114.5222172152142,4.687490462489945],[114.52276832666843,4.686901191598666],[114.5230262076247,4.6859845735163645],[114.52304701079865,4.68510192755264],[114.52281958816079,4.684083145206021],[114.52296503756938,4.683257259564188],[114.52372748264987,4.681400205144189],[114.52467301954144,4.680630159658105],[114.52551764504346,4.6804812702577605],[114.52604683436051,4.680130010818591],[114.52638186335264,4.678986818772272],[114.52618924539044,4.677923009582614],[114.52618709969497,4.676882157845446],[114.52728774239282,4.674889686770569],[114.52821998927269,4.67356405339527],[114.5300211050002,4.672316679912211],[114.5313163340332,4.671930899828677],[114.53184471316877,4.671488072629176],[114.53233879537967,4.670639502046202],[114.53239273765647,4.669292714014885],[114.53122604268727,4.665831240653674],[114.5310891589995,4.664971329041932],[114.53126768211864,4.663873193497604],[114.53261633242279,4.662162947428759],[114.53284050869239,4.661721198573275],[114.53348987836999,4.661232830078987],[114.53417639154034,4.661162347213983],[114.53708826993862,4.6613878267462825],[114.5383494124032,4.660899819438845],[114.53866928985943,4.660626369074338],[114.54780990958922,4.6630141750446805],[114.54934033865567,4.663814433580163],[114.55226382229056,4.66416135281779],[114.55941079229609,4.666699991943157],[114.56131354489123,4.668115333939271],[114.56317795473433,4.6690893340228214],[114.5652646528136,4.671885873674738],[114.56783049022579,4.676911227688861],[114.56950702355091,4.678616552339332],[114.57206692872774,4.679276949843161],[114.57400490654051,4.680785151718588],[114.57609242067925,4.6836511842600235],[114.57763867989601,4.6848693360350335],[114.5802323206385,4.685494857249508],[114.58533539887792,4.687694837311769],[114.59732992064691,4.711442055282297],[114.61360946005634,4.711172337055543],[114.6146848858782,4.71177843779502],[114.6157728732017,4.712653548187622],[114.61682613185364,4.713809671663375],[114.61735357176455,4.714686309260649],[114.61767578525507,4.717373924599654],[114.6178885383394,4.7183376183017245],[114.61887375699025,4.720161172617609],[114.61922980328919,4.722443143624589],[114.61961744037383,4.72328511378291],[114.62126664478338,4.724808415597743],[114.62217858643287,4.725367752515746],[114.62372076740509,4.7260661104374275],[114.62585797752864,4.726797881398757],[114.62743603980022,4.727636308151307],[114.63121649268788,4.727485483995315],[114.6326872145336,4.7277976931130485],[114.63342424463376,4.728462917117818],[114.63490080263666,4.730706759400591],[114.63522434321196,4.731589599589065],[114.63545331037207,4.734150567906679],[114.63603331153641,4.735076225102974],[114.63687601330892,4.736057399298383],[114.63740166015086,4.736266781248595],[114.63803420329843,4.737037987132557],[114.63687917981842,4.737216382325067],[114.6352008945665,4.738064308103053],[114.63401178793876,4.738348491013369],[114.62984902144566,4.741292856354898],[114.626495495813,4.743287102217476],[114.62585780536614,4.744972646880832],[114.6251430966944,4.746305131925117],[114.62400247414588,4.746814685989152],[114.62262438261894,4.748292634758561],[114.62203826246152,4.748397020498559],[114.6213209878398,4.749179821648188],[114.62132562886535,4.75070620127175],[114.62026759263027,4.751755875709898],[114.61978920268214,4.7525643159675495],[114.61939722839372,4.7528293410275815],[114.61827443140854,4.753059053207336],[114.6174000377775,4.753476308476088],[114.61626411307114,4.752603309103732],[114.61593882645549,4.7527347592172635],[114.61566423545511,4.753489511397951],[114.61567636101336,4.754223135449945],[114.61496411633757,4.754406082395612],[114.61431542174972,4.754939685449217],[114.61396903111441,4.755528598953405],[114.6146710004203,4.75774994757144],[114.6157039380671,4.758675444656873],[114.61610075079305,4.759325488958342],[114.6185766524202,4.760433225357166],[114.61934378316454,4.761181745769576],[114.62040553277181,4.761705639472881],[114.62143682506161,4.7634640496786185],[114.62281024395466,4.764649528389377],[114.62420049916298,4.766015259669934],[114.62551338897939,4.766801435987115]]]},"properties":{"id":10,"name":"MUKIM TELISAI","length":44890.234375,"district":"Tutong","displayName":"Telisai"},"id":10},{"type":"Feature","geometry":{"type":"Polygon","coordinates":[[[114.69134331365315,4.768767764622292],[114.67474576605234,4.785477609028225],[114.67396768437717,4.786091350794913],[114.67273513078389,4.78678435336665],[114.67156169930249,4.786959777337015],[114.66799018794951,4.7866692640756066],[114.66292706826978,4.787772523116436],[114.6618684060719,4.7883187401097445],[114.66057508913103,4.788150047087047],[114.6596136422419,4.788477763959525],[114.65949568096649,4.788932909140978],[114.65796449123354,4.78971874950708],[114.65602984821983,4.7901915335967],[114.65499580356963,4.789932134113834],[114.65439841478917,4.789554207090032],[114.65171523658346,4.78751977202169],[114.64900298187241,4.785569223742908],[114.64969404074412,4.784632154906807],[114.63310519073225,4.771176170477712],[114.62629114490018,4.765803611623756],[114.62551338897939,4.766801435987115],[114.62420049916298,4.766015259669934],[114.62281024395466,4.764649528389377],[114.62143682506161,4.7634640496786185],[114.62040553277181,4.761705639472881],[114.61934378316454,4.761181745769576],[114.6185766524202,4.760433225357166],[114.61610075079305,4.759325488958342],[114.6157039380671,4.758675444656873],[114.6146710004203,4.75774994757144],[114.61396903111441,4.755528598953405],[114.61431542174972,4.754939685449217],[114.61496411633757,4.754406082395612],[114.61567636101336,4.754223135449945],[114.61566423545511,4.753489511397951],[114.61593882645549,4.7527347592172635],[114.61626411307114,4.752603309103732],[114.6174000377775,4.753476308476088],[114.61827443140854,4.753059053207336],[114.61939722839372,4.7528293410275815],[114.61978920268214,4.7525643159675495],[114.62026759263027,4.751755875709898],[114.62132562886535,4.75070620127175],[114.6213209878398,4.749179821648188],[114.62203826246152,4.748397020498559],[114.62262438261894,4.748292634758561],[114.62400247414588,4.746814685989152],[114.6251430966944,4.746305131925117],[114.62585780536614,4.744972646880832],[114.626495495813,4.743287102217476],[114.62984902144566,4.741292856354898],[114.63401178793876,4.738348491013369],[114.6352008945665,4.738064308103053],[114.63687917981842,4.737216382325067],[114.63803420329843,4.737037987132557],[114.63740166015086,4.736266781248595],[114.63687601330892,4.736057399298383],[114.63603331153641,4.735076225102974],[114.63545331037207,4.734150567906679],[114.63522434321196,4.731589599589065],[114.63490080263666,4.730706759400591],[114.63342424463376,4.728462917117818],[114.6326872145336,4.7277976931130485],[114.63121649268788,4.727485483995315],[114.62743603980022,4.727636308151307],[114.62585797752864,4.726797881398757],[114.62372076740509,4.7260661104374275],[114.62217858643287,4.725367752515746],[114.62126664478338,4.724808415597743],[114.61961744037383,4.72328511378291],[114.61922980328919,4.722443143624589],[114.61887375699025,4.720161172617609],[114.6178885383394,4.7183376183017245],[114.61767578525507,4.717373924599654],[114.61967057979126,4.7162922886781145],[114.6216907422142,4.715425929547395],[114.62660402288188,4.712563176520793],[114.62872775534532,4.71125591557461],[114.63010965751336,4.71020475860387],[114.63126532015558,4.709035238827373],[114.63261364069301,4.7072431535017065],[114.63591530887322,4.707566142713827],[114.64258602368729,4.7114699110021725],[114.6434310696234,4.713027474508943],[114.6469466640111,4.713921081165632],[114.6476101923368,4.713874308111116],[114.6480864627181,4.713339981488168],[114.64830867481123,4.712608525935047],[114.64903949272765,4.709182479719799],[114.65276655920262,4.70883390714963],[114.65432032614204,4.710112489518586],[114.6549884471023,4.710097915184333],[114.65688716308559,4.708926857931481],[114.65998641762877,4.706554670162387],[114.65679039916951,4.69795968273814],[114.66218300277248,4.692696777290774],[114.66962985117478,4.699710011647378],[114.67161145774479,4.701215052594245],[114.672151022779,4.701005295827087],[114.6727012571921,4.702611452569928],[114.67422458122329,4.703033898753041],[114.67497227509804,4.703585784404731],[114.67510760480981,4.7039522282530974],[114.67461942283713,4.704707386747224],[114.67413323154257,4.705062914629299],[114.67320118587892,4.70529759921595],[114.67333094350369,4.705729228971972],[114.674508705236,4.706512239696101],[114.67567108417131,4.706675122750937],[114.6939049805604,4.7180321664304214],[114.7115453968909,4.717953612189074],[114.70984854727936,4.754297102305495],[114.6918190109607,4.754527824093579],[114.69134331365315,4.768767764622292]]]},"properties":{"id":11,"name":"MUKIM TANJONG MAYA","length":40810,"district":"Tutong","displayName":"Tanjong Maya"},"id":11},{"type":"Feature","geometry":{"type":"Polygon","coordinates":[[[115.13544912675997,4.37339242723621],[115.1357203986394,4.4489372427992615],[115.11898867439535,4.467083911234551],[115.11907842408354,4.472832196657793],[115.12056392927622,4.47324546485602],[115.12116275246655,4.473946356368261],[115.12128237279103,4.474846437345197],[115.12090369225177,4.476128923499705],[115.11773183623558,4.481904652396829],[115.11672420771993,4.485759577111521],[115.11655911831136,4.487250205592504],[115.1165957600049,4.488599961997661],[115.11723151109507,4.489560473839284],[115.12467955958732,4.501337900829178],[115.12545886638,4.502270504208123],[115.12686481610889,4.5047956191211025],[115.12732611356995,4.506128667491514],[115.12746986588247,4.508501772424472],[115.12674443102614,4.513857678025986],[115.12660385710184,4.515766522605193],[115.12686603635291,4.517179667977167],[115.12748693645048,4.518068997671994],[115.12840906364026,4.518755782855915],[115.12936358039337,4.5190244336880605],[115.13109364892026,4.5186075948228295],[115.13299301768166,4.518286272516371],[115.13392889281167,4.518372398335911],[115.13505962387464,4.518116150218555],[115.13753855613017,4.518615882813067],[115.13870237241997,4.519313417842743],[115.13930597298352,4.519913376678498],[115.1410801841772,4.523212765412305],[115.14151235145798,4.523751976191367],[115.14378039462164,4.525340845243029],[115.14600254240587,4.526514953414142],[115.14716554449585,4.52746402719968],[115.1475007373753,4.528638085867631],[115.14789310658537,4.531386522494431],[115.14818513194263,4.532453892675252],[115.14941857291178,4.535561788415717],[115.15024464994337,4.537474392783304],[115.15178545038626,4.540355686535479],[115.15268894005355,4.542667387972971],[115.12132645600502,4.566271244478974],[115.11897315264439,4.568163260415317],[115.09599334116163,4.585457449371],[115.08858858986727,4.591019805896203],[115.08834834356396,4.596709184371346],[115.08797032853283,4.604681851106557],[115.08768537686967,4.6089550922782],[115.0798535539671,4.635583169170276],[115.0752413973983,4.651261106671123],[115.07743791498486,4.657943697754316],[115.07181943596983,4.6628905799873],[115.06913753121587,4.665547994291605],[115.06611246766643,4.668534103719673],[115.06234898341353,4.668139831553959],[115.05688768596616,4.667627625581383],[115.05064865354565,4.67634750261428],[115.05052763758731,4.682942214268042],[115.04726905750408,4.683832915576582],[115.04733976145538,4.685101722626407],[115.04653538921983,4.6855124805755635],[115.04570859800208,4.686245100563804],[115.04497268231516,4.68605914885039],[115.04488085775537,4.686687328587222],[115.04319969000983,4.686889045066997],[115.04324368835304,4.685986328334031],[115.04346082398203,4.685404829316791],[115.04160761917014,4.685622803623332],[115.04174101926195,4.684359068548852],[115.03700856610723,4.684847529775426],[115.0376773043074,4.684349558264058],[115.03944578594395,4.684129068757741],[115.04064865047799,4.683581674055221],[115.0410131009865,4.680672428927371],[115.04134213105654,4.678903132093998],[115.04202158338506,4.678063600490518],[115.04279725670868,4.677431407715299],[115.04334704544654,4.676745870788697],[115.04358096286896,4.675943702184607],[115.04346229234423,4.675486094086986],[115.04290331429645,4.674787275196765],[115.04168135109454,4.67414163496092],[115.04109863844899,4.672878808434704],[115.04104738951247,4.672198133649701],[115.04176920555376,4.671304830636487],[115.04302403302822,4.670417016216786],[115.04407006803149,4.669825177599829],[115.0450832890546,4.669039535881927],[115.04685668692007,4.667877423799474],[115.04697421677511,4.666933280192616],[115.04644534357963,4.6666205504976705],[115.0442961696942,4.667038745210728],[115.04212025228526,4.667300377046266],[115.03995197170653,4.667276542288692],[115.03898220653457,4.666678550680277],[115.0389893917069,4.666032774901609],[115.03997924020305,4.6651829129491125],[115.04095173015797,4.66470662987357],[115.04125287048824,4.663815515511084],[115.03999608247153,4.660825468591344],[115.03896308829293,4.659851536876848],[115.03889945549491,4.659353683209949],[115.03981174430278,4.65846644997135],[115.04134873966973,4.658095039407536],[115.04264430620078,4.658625576278091],[115.04356334256593,4.65840053122466],[115.04402576562504,4.65801726047876],[115.04425973829532,4.6574562072855565],[115.04359980924356,4.656755005327132],[115.04213968722041,4.656068813833445],[115.04126552613734,4.655263307868728],[115.04121557332508,4.654260382387809],[115.04142084858663,4.653356197692613],[115.04224866027226,4.652937542872272],[115.04449732224343,4.654212275065161],[115.04624908424144,4.654885023411453],[115.04749757474276,4.655242512238017],[115.04842652492597,4.654853004234497],[115.04853047360419,4.65438951042647],[115.04823556017642,4.6533721034384685],[115.04735744625526,4.652322967361436],[115.04701347066188,4.651407559808591],[115.04744429597162,4.650596328142955],[115.04833162889521,4.65052078982137],[115.04958405905896,4.650899336087437],[115.05089715436736,4.651057904545817],[115.05124199856381,4.650223619373908],[115.05121533347776,4.648324066841662],[115.0510586517083,4.647820367014574],[115.05001914602556,4.646508306768096],[115.04893876221448,4.646202455020832],[115.0477836941284,4.646599491418909],[115.04715417568126,4.6466531113606235],[115.0450388332327,4.64615077535425],[115.04442653034931,4.645540402167672],[115.04417236190183,4.644438838876099],[115.04443293029414,4.6435483968771765],[115.04566689378215,4.643686161338602],[115.04647721845383,4.643934930874872],[115.04726750143986,4.643731102997191],[115.04743699765217,4.642665592135122],[115.04727120996942,4.640668001434326],[115.04689506538793,4.640085071042464],[115.04649915906829,4.640131593677424],[115.04530946024623,4.640935275493448],[115.04430354749337,4.641213338692926],[115.04326582455117,4.641272182068242],[115.04293878167076,4.640571697934242],[115.04339914337142,4.639780629269551],[115.04285576389324,4.638660749756311],[115.0409190519949,4.63645515622733],[115.04076743060978,4.635841733228035],[115.04164171172539,4.634751756041762],[115.04105426351467,4.633909222829371],[115.04001668737266,4.633484559307038],[115.03917914497431,4.632927648526311],[115.03906506486541,4.631939398266043],[115.03948290666953,4.630768524285798],[115.0403236689542,4.6305143432335365],[115.04170678486807,4.6304862039743835],[115.04143909710884,4.629022281814431],[115.04226858204017,4.628489391902781],[115.04410333682173,4.628205445633624],[115.04512036737054,4.6278039796622625],[115.04491108069662,4.627142360333793],[115.04385220873709,4.626957080996334],[115.04278299295306,4.625781403211446],[115.04268262180717,4.624990817005885],[115.04371819883409,4.623201004933867],[115.04349866109222,4.6226012793180695],[115.0423212704857,4.6218627916527675],[115.04175362345958,4.621286005778507],[115.04132675567689,4.620512314640441],[115.04128449614704,4.619326212458],[115.04194055835833,4.618545173496534],[115.04322210827233,4.617864099617706],[115.04498604419614,4.617623432494497],[115.046560095366,4.617198159278217],[115.04675504400352,4.616946449818477],[115.0466821376242,4.614684637051686],[115.04642046111512,4.614429815592862],[115.0453975759033,4.614385331571218],[115.04509320432793,4.613696255838175],[115.04573089721475,4.613172491361673],[115.04674204072231,4.612961693366446],[115.04774050973367,4.612458447666195],[115.0474641476291,4.610852374813103],[115.04743078413446,4.609853368403576],[115.04827850472321,4.610358415680543],[115.0484064645814,4.610846292405212],[115.04916548996388,4.611155462146324],[115.04949629814999,4.610997093942089],[115.04907462655575,4.609745401317557],[115.0492783441787,4.609061168310118],[115.05056824795393,4.608571337665102],[115.05153670614203,4.607712474363934],[115.05144437574877,4.606985529525008],[115.05044900524948,4.605373052744745],[115.05045953739331,4.604790386749875],[115.05189095442437,4.604386821787148],[115.05217374167096,4.603931870795789],[115.05225043508841,4.602799367023412],[115.05443090457456,4.601149745020073],[115.05485164940501,4.6004646131153315],[115.05455386525472,4.599861981535303],[115.05414670738458,4.599631246776397],[115.05331613408288,4.599682101587609],[115.05270963454451,4.599129775407118],[115.05274969676553,4.598509118770113],[115.05366030476239,4.598100390968489],[115.05520735148012,4.598772163188114],[115.05590253452274,4.598442287881596],[115.05640748675467,4.596721034755036],[115.05558255161768,4.595410620847556],[115.05512207402587,4.594970328171933],[115.05567061805611,4.594065356378234],[115.05619247061408,4.593926796136051],[115.05689364405097,4.5954259194232945],[115.0585585551948,4.595540530411057],[115.05951898503994,4.596088425431865],[115.06018259183845,4.595366039274695],[115.06017889734461,4.594515257033382],[115.06218159098148,4.594154822815291],[115.06294543496745,4.59297138560005],[115.06357976688221,4.59066579989474],[115.06350296908786,4.5903343105911],[115.06252398815798,4.590530373286335],[115.06188911436132,4.590175224174214],[115.06186401582467,4.589805217169343],[115.062929579235,4.588146047009262],[115.0630588674365,4.587774440829921],[115.06281530594063,4.5864761258617595],[115.06353285101744,4.585522835744901],[115.06318562560546,4.584686303239914],[115.06309368447639,4.583778833522132],[115.06337528684405,4.583406542319608],[115.06418657130494,4.583305635385774],[115.06421023802653,4.582828653149026],[115.06375484039741,4.581685064500231],[115.06383007884986,4.580773963919046],[115.0646681054651,4.580858558270544],[115.06621745894088,4.580594668009038],[115.06715633917811,4.57991142546506],[115.06787329325152,4.5796033495495765],[115.06844901794506,4.57896779904946],[115.06936093646746,4.578746895756811],[115.07043542662701,4.577946345885562],[115.07127926624149,4.576513460528809],[115.07124523500106,4.576087768528463],[115.07009737457106,4.57598340898281],[115.0698809844145,4.575549185874612],[115.07001197241091,4.574901902843234],[115.06969647202776,4.573820528169272],[115.06817740671168,4.572822828881265],[115.06685917405795,4.573283033006898],[115.0664893077537,4.573097492170297],[115.06631056077347,4.572105111441731],[115.06661022760365,4.5714173856445175],[115.06712445227457,4.571293761859851],[115.06785948736189,4.57155243462364],[115.06852021173732,4.572043429160152],[115.06941760175583,4.572394353800057],[115.07016355162826,4.57068612399301],[115.07020929641008,4.570017958895509],[115.06959799816987,4.569537926885346],[115.06963710926512,4.568825468112451],[115.06990610619567,4.568432504368397],[115.0721648662718,4.567442065688554],[115.07249327687225,4.567110225328546],[115.07253990917373,4.566438349835684],[115.07218315931021,4.5659389325092175],[115.07226015585033,4.564772863947416],[115.07509706610495,4.564218059454871],[115.07480031285596,4.56365630897051],[115.07382276122833,4.562855158225349],[115.07319903382682,4.561967454100586],[115.07353146310541,4.561078647847563],[115.07350999480404,4.560254238567551],[115.07300207091907,4.5600999145668615],[115.07192406623196,4.559308680901002],[115.0717054611132,4.558802203012951],[115.07199040187288,4.5583801526673655],[115.07335033113671,4.557017989632764],[115.07297743453314,4.556131527802818],[115.0725490342674,4.555958939704531],[115.07021654248085,4.556935606125896],[115.06957345831722,4.556543139358034],[115.06925304669328,4.555801574341412],[115.06934300957974,4.555041279455224],[115.06971351030379,4.554710566265532],[115.07158856893903,4.553995263017443],[115.07288797677867,4.553958837232989],[115.07310707933233,4.553414814803341],[115.07310339690915,4.552544763364834],[115.07349863548964,4.551819358753553],[115.0741213751653,4.549272485607695],[115.07404979645682,4.5483659380785975],[115.07449796792507,4.547159198890491],[115.07436964123299,4.546971413385183],[115.07323382522586,4.546845497115737],[115.07291244648879,4.546547559259321],[115.07300501635702,4.54565041463438],[115.07379967304196,4.544592930626069],[115.07514344021321,4.544266933703413],[115.07578854076951,4.542790197295427],[115.07626606294149,4.542720955156653],[115.0768772433361,4.545077503046261],[115.07762835790474,4.545816818698343],[115.07798674862099,4.545287796520949],[115.07703840037378,4.543228485048137],[115.07692017567012,4.542771055149467],[115.07709799043882,4.541626081888732],[115.0773820524477,4.541541113846367],[115.07857988171008,4.541971070467306],[115.0789168824092,4.541896596882984],[115.0798185456778,4.540906491403816],[115.08139803944053,4.540923832388425],[115.08125630063005,4.540062019322495],[115.08021868914471,4.539596802207162],[115.08085541643462,4.5391883154221055],[115.08093470741667,4.538556573076353],[115.08145846847489,4.537184154835845],[115.08177186621167,4.536760015139549],[115.0830795664805,4.53599809370833],[115.08323558943178,4.535460248430317],[115.08295829512693,4.534731115294015],[115.08343931967907,4.534279461918711],[115.08444373857041,4.533867935219833],[115.08458419938559,4.533393721104075],[115.08363218713623,4.532540764070793],[115.08388202995125,4.532030097538652],[115.08530185264364,4.531980674040241],[115.08549701658733,4.53164167415149],[115.08407398525866,4.530887064434817],[115.08371724118979,4.530278666926128],[115.08378805864137,4.529728894502663],[115.08482563865265,4.529345744115774],[115.08501372730858,4.528938300453318],[115.08459743469685,4.528554221809192],[115.08353676227128,4.528442449072493],[115.08389634887784,4.5274082908863305],[115.085358318575,4.526835872039127],[115.08476095155393,4.5258486878113375],[115.08449460735152,4.524617191816868],[115.08376475881896,4.523710310752602],[115.0836032390066,4.523024744989096],[115.08376844687965,4.521480228878505],[115.08307276743369,4.521201271534089],[115.08229390357563,4.521464711642849],[115.08146178283734,4.522818718674147],[115.08086138871725,4.522900674131264],[115.0811581643091,4.521324247103764],[115.08026299439373,4.520594458291627],[115.08028009586752,4.5200982292468606],[115.08129776889413,4.519395249761057],[115.08166723387079,4.518704565102357],[115.0815258751994,4.518118871505925],[115.08094525603418,4.5181574385782675],[115.08047661516449,4.518971637888582],[115.08006210611201,4.519286680260017],[115.0796951561112,4.51864195651025],[115.079985806148,4.518181804941584],[115.08099663866274,4.517481652292502],[115.08123916798657,4.5170229272405304],[115.08107946532948,4.515987337035873],[115.08150139965926,4.515547274402646],[115.08232528087117,4.5154897165522625],[115.08172138662617,4.514596249141003],[115.08235936660998,4.514082296830925],[115.08247846420872,4.513634203329611],[115.08175594117738,4.512677188718689],[115.08180920543113,4.512242971069929],[115.08289489347983,4.511535693003192],[115.08243356925149,4.511075789473388],[115.08182360612108,4.511096094719769],[115.08056539527729,4.510597699801883],[115.07982152860531,4.510051911726568],[115.07944158200928,4.5094273095873305],[115.07947165277001,4.508874326520447],[115.08047595806183,4.509716262565178],[115.08127618415892,4.509402916159566],[115.08142514368033,4.5090185759084855],[115.08106832774712,4.508494379274226],[115.08113895434936,4.507262297013213],[115.08083942211742,4.506726966568572],[115.07966681405978,4.507338572285537],[115.07899632880194,4.5069615784724935],[115.07965856954588,4.506210041573625],[115.07974642642483,4.5052548421939775],[115.08022396730185,4.505116135078328],[115.08045594988305,4.505827063747352],[115.08165800144474,4.506459233368131],[115.08201871450567,4.506800718538396],[115.08229798945136,4.507748722981497],[115.0826775034989,4.507753424286001],[115.08358014253145,4.506745217100378],[115.0846594820043,4.506435004479224],[115.08417055211372,4.504961317603306],[115.08368594514468,4.504355335180435],[115.08458111545191,4.50384061292603],[115.08521842359832,4.503806465116091],[115.08608551465039,4.504443274421671],[115.08640803694288,4.504410268912512],[115.08656637268058,4.502563778458029],[115.0870861105151,4.501428957962644],[115.08744539771128,4.501313524645719],[115.0881181806739,4.502219420855787],[115.08883376095766,4.502633880663065],[115.08985317267758,4.502516235317975],[115.09009650922185,4.501761569779261],[115.08848269623998,4.5007494813541955],[115.0877594339712,4.499812642786611],[115.08802080853626,4.499468260217614],[115.08977174101311,4.498599200121831],[115.08994256312717,4.498260727984059],[115.08959032482943,4.4976219271720534],[115.08989911394782,4.4970109396050875],[115.0917799565647,4.49634774050492],[115.09235110365832,4.4955805780499976],[115.0920756190756,4.494771665404466],[115.0892996137546,4.49348074808468],[115.08886590543672,4.493112103447923],[115.08924825327779,4.492535055769144],[115.09050845477162,4.493042112342018],[115.09110406019794,4.492611231141679],[115.09120176216274,4.49188436681466],[115.09236598109275,4.4922811301556616],[115.09242060293332,4.493420813845846],[115.09308163624235,4.493152870957136],[115.09438641362004,4.492945446228281],[115.09479096573685,4.492434343774406],[115.09524433194252,4.490642933262788],[115.09515708539105,4.490369271845518],[115.09397477750252,4.4893028345740715],[115.094155231281,4.488827036540903],[115.09491657409248,4.489130544577322],[115.09530635610878,4.488622114428328],[115.09401975716142,4.486601933260543],[115.0938370387347,4.485505550074701],[115.0938557588112,4.484254101783662],[115.09368443541801,4.484089616428055],[115.092591560271,4.4841941296238454],[115.09204453173663,4.4840824583067285],[115.09209499436815,4.482728429895633],[115.09260116927217,4.481207631415999],[115.09146994163684,4.4808084080323045],[115.09122860040637,4.480157114184579],[115.09144645078467,4.479030895900717],[115.09234281785841,4.479751623114391],[115.09324053748158,4.47746978102823],[115.09291795798902,4.477211467919864],[115.09195162271935,4.477183056686916],[115.09107027877151,4.476642893769448],[115.09015763706836,4.4754712663510725],[115.09094836948668,4.475294962285936],[115.0923185397489,4.476412687192385],[115.09317780896002,4.476575589051395],[115.0939460596374,4.476223984233186],[115.09410430500324,4.475223501741149],[115.09341353635062,4.474378901563304],[115.09392216703021,4.4738411322049565],[115.09459655141004,4.473690628409032],[115.09537081822374,4.475279665798162],[115.09600832595791,4.475690674493962],[115.09636047277112,4.475330154743044],[115.095546503518,4.474726370817741],[115.09583183339092,4.474272738422461],[115.09668702883656,4.474241195795251],[115.09730779678577,4.473794303002182],[115.09734454846584,4.473141443425308],[115.09641024675015,4.472961886926593],[115.09639346724941,4.472686450985478],[115.09792037682082,4.471758695254861],[115.09724157661773,4.470963530458014],[115.0967920021208,4.469808169913895],[115.09702306073,4.469375520459761],[115.09848448149646,4.470401582246206],[115.09905019000702,4.470280291728982],[115.09890477425002,4.468644642655291],[115.09812641542258,4.468691037459541],[115.09730917278029,4.468320067844872],[115.09625190576821,4.467152459106195],[115.0962742218364,4.466494401027024],[115.09723440267199,4.466573116909715],[115.09744912140155,4.466268140880209],[115.09757493125569,4.465298244970755],[115.09659075379038,4.464319779142422],[115.0963965592319,4.462917370102834],[115.09646536441244,4.4622833951221805],[115.09705575081975,4.46218671390382],[115.09718761264148,4.461518520855626],[115.09814394432107,4.460473205040261],[115.09803051438541,4.460076173077706],[115.09680146880018,4.4600875414510766],[115.09642042424147,4.459806816514494],[115.09669289070153,4.459091752925936],[115.09744654808645,4.459287743945438],[115.09852215606664,4.4589887351344055],[115.09866765018488,4.4585982482567195],[115.09790786131317,4.458076859806061],[115.09680216933548,4.457733000500841],[115.09621948654299,4.457274416957946],[115.09660714767466,4.45632516615658],[115.09697540985128,4.4559623309831915],[115.09758979058768,4.456468200846974],[115.09802910685771,4.456227134995885],[115.09809914773871,4.455261949722754],[115.09766281092865,4.454964949001634],[115.09698257793583,4.454924367289314],[115.09624272549019,4.45529957475454],[115.0961850755474,4.454388542578613],[115.09738829446762,4.454174485477154],[115.09726825799459,4.453363330771223],[115.09652782177385,4.453158068500548],[115.09584745132034,4.453723642891856],[115.0955867480635,4.454452869621845],[115.09423757248763,4.45418941614107],[115.09282394480927,4.454433478124572],[115.0924334897244,4.454193572854545],[115.0923052766336,4.453388233512309],[115.09305027870418,4.45366593025651],[115.09350769123098,4.4530417755865646],[115.09370994124608,4.451889286431198],[115.09317275231969,4.451181464139712],[115.0940175605814,4.4511231830243805],[115.09412668499564,4.4503108968168075],[115.09356110358641,4.450141585770711],[115.09351392814581,4.449308786946812],[115.09402435724769,4.448876166839881],[115.09479419634214,4.448774035550963],[115.09468311134896,4.448140532240679],[115.09377139609502,4.447428631493633],[115.0932407184877,4.447474637430329],[115.09257277317458,4.448207583424473],[115.09222686759237,4.447611078309675],[115.09264783407275,4.446970134440664],[115.09218149090489,4.446231420158503],[115.09252575240677,4.445616960007203],[115.09297910549112,4.445641485887276],[115.09376167619656,4.446621627314169],[115.09434786334214,4.446160923793884],[115.09404282676851,4.444944656475902],[115.09453039850199,4.444232032612648],[115.09528500500136,4.443636180841017],[115.09498412419453,4.443341529592962],[115.09425150009638,4.443719427715003],[115.0934033321909,4.443578558785722],[115.09295199151138,4.443887496642226],[115.09230596909022,4.443536297070012],[115.0921584421373,4.442586403153375],[115.09229951818693,4.441627577712925],[115.09288362809023,4.440761238906518],[115.0935593749465,4.440271021635023],[115.09403933134477,4.439518989968026],[115.09468067998775,4.44073883268087],[115.09521992459617,4.440956710724911],[115.09685082738163,4.440103038897],[115.09677744690207,4.439743586646585],[115.09556953028984,4.439272543402775],[115.09569573184514,4.438772230763885],[115.09796803890329,4.438292017063661],[115.0984651367597,4.437870681480187],[115.09847116768108,4.437410298510723],[115.0971961922525,4.437230804764015],[115.09553756337384,4.437524084431359],[115.09552987780538,4.4367058591685264],[115.09370296866953,4.437636161812199],[115.09331437176976,4.436707876371302],[115.09297152526867,4.436528138686438],[115.09232941130067,4.4369159516289685],[115.09236660249624,4.437529763869507],[115.0930064423892,4.43824429747092],[115.0926382621167,4.4386829231044755],[115.09192645970172,4.438169418289323],[115.09121830490909,4.438128020572147],[115.09115049343241,4.4375191942499805],[115.09077982065861,4.436668811020136],[115.09081569565754,4.43591411266889],[115.09176101857828,4.435033899091987],[115.0917348989414,4.434767717928285],[115.0900962543382,4.433240723898576],[115.0902632953895,4.432583444887864],[115.09109550550825,4.432562925763875],[115.09213960682877,4.433419457890705],[115.09284364754417,4.433119984024041],[115.09291577598661,4.432238236536458],[115.09249919689802,4.430998947267911],[115.09269550491783,4.430444768108806],[115.09342330890439,4.43030050640482],[115.09395231371334,4.430719929666562],[115.09382854413614,4.432111202609888],[115.09415961237693,4.432217628187824],[115.09453355611655,4.431265978948211],[115.09549675185963,4.431099761644469],[115.0952611277308,4.430484354016336],[115.09438523469768,4.429267741842118],[115.0945709368208,4.428856862004614],[115.09515192234379,4.428786260420798],[115.09535856932234,4.428171176500066],[115.09598899690653,4.428011321354709],[115.09657050781561,4.428206083002389],[115.09698010053633,4.4279463941452235],[115.09668767641222,4.426971661257824],[115.09712394998239,4.426039969697521],[115.09825445945873,4.425950334297063],[115.09937461515129,4.426375451280786],[115.10027897973475,4.425352460328534],[115.09920386712372,4.425247186060304],[115.09875378380261,4.424660359844115],[115.09971488205875,4.423896934406701],[115.09971119562277,4.423333115889102],[115.09897809562008,4.422106529465784],[115.0989439456287,4.421567595004576],[115.09963229869699,4.421350379293974],[115.09988714664682,4.422001628420358],[115.10044584585485,4.421681561646491],[115.10130821268054,4.421790445213947],[115.10164714860481,4.421502412830173],[115.10146997709319,4.420286256255259],[115.1022606837433,4.419177271872395],[115.10233692807144,4.4181036156699935],[115.10318502837774,4.418151224446888],[115.10401452335854,4.417566866305083],[115.10433383194702,4.416773854981996],[115.1040412180765,4.415421063209968],[115.10430972372889,4.414768232250049],[115.10414987134263,4.413558347239693],[115.10500432699884,4.413163929536356],[115.10508380839231,4.412896757269259],[115.10404359292903,4.412255487535673],[115.10383555480526,4.411939902788586],[115.10418031877748,4.411403035251367],[115.10490565001713,4.411117948168197],[115.10571597020392,4.410542244596626],[115.10534992754407,4.410268166730349],[115.10389569352279,4.410874260229697],[115.10216943565716,4.410866877590599],[115.10193984607372,4.409900525646387],[115.10206457550552,4.409448421537931],[115.102914587077,4.408777711625512],[115.10250970751682,4.408287508469939],[115.10180044125535,4.4084184224353855],[115.10174086123916,4.40760498189514],[115.10150300804945,4.407372978324952],[115.10036844789619,4.407321450254669],[115.10054845086856,4.406233423807748],[115.10116093178193,4.406047485415481],[115.1017600992829,4.4062177630497725],[115.10241227150802,4.405695055449016],[115.10209901504992,4.405145572404735],[115.10124299630297,4.4049085074870575],[115.1008713329042,4.404003864159215],[115.10157782629769,4.403234329479703],[115.1013525873988,4.402813254904383],[115.10017809746083,4.403079322119399],[115.09989426350573,4.402489583230245],[115.09999471494842,4.401998488741009],[115.09906625670088,4.400872956572264],[115.09828231959796,4.399446836696637],[115.09758178898116,4.3992765365490065],[115.09704127818327,4.398833004524155],[115.09613205195524,4.399336134983016],[115.09574902094828,4.399072237354232],[115.09585186324836,4.3984599431586915],[115.0964221032989,4.397741881466433],[115.09615763947505,4.397095545698524],[115.09530467828718,4.397366224634231],[115.09442101658912,4.39616075952724],[115.09497866875819,4.395720680496083],[115.09561724719913,4.39568850433364],[115.09514420098272,4.394560800868942],[115.09467391392505,4.394826751440744],[115.09429762378011,4.395447654523022],[115.09394650830998,4.395512508210181],[115.09387054030199,4.394646483491188],[115.09346563745603,4.393848854288276],[115.09346262619852,4.3932975120455895],[115.09399062777462,4.392586375483692],[115.09397492330109,4.391957294914239],[115.09488236393864,4.391488812912867],[115.09500023438386,4.390924945200622],[115.09323197704796,4.391171654132311],[115.09275757266859,4.391634337764491],[115.09319128763633,4.392209375424874],[115.09290138106677,4.392605503581947],[115.09231775686676,4.392309177554775],[115.09206743514,4.391660442657285],[115.09147097462473,4.39172937497475],[115.09090136437227,4.391474335198618],[115.09092666870278,4.39087478167671],[115.09180977274326,4.390700782268985],[115.09149462913702,4.389743215753011],[115.09096786156692,4.389662679759708],[115.09078044413003,4.389177892034275],[115.09214302959974,4.3887945310636125],[115.09145027727872,4.388494319999661],[115.09122040681264,4.388060141196896],[115.09006237215971,4.388418393499545],[115.0900607673365,4.387936778988015],[115.09049524108646,4.387605557576404],[115.09079713312076,4.386750020802297],[115.09150964364137,4.386328053261629],[115.09138842653854,4.385672734524119],[115.0917944888547,4.385279291227062],[115.09205836354042,4.384589756119862],[115.09301270310951,4.385297175313738],[115.09353389113413,4.38521963131613],[115.09385455098793,4.384670275300608],[115.09380909739183,4.38363220844523],[115.09440498651567,4.383933016389002],[115.09536021696998,4.3848805614945165],[115.09580594642304,4.3848989580405915],[115.09622195432777,4.383896150833883],[115.09663861316336,4.3837361997028275],[115.09696368843194,4.3831339160106095],[115.09784252390764,4.383275852104739],[115.09802939870383,4.38265395417895],[115.09843680329504,4.382771790098198],[115.09861151122841,4.383308173746387],[115.0993790854268,4.383214509584766],[115.0994862509955,4.384111724580451],[115.10043340346184,4.383531492619011],[115.10089963973827,4.382677295805456],[115.10190689889423,4.382825666469429],[115.10313298729983,4.38255896936459],[115.10276725288529,4.381593072552691],[115.1028992647367,4.381244595650378],[115.10362742895447,4.380630457667598],[115.10456131118934,4.378861546061861],[115.10506760065373,4.37842642243406],[115.1065260002049,4.377817956109649],[115.10758647834798,4.377930866782153],[115.1085335980982,4.377533142305082],[115.10867186215512,4.376847100046833],[115.10951940657837,4.375910117246307],[115.10948366422106,4.375596844681835],[115.10859117936724,4.374902440405358],[115.10888135507426,4.374322793011432],[115.11053864669394,4.373779579165048],[115.11053281923822,4.373305484414025],[115.1100373880906,4.372786196625467],[115.110297071573,4.372088980930269],[115.10941612966296,4.371718693990843],[115.10765875787358,4.372348981070704],[115.10696568439471,4.372837827784939],[115.10596273918368,4.372091065327827],[115.10600155189593,4.371520133445399],[115.10809137627247,4.3707718726049825],[115.10941226272631,4.3703786711601245],[115.11028188669069,4.37105533498241],[115.11220826642061,4.371516686279734],[115.11339695124504,4.37170874647267],[115.11524002476865,4.3718324704918],[115.11588009654251,4.3716076238787025],[115.11626289567488,4.370947794246928],[115.11745926085021,4.369862009767766],[115.11818853958611,4.369504357487099],[115.11926272204255,4.369433122131354],[115.1199367690134,4.370014591351465],[115.11930739639153,4.370259484205722],[115.1181301738229,4.370447445824659],[115.11782803104362,4.371083577879032],[115.1183446281033,4.371865804389435],[115.11977852489453,4.371693250484159],[115.12075275657863,4.372284980119433],[115.12119911128684,4.37208972966431],[115.12164121145884,4.371300630860847],[115.12225223173269,4.371171839344116],[115.1234831355605,4.3714047117342645],[115.12379766068567,4.371768226972345],[115.12349809111576,4.3723652802000625],[115.12386828909025,4.3728053939257805],[115.12530837207203,4.3731836212389466],[115.12688210967075,4.373462986428377],[115.12963024181465,4.373330164831312],[115.13106473677361,4.373546683988207],[115.13191962814138,4.373856981272722],[115.13316257462333,4.373173584947964],[115.13370797519627,4.373118089369565],[115.13544912675997,4.37339242723621]]]},"properties":{"id":12,"name":"MUKIM BOKOK","length":127405.0625,"district":"Temburong","displayName":"Bokok"},"id":12},{"type":"Feature","geometry":{"type":"Polygon","coordinates":[[[114.8481950237428,4.856324307338026],[114.84726953681539,4.855870386650208],[114.84498629176129,4.855880058760735],[114.84349271835484,4.856530027174947],[114.84190892676752,4.856218303474659],[114.8406877194185,4.8561759222645025],[114.83844143798522,4.854874895003633],[114.83758931472981,4.854755385335989],[114.83710485897515,4.8549727077166],[114.83441801825434,4.856954961086612],[114.82897004165471,4.85361233917187],[114.82900637250617,4.853564675252719],[114.8288005038041,4.84836528960964],[114.82871151553474,4.848181304265143],[114.82972170247163,4.847065731241383],[114.82217495653174,4.839044998687926],[114.82156756260363,4.838742153694561],[114.82188227775201,4.840349500047243],[114.8207638204618,4.840912183139439],[114.81762844618484,4.840189478586551],[114.81391902201756,4.839667479382352],[114.7982902289583,4.837346823497946],[114.79841430293378,4.836870690636588],[114.79815646171494,4.835792422963336],[114.7973340893071,4.834544001134677],[114.79712933627023,4.832929190386381],[114.79627138022879,4.830877116048314],[114.79551505243603,4.829666362380342],[114.79437547517198,4.826801407998855],[114.79170618881626,4.818904325360041],[114.79095764014187,4.816948574950546],[114.78809081631128,4.811163966824427],[114.78763890590788,4.810383014948093],[114.78694828766527,4.809668892515089],[114.78601321241099,4.8091776237054535],[114.78477480462128,4.808812151982786],[114.78396235608439,4.8080543004144145],[114.7834256382492,4.806784108948981],[114.78274315921243,4.805960870600069],[114.78252843742678,4.805361224963216],[114.782538221,4.8034931220993515],[114.78142077170618,4.801406642954927],[114.78050574885714,4.799962992443819],[114.77960240008257,4.797971506002012],[114.77907159339135,4.796986731158659],[114.77681453749591,4.793524511732749],[114.77626074204,4.792381540945304],[114.77420593144268,4.788511758802295],[114.77414251103079,4.7881784606965745],[114.77762486238214,4.788259400255561],[114.77781039701162,4.780163539097014],[114.77769109042382,4.779293991805533],[114.77774656302488,4.778218194846789],[114.77719728162826,4.776103573958212],[114.77685344566856,4.775083206094371],[114.7751143147307,4.771258279542514],[114.7743579354464,4.770002282117622],[114.7738915758312,4.768696263089775],[114.77328488568634,4.767569265199618],[114.77160108278554,4.766301838137306],[114.77133656029115,4.765427629822059],[114.77145076426507,4.764785192952823],[114.77237902725521,4.763336059396429],[114.77252536300935,4.762894185846177],[114.78009562076288,4.745513172764885],[114.78045788831427,4.744931614608485],[114.78056574759916,4.744242275858397],[114.7802943639596,4.743529180478018],[114.77939215393968,4.7424940518817404],[114.77961431476992,4.741586762986025],[114.78594490273854,4.731021182072852],[114.78638686930405,4.729765326024648],[114.78717990645305,4.729495073878497],[114.78751165670867,4.729079212449437],[114.7879946615954,4.729138272240348],[114.78944116066566,4.730190445425025],[114.79068525938698,4.730807977719077],[114.79145786341569,4.731833869612513],[114.7941314965508,4.733283173506866],[114.79603287783422,4.734403517567145],[114.79789533270296,4.734928777535388],[114.79950758989217,4.735052323887641],[114.80246589481217,4.734820306303462],[114.80352473882982,4.73489234990916],[114.80584559817686,4.735344731467817],[114.80777448419033,4.736039910203013],[114.80913529033909,4.73667600509362],[114.81088368777937,4.7378747713326455],[114.81223077004664,4.738631582544559],[114.81371923186182,4.7391850496818],[114.8177733179042,4.740455511116502],[114.81919141775498,4.740837912141935],[114.8244639496153,4.742031796251721],[114.82831964312422,4.743075573336288],[114.83011767071251,4.743516732279272],[114.83319960291219,4.744110047012613],[114.83506877631143,4.744791773853519],[114.83601820128251,4.745572912268717],[114.83785954323373,4.748632112534561],[114.83864656089679,4.750307377125232],[114.83942069954921,4.751629972270122],[114.84064172667114,4.75487246909358],[114.84198020740094,4.757444234681659],[114.84256494472801,4.758355900740654],[114.84469695920646,4.761379165713156],[114.8462276058667,4.763768339045104],[114.84744969266531,4.765468285251258],[114.8476545865486,4.766344351245639],[114.84764361318418,4.770208345768817],[114.84739460503393,4.771723931103183],[114.84686252865207,4.7741063118369516],[114.84618800756023,4.777845117815191],[114.84619355129018,4.778756827272194],[114.84640309515228,4.7809996199391644],[114.84695070537747,4.7845623458480375],[114.84726316378867,4.7859863626164],[114.84776201645317,4.787185421557226],[114.84902367807885,4.789105681964164],[114.85101381898195,4.7913826711301155],[114.8531483292498,4.793509433373513],[114.85712629991335,4.796709091016847],[114.8578825801489,4.797127906727378],[114.85948238103204,4.797744830401259],[114.8671764812006,4.800604228908259],[114.87019206162431,4.801342318140697],[114.87186075849807,4.802003659505337],[114.87565588251937,4.803656189242902],[114.87672469126079,4.804017577962048],[114.87696653749131,4.805270452696949],[114.87727660868903,4.808375853360421],[114.87745154744242,4.809324534990695],[114.87787884608137,4.810051360072877],[114.87848239035121,4.810531562955494],[114.87913500390475,4.810758494893486],[114.87931670620534,4.811591663821236],[114.87741204745583,4.812284223172135],[114.87691914727966,4.813321428416678],[114.87676555430237,4.814338189763294],[114.87632812617498,4.814748137353909],[114.87558708069257,4.814918026156221],[114.87449013590728,4.81482706873925],[114.87402950537727,4.815058507212487],[114.87303152963445,4.816025912610027],[114.87212356163006,4.816259169547725],[114.87124364046706,4.815402709066052],[114.87043948172389,4.815426100441235],[114.86892262251915,4.8161117802855244],[114.86752117614466,4.817467543428944],[114.86634395613127,4.818466452155778],[114.86583770246324,4.8194463609934415],[114.86554321982089,4.8212554739669],[114.86428927881991,4.821369489260628],[114.86367219032189,4.821151478174355],[114.86207502118118,4.819321822791502],[114.86065746548839,4.820908504176634],[114.86034734516993,4.82177593837579],[114.86035737361227,4.8228645452327825],[114.86104827926039,4.826272504595365],[114.86154082324455,4.826244014157682],[114.86151682501698,4.8275873936746905],[114.86203995751767,4.827590380483868],[114.86207235009358,4.828871222763173],[114.85982130383809,4.829680587322985],[114.86024569479721,4.8339896394141615],[114.86304028700411,4.833922686978446],[114.86306771211063,4.835068597544389],[114.86356881399304,4.835287791492805],[114.8626459075392,4.836908279270043],[114.86429374604218,4.837848795605601],[114.86700476939252,4.8380751646477895],[114.86804105386116,4.838088985258407],[114.86803412749708,4.839719129986683],[114.86636777415809,4.8396733034972215],[114.86594253407402,4.842172908838395],[114.86433278403783,4.843526979705994],[114.86276035308636,4.845487994431073],[114.86171301007771,4.845360023715774],[114.86163053190643,4.8469796524033635],[114.86206684216168,4.8470365570116],[114.86316172578688,4.848360407384333],[114.86188617350105,4.849735502556311],[114.85969014349806,4.849698606913373],[114.85934034231884,4.851808532494792],[114.85822924577396,4.85184466300698],[114.85813685070809,4.852939113855295],[114.85431300767202,4.852142603884459],[114.85044072776266,4.8546885883955415],[114.8481950237428,4.856324307338026]]]},"properties":{"id":13,"name":"MUKIM PANGKALAN BATU","length":46675.05078125,"district":"Brunei-Muara","displayName":"Pangkalan Batu"},"id":13},{"type":"Feature","geometry":{"type":"Polygon","coordinates":[[[115.24716700815843,4.6970765273233805],[115.24651791858837,4.697544639497798],[115.24585352266769,4.6985748067177315],[115.24473003591501,4.699452618781519],[115.24406697940393,4.700132290710908],[115.24283108619031,4.700462619507515],[115.24314726830012,4.701065477273491],[115.24437582170154,4.70175021445671],[115.24481123722171,4.702447434829077],[115.24563474830374,4.703355460869602],[115.24658016343892,4.705322227132692],[115.24742126876129,4.705567061044337],[115.24818037623008,4.706513297782098],[115.24832622521836,4.706978478046372],[115.2489107434126,4.707617006513636],[115.24959072151627,4.7078766993184535],[115.24987131078498,4.708327555970832],[115.25065718512224,4.708835048433768],[115.2513744433651,4.710310789674336],[115.25210863174642,4.711370795986569],[115.25267040120639,4.7119023250466885],[115.2536955254607,4.712358407839963],[115.25447988899265,4.71327895258674],[115.25540237072973,4.714867287413594],[115.25571781103358,4.716277614540117],[115.25630609483578,4.716580678553503],[115.25647057069506,4.717258685657933],[115.25695231975652,4.718179307244632],[115.25704670591168,4.718767302301548],[115.25804160417603,4.719722095885453],[115.25837080999473,4.7207658995124335],[115.25914743589789,4.721660963360879],[115.25937212371306,4.722769712679226],[115.25985705774073,4.723467743441535],[115.26041483649058,4.725697249444014],[115.26029849002288,4.726293499685592],[115.2606600945945,4.727370920866958],[115.2601922210455,4.727751630247158],[115.25913384439387,4.727791390682972],[115.25733094499769,4.728191134096517],[115.2573345435999,4.729338021746479],[115.25761718681395,4.7317210831925784],[115.2574926266385,4.731881517258177],[115.25591459100963,4.732191643727042],[115.2548207392676,4.731963633289215],[115.25370107748738,4.732802661856323],[115.2526008167178,4.733238065238652],[115.25273272171098,4.7341380417490075],[115.25226281793643,4.734635875590041],[115.25042118858254,4.7348718569936565],[115.2502238747793,4.735031551854338],[115.25002815833736,4.736131573294668],[115.25017930792468,4.737019814638774],[115.24894297791236,4.738523276075083],[115.24764761968466,4.7391372621744665],[115.24654865825117,4.739329995718506],[115.24564115347886,4.739004629024905],[115.24492486716458,4.7392721576461225],[115.24423204859264,4.73893183030749],[115.24283273045093,4.739259112245986],[115.24268910465122,4.739562600451133],[115.24296060124331,4.740965666673516],[115.24377020127868,4.742291856425011],[115.24368231438756,4.742961621456807],[115.24303743875933,4.743773357199291],[115.24250139716762,4.744720642613118],[115.24144679691746,4.745792308291426],[115.2412737916052,4.74658700210104],[115.2415071331408,4.748138528481332],[115.24027700606426,4.749107705446719],[115.24034784783397,4.7496685591164685],[115.24004727101192,4.750230091206198],[115.23997862591517,4.750990408454923],[115.23884660916062,4.751299824308471],[115.23789126081905,4.752143127505367],[115.23679137112896,4.752437233660754],[115.23610016312837,4.752198549505101],[115.23482949080761,4.752044571388631],[115.23435569595915,4.752364232070811],[115.23366104321046,4.752142677292654],[115.23250360142974,4.752611146938953],[115.23149822991846,4.7545175832329525],[115.23049375630143,4.754849509758549],[115.22881604624092,4.755184973959984],[115.22764353276273,4.756344489190686],[115.22756068471803,4.756913388759977],[115.22819909784876,4.758220656092162],[115.22851688864567,4.759462391008097],[115.22910618344328,4.760178883251478],[115.22948932257796,4.76097785764867],[115.23031787415577,4.761226646348075],[115.23064329086756,4.761630592154666],[115.2301998682238,4.762234222095461],[115.23060268036745,4.764484808915967],[115.22992754886816,4.765109240667255],[115.23001941654786,4.765704115023687],[115.23059301156135,4.766543391055034],[115.23146092742901,4.766832829236321],[115.23154126552397,4.767327083414691],[115.23231372010953,4.768393117529026],[115.23216941285995,4.768736399768585],[115.23130776727952,4.769261730500107],[115.23114258974768,4.770470342690705],[115.23194062249785,4.771451000238139],[115.23161182624604,4.771990465550515],[115.23129612694652,4.773001811789785],[115.2313523773433,4.773361843786861],[115.23254728931839,4.774322928098944],[115.23322350750828,4.775245858800598],[115.23396695676995,4.775413275488004],[115.2344108481236,4.77651528263352],[115.23373892765495,4.7772097059434815],[115.23310751002812,4.7773181969303815],[115.2328823434349,4.7780415314789515],[115.23318665703225,4.778967123967811],[115.23381222529005,4.779635186945029],[115.23436306275212,4.782832533653595],[115.23463182905529,4.783945919659553],[115.23687821859069,4.78675816536913],[115.23685340724688,4.788556411493362],[115.2370357680307,4.789529193130384],[115.23775272905046,4.790058464048314],[115.2377754126335,4.79035747522795],[115.23662183921485,4.79158367465026],[115.23691425504325,4.792240064294956],[115.2369954509638,4.7931324368492385],[115.23645542366594,4.793649582965785],[115.23541252762305,4.794223666907065],[115.23544082225783,4.7946062243947996],[115.23620150696057,4.7946437948122735],[115.23704664160834,4.794931589910674],[115.23705027226545,4.795840877555823],[115.23821319651307,4.7966142177421744],[115.23797015036682,4.7978040160705655],[115.23813289145879,4.798868484239874],[115.23858447513422,4.799762172526166],[115.23789488956392,4.800669830291392],[115.23814322736224,4.801482115098798],[115.23853932501045,4.801931118129924],[115.2386100994847,4.802781741887373],[115.21946382518483,4.818676301918523],[115.2029672110219,4.8319363973844975],[115.19375940915683,4.839007830058142],[115.19221623101161,4.840140053192521],[115.19040794482042,4.8408432321311485],[115.19008944229908,4.841405424880737],[115.18862205472615,4.844923737251582],[115.18847434451132,4.8458631086154735],[115.18814437431993,4.846500222200771],[115.18787657621534,4.847652000586788],[115.18709445402654,4.848502756159225],[115.18667406316337,4.849170477996588],[115.18594709483476,4.849673209413447],[115.18513700559481,4.849993535306233],[115.18479389665282,4.850586648470614],[115.18563662300079,4.851819069246677],[115.18576803442053,4.853043539985193],[115.18521147293869,4.853441132258609],[115.18444465425274,4.8536290851007475],[115.1835274898635,4.854146577482905],[115.18300610653961,4.855024374605017],[115.18160778630342,4.856952846264081],[115.18079541982843,4.858562309711702],[115.1826403152281,4.859136589161993],[115.18392101933692,4.859935470311152],[115.18509871251968,4.861880219021263],[115.18580207391894,4.863485730066577],[115.18601958055103,4.864285104109616],[115.18600790611522,4.865457698614249],[115.18566697424755,4.866636402359393],[115.18463029711337,4.867250622556885],[115.18281133037338,4.867831175907948],[115.18047066256733,4.868224858489919],[115.17921883389062,4.868333256047372],[115.17749523963118,4.868274782523031],[115.176054956472,4.867824991689792],[115.17425877576493,4.866442178214411],[115.17330852970053,4.8659360781369925],[115.17262695993688,4.865956410309412],[115.17188716763641,4.866247720295875],[115.17112995331053,4.866984142362637],[115.17046796894937,4.868520358727005],[115.16973900683338,4.8722092684500895],[115.16878575171307,4.872914976469174],[115.1677908290302,4.873245679825996],[115.16669198926922,4.872899434103108],[115.16554256543645,4.872100891361654],[115.16086369005436,4.869474482311251],[115.15937901119679,4.868584915048712],[115.15789107411236,4.8687028537325565],[115.1565160517533,4.869122383782587],[115.15480332218515,4.869902917878913],[115.15181076229608,4.871659752551033],[115.14973330816485,4.872417987657513],[115.14897717814833,4.871073651626385],[115.14831832733236,4.8705589356612204],[115.14796557070751,4.869960970654119],[115.14775221175785,4.868587647380627],[115.14772596534657,4.867569837499576],[115.14793493358988,4.866757703698535],[115.14849202136442,4.8658927487701655],[115.14893754686128,4.864752237491662],[115.14934862187943,4.862860924020848],[115.14914911887362,4.861053078183395],[115.1488698446055,4.860239255085026],[115.14783461836899,4.858803239584533],[115.14640991968342,4.85798887087865],[115.14472625208539,4.858104374482202],[115.1430563578192,4.858507333813736],[115.14073074564797,4.860046625057741],[115.13876660545331,4.862476961209337],[115.1374878621936,4.863455498668838],[115.13673791387306,4.863597309218404],[115.13565631246472,4.863032100676477],[115.13512395186123,4.862241466211498],[115.13513499150083,4.861716607434287],[115.13559097244516,4.8614559583312555],[115.13531701480062,4.860932967221939],[115.13305050306269,4.858889176423556],[115.13166856670034,4.858534612781694],[115.13093839025905,4.858118611450666],[115.12974304109403,4.857775804218116],[115.127977779361,4.857783830188763],[115.12718043926346,4.8576391004954464],[115.12587209560445,4.857827184561424],[115.12527833369252,4.857733770712984],[115.12430169301348,4.858056759390432],[115.1230955587139,4.858262312943638],[115.12139738530162,4.8589747119186],[115.1155608718926,4.861969023013708],[115.11474974136154,4.8621513549403135],[115.1144359292894,4.861757908703874],[115.11460637157985,4.860251431295035],[115.11369306182625,4.855765262066209],[115.11254721298987,4.854795244340618],[115.11195720622888,4.8540667393210235],[115.11189988924774,4.853126089925488],[115.11210744117369,4.852746455918371],[115.11269676597689,4.85256613707913],[115.11308362225616,4.852855060813794],[115.11353828003487,4.853714612423299],[115.11498786118582,4.853648981188111],[115.11627689713872,4.851888229857091],[115.11510032103966,4.850705882640858],[115.11473642860851,4.850110653764843],[115.11458388950271,4.849166794270333],[115.11407048978361,4.84864514229637],[115.11349915320206,4.847620385118454],[115.11328391237325,4.846881401217632],[115.11274401712612,4.846904641621468],[115.11204829073961,4.846593238051875],[115.11130302408132,4.845916983830101],[115.11103723609995,4.846731918546686],[115.11016959961201,4.846861257425629],[115.10877686012637,4.847315217569513],[115.10748619493344,4.8482345975894745],[115.10641607414207,4.849374907410809],[115.10597401472403,4.849483193168342],[115.10509931078924,4.850147226225869],[115.10387583315753,4.850476349476303],[115.10268642667695,4.850177162843219],[115.10177121913428,4.8495567248197835],[115.09440462995244,4.845331683645009],[115.09044915065726,4.845206630585278],[115.08945383901849,4.844950915271934],[115.08806222744842,4.845201797165669],[115.08726585533584,4.845178844825477],[115.08620652212227,4.844729433322856],[115.08611541684975,4.84384008534391],[115.08538308301894,4.843960353120776],[115.08432968038885,4.843887693485101],[115.08226043037907,4.843179166127439],[115.08182049066217,4.842917984673926],[115.07999958618294,4.842303774879154],[115.07970661933473,4.841634768911365],[115.07873958478532,4.8413658330216816],[115.07813990585936,4.840918059134144],[115.07568561972118,4.8404642897026955],[115.07350671205147,4.840375883294769],[115.07268494141968,4.840001279344705],[115.07244453904937,4.8389714264117],[115.07281728522284,4.838264138039835],[115.07352955151006,4.8377716982609416],[115.07493022679277,4.837511585853445],[115.07606784515382,4.8375631819489415],[115.07772737775444,4.8372785131170195],[115.07925017823666,4.836348650748758],[115.07992326164361,4.835757847703079],[115.08095137697222,4.834587957847132],[115.08294155910036,4.832563665724363],[115.08293806482543,4.830953132861577],[115.08239403796134,4.829361026514416],[115.08180359251013,4.8284569578592516],[115.0812524802529,4.8273410402769015],[115.07987407789929,4.827102135333878],[115.07866587801442,4.827105317639146],[115.07833570691133,4.826470075844277],[115.0793343531129,4.8246487600653225],[115.07945698923233,4.823392960298654],[115.07939236350926,4.8224109992404545],[115.07870859459578,4.821035686255063],[115.0785078939215,4.820263994730534],[115.07849692974946,4.819176310199661],[115.07881407157282,4.817987882614854],[115.0793479894926,4.816673472886742],[115.0801722272389,4.8167074659615245],[115.08082223672452,4.817824685952766],[115.08140729618074,4.818547082034786],[115.08215520249827,4.819055770486549],[115.08421312946889,4.81984961773743],[115.08535943674312,4.8193710978000865],[115.08614390970699,4.818855701686605],[115.08587476714993,4.817015512785069],[115.0853584173929,4.815532116426799],[115.08440196012965,4.813594176638653],[115.0832632779568,4.812414996463868],[115.08049853171083,4.811277886226467],[115.07918018450528,4.811474852846226],[115.07839379615176,4.812072704608133],[115.07628454566688,4.8124988638542],[115.0758138101619,4.8123801345759025],[115.07445380095754,4.811555745732509],[115.07396349106261,4.8114056966798],[115.0729541679418,4.8115090541759225],[115.07134193813783,4.811464724441225],[115.07055897190625,4.811669527601043],[115.0698477352592,4.812139174116003],[115.06903284263178,4.813112004768804],[115.06809601045545,4.814428726972204],[115.06566392831994,4.815960898717203],[115.06477125027777,4.8168940179269795],[115.0636797493076,4.818530493711789],[115.06237338135146,4.819360590342113],[115.06084552067617,4.8198127384529155],[115.05955588091183,4.819940693644165],[115.05890423937136,4.819807081573084],[115.05833091729617,4.818807074755802],[115.05804381665254,4.8173278837084395],[115.05805399340008,4.8157199269939515],[115.05831348461443,4.813818036445409],[115.05850414086117,4.811100788192877],[115.05866853245259,4.810448900824159],[115.05860422948251,4.806792459066509],[115.05846332619241,4.805440305195147],[115.05888416031854,4.804359706802397],[115.0584955883257,4.801621926814827],[115.05856065361999,4.80111569985137],[115.05799149432882,4.799536230486294],[115.05771599378585,4.798268715660208],[115.0576598396514,4.797415328874761],[115.05613554403536,4.795540153839219],[115.05787501024737,4.7949737883219115],[115.05911338142234,4.794245639177744],[115.06064910754694,4.7931264887475535],[115.06419065920461,4.790121701621409],[115.06276038867034,4.7868703474235215],[115.06229474886636,4.7851725116974855],[115.06224668362506,4.783263508877108],[115.06249345559631,4.781982926901546],[115.06288709777998,4.780848720970905],[115.06313352691228,4.779463241399657],[115.06306797481821,4.778603281911182],[115.06262482701112,4.777387909273498],[115.06251669555722,4.776297312880504],[115.06259808526514,4.775604710260635],[115.06299323024363,4.77493205369341],[115.06372373674843,4.774489071981475],[115.06564557666904,4.773832367244848],[115.06635502953532,4.773347492418403],[115.0666665882152,4.772696089763105],[115.06722346669429,4.7703235292629715],[115.06860101690783,4.769500768794],[115.07058840131954,4.769704010721461],[115.07161298037886,4.769658665323307],[115.07217617686295,4.769216229174459],[115.07312156574909,4.767345892033393],[115.07367375150187,4.766735649540105],[115.07425930117684,4.766733713533832],[115.07552675105464,4.767411370056457],[115.07640576869434,4.767618260203538],[115.07838127973848,4.767391430583301],[115.07995196720373,4.768068073351405],[115.08079923885883,4.768159675015495],[115.08306704226658,4.767785003846467],[115.08570285993333,4.768028014165542],[115.08696935363915,4.76841193486381],[115.08796422670734,4.768870185622189],[115.09127227229702,4.770023566771164],[115.09222417979564,4.770135788685208],[115.09318567651133,4.769985725862194],[115.09393683117513,4.769469215038731],[115.09455073225294,4.768554541480541],[115.09476690757965,4.767525801888504],[115.094589668226,4.766061336576123],[115.10155713115711,4.7617364095929515],[115.1055657072569,4.7452197869496695],[115.11853013207457,4.7418231362898],[115.12860112894437,4.747443430428998],[115.12910660474842,4.747642976344334],[115.13101419240168,4.746717905196197],[115.13197765439938,4.746770399281454],[115.1323891517248,4.747159286595803],[115.13268863398383,4.7480768896903935],[115.13279086282026,4.749358893441487],[115.13263003658547,4.75111171373561],[115.1327588361683,4.752425485414518],[115.13327137529481,4.752954742134886],[115.13483532145614,4.753716729150727],[115.13551850948036,4.754625065949654],[115.13622243099756,4.754617371230563],[115.13664387659084,4.754029195877737],[115.13737268429026,4.752375335515601],[115.13795709401944,4.7514573920761585],[115.13853979504245,4.750818222408886],[115.13960997365528,4.748770266303174],[115.14024031065546,4.748916805359949],[115.14065725103012,4.749348148731068],[115.14167263130047,4.749883657060239],[115.14193090567257,4.750350055243652],[115.14173294627902,4.751287930076291],[115.1419251504514,4.751781099849291],[115.14252063051983,4.7515831166511795],[115.14278577820637,4.752015203908404],[115.1425520510882,4.753713467317746],[115.14324845852991,4.753879547582633],[115.14462131120307,4.751972786846538],[115.14532678282622,4.751320906754403],[115.14648960841033,4.75095574942352],[115.14784248999032,4.750144518851442],[115.14827175691153,4.749457397214589],[115.14803135677776,4.7475142928044445],[115.14819648825126,4.7466952347128],[115.14749612664687,4.745026149122745],[115.14740221388885,4.74424697661982],[115.14707955324239,4.743469150231173],[115.1464532145468,4.7428602377410645],[115.14564530688259,4.742542485234924],[115.1453394566646,4.7420698386199085],[115.14419440325098,4.741187409285805],[115.14423854604499,4.740744659168861],[115.14557820759784,4.740694315820681],[115.14551487756204,4.739960826074402],[115.14575631301261,4.7393794816643915],[115.14645767785586,4.7396828991772955],[115.14723427441562,4.739573422014722],[115.14726232262969,4.73887070852933],[115.14765473334457,4.73811644465676],[115.14724142326921,4.7371902632596745],[115.14763378966988,4.736256813305439],[115.14769045147375,4.7350195487022635],[115.14749656371926,4.733666976271871],[115.14833161426925,4.733184508723805],[115.14940959458407,4.733728853263494],[115.15033420160428,4.7339034766400445],[115.15101424833306,4.733569348383005],[115.15140582876377,4.73307114788589],[115.15099310675839,4.732318500192919],[115.15122872384329,4.731186893895104],[115.15049188316812,4.730555467371204],[115.14980786516715,4.730215252922804],[115.14987325182898,4.729392575181215],[115.15036489096178,4.728328492045357],[115.15111618893884,4.727407379413608],[115.1516393425287,4.725668265773688],[115.15269123447003,4.72367269439678],[115.1531089487341,4.722576075662246],[115.15387540830855,4.721477415403941],[115.15531003978583,4.719870280863093],[115.1563309637214,4.719378403217898],[115.15754782102279,4.71917866197503],[115.1631956403283,4.7190615261517435],[115.16787039183058,4.719094377817687],[115.17790022932608,4.718913457025506],[115.19161929182135,4.718891743841622],[115.19740984103382,4.7186622188870215],[115.21821919287659,4.697178507693287],[115.24716700815843,4.6970765273233805]]]},"properties":{"id":14,"name":"MUKIM LABU","length":90604.0625,"district":"Temburong","displayName":"Labu"},"id":14},{"type":"Feature","geometry":{"type":"Polygon","coordinates":[[[114.96443792049612,4.845257992166638],[114.96308464217587,4.846210455224261],[114.9614472859929,4.848318134168121],[114.96061367171829,4.848157043351893],[114.96008914625871,4.848906502143675],[114.95984388763605,4.848501434086412],[114.95932439129153,4.848697511474522],[114.95871324317818,4.849316673119478],[114.9593172606237,4.850020751800571],[114.95853746801268,4.850409260826007],[114.95776986421684,4.850370977751507],[114.95654920094067,4.851051401155059],[114.95628412355772,4.852239793593553],[114.95576384242027,4.853447643095137],[114.9556827362466,4.854182704544768],[114.9549763391196,4.855340262982564],[114.95454729311986,4.855449570156403],[114.95386541318615,4.85651943810276],[114.95404509831808,4.856857451860999],[114.95327270118221,4.858175176650638],[114.95309654918587,4.8589704500713005],[114.95245149010582,4.859380571359441],[114.95224268029529,4.8600035498625385],[114.95156802495744,4.860500247294685],[114.951028884424,4.860543198500648],[114.95031055650364,4.860949590521375],[114.9496074518941,4.861722207898803],[114.94890339177577,4.862006463922442],[114.94753879057153,4.863739819849987],[114.94739000951799,4.864592870713751],[114.94642434858821,4.865095684217938],[114.94498321983546,4.865073238179706],[114.94523044282633,4.865807281027635],[114.94585506630952,4.865708673747209],[114.94626940520409,4.865941949376586],[114.94647370221385,4.866585111073657],[114.94650915163366,4.868804656937646],[114.94611875101623,4.868779326841378],[114.94598457064191,4.869769128528629],[114.9462679973227,4.869802542129028],[114.94614919945661,4.870871097805712],[114.94578020335844,4.8715998864370755],[114.94532658751996,4.8718217983862555],[114.94541254037344,4.872757414168203],[114.94526280854602,4.873306672963939],[114.94555330469532,4.874040753196008],[114.94547745220885,4.874783326432365],[114.9466545500046,4.876294943045014],[114.94658349081666,4.87700810285105],[114.94536768090282,4.877682209949733],[114.94539568548613,4.878580828361985],[114.94415241781981,4.8779069208570585],[114.94321567448861,4.878227255293707],[114.94322039100405,4.879001379668551],[114.94236074880678,4.878107225025728],[114.94091317052678,4.877336239744455],[114.93964506298913,4.875999464590866],[114.93913766904356,4.874832713219524],[114.93902013374621,4.871999568818102],[114.93878312896773,4.871387726323703],[114.93780173903548,4.871634267936004],[114.93778525840551,4.872499688940614],[114.93673625020614,4.873127538344782],[114.93580271857353,4.8743931784725145],[114.93498961109825,4.873572158634174],[114.93328800623216,4.87345479864134],[114.93275486182434,4.87325240442402],[114.93064719321927,4.875145117011642],[114.93009664108521,4.874304079745586],[114.92589843500603,4.868288520468144],[114.92317960811957,4.864990729087259],[114.92147781905719,4.863920378820375],[114.92021471709113,4.863063415950599],[114.91833355270848,4.861167232544768],[114.91687583461675,4.858800586534275],[114.91601807623984,4.857295764479496],[114.914961247486,4.856290086091542],[114.9143415658466,4.855976600481454],[114.91305212635113,4.855925753196726],[114.91032206789123,4.856572891515232],[114.90944041883483,4.856548399412846],[114.90767609238654,4.856159304868521],[114.9070234688947,4.855630743730516],[114.9059207905531,4.854287307177987],[114.90442281474677,4.8522920712225135],[114.90357924473712,4.851410381919594],[114.90211077144137,4.85019050524584],[114.90086083133025,4.849473312147379],[114.89669118582418,4.847513467355493],[114.89418600005497,4.846583922354068],[114.89217633683734,4.845942319732946],[114.8896530770685,4.84484330726707],[114.88771385704729,4.843829554953145],[114.88702048319249,4.843363661214658],[114.88616773063708,4.842370325474435],[114.88582697261246,4.841490734642035],[114.88554041550277,4.838415617928875],[114.88553310261635,4.836004354937939],[114.88541464922176,4.833811548873909],[114.88503953835273,4.831745707843876],[114.8845656865769,4.830939755516347],[114.8837234187433,4.830272354323732],[114.88247167162679,4.829562978432269],[114.88085477993312,4.829222120558681],[114.88005822384287,4.829419048711118],[114.87665745587935,4.83107035562563],[114.87554025655659,4.831689289671876],[114.87404695434248,4.832779069994041],[114.87333289439994,4.833107944165062],[114.87196909243588,4.833047082837153],[114.8707982432903,4.832691716091342],[114.86974834197767,4.832084449642257],[114.86821286503549,4.830586715412124],[114.86780471372079,4.829774012745954],[114.86761171653696,4.828554272818935],[114.86771671425936,4.827495834262097],[114.86836215253926,4.826272976501363],[114.86951992945129,4.824723557469016],[114.87044203788122,4.823692039402681],[114.87102193780453,4.82278590743799],[114.87126846348427,4.821948612616045],[114.87115820109352,4.82107283619796],[114.8707975221884,4.820494000187624],[114.86971662601654,4.819878916955172],[114.86882285230968,4.820027452605787],[114.86613957148049,4.821134400822938],[114.86554321982089,4.8212554739669],[114.86583770246324,4.8194463609934415],[114.86634395613127,4.818466452155778],[114.86752117614466,4.817467543428944],[114.86892262251915,4.8161117802855244],[114.87043948172389,4.815426100441235],[114.87124364046706,4.815402709066052],[114.87212356163006,4.816259169547725],[114.87303152963445,4.816025912610027],[114.87402950537727,4.815058507212487],[114.87449013590728,4.81482706873925],[114.87558708069257,4.814918026156221],[114.87632812617498,4.814748137353909],[114.87676555430237,4.814338189763294],[114.87691914727966,4.813321428416678],[114.87741204745583,4.812284223172135],[114.87931670620534,4.811591663821236],[114.87913500390475,4.810758494893486],[114.87848239035121,4.810531562955494],[114.87787884608137,4.810051360072877],[114.87745154744242,4.809324534990695],[114.87727660868903,4.808375853360421],[114.87696653749131,4.805270452696949],[114.87672469126079,4.804017577962048],[114.87847795865883,4.804972489502368],[114.8807225507978,4.806758008978446],[114.88644565807172,4.810060260886191],[114.89621039427311,4.81564479912975],[114.89987879837966,4.814843685443141],[114.90658142847549,4.812822279329928],[114.9138428709517,4.810088419288404],[114.9142835930526,4.80910630211189],[114.91483078609329,4.808945438682888],[114.9168734139725,4.808829776608415],[114.91795567529329,4.808553845583643],[114.91893890681988,4.808527556909653],[114.92117538989302,4.80994086190398],[114.92295634098315,4.810012298544606],[114.92344284539996,4.810139301342871],[114.92484920290235,4.810877690032557],[114.92507640098708,4.811234497556713],[114.92638456817609,4.811768271226704],[114.92779694193916,4.812501491767373],[114.92957710507449,4.813102885348778],[114.93037132099408,4.813582355645507],[114.93096317504266,4.814248941312836],[114.93199267964265,4.814663740389396],[114.93479978650215,4.81467687926384],[114.93706242553665,4.8144444725495115],[114.9382091584594,4.813652266246951],[114.93983859659247,4.810531579925932],[114.94113744172252,4.809280034001912],[114.94540508175054,4.807453385366383],[114.94720248164536,4.806921260213224],[114.94906427767027,4.804732007456033],[114.95253878863357,4.804398199621906],[114.95370896933244,4.803965944504181],[114.9548840913366,4.805742137134789],[114.9560564325017,4.811197236968665],[114.95727372281948,4.812038823774961],[114.95769485883433,4.812679340625092],[114.95837813592645,4.813109212132785],[114.96032133829712,4.8124460540675535],[114.96108700196916,4.811805594088551],[114.96191566775614,4.811448012511858],[114.96278903611505,4.810395718501739],[114.96353662174309,4.810086227938923],[114.96455205235786,4.810923469200054],[114.96512266670337,4.8109890413558745],[114.96787228218767,4.809289060834079],[114.97098075141763,4.808178223629025],[114.9713121234805,4.808252148353165],[114.97232991761817,4.810039430879683],[114.97319259133359,4.811722200886807],[114.97451150947104,4.813050724091233],[114.97516864475607,4.814020675416389],[114.97552620682937,4.814994741273775],[114.97562388514017,4.816924208965518],[114.9763509853026,4.819095776268483],[114.9774447394684,4.821490915637432],[114.97863303029163,4.822814692360863],[114.97969048834631,4.82364698529494],[114.9806267893035,4.824710913501034],[114.98104233988008,4.826657910975734],[114.98126492373224,4.827310078633015],[114.98208619566526,4.828861021360376],[114.98314089128115,4.830157085688946],[114.9838802990034,4.831334144108886],[114.98472915494494,4.833508024868591],[114.98552744948293,4.8348590776116],[114.98685492391282,4.836650416146935],[114.98750065055565,4.837651953330138],[114.9877969784302,4.8384705611464645],[114.98784605804833,4.83947870233204],[114.98759618141317,4.840346890989619],[114.98699761759892,4.841115806109401],[114.9859312935516,4.842109046582835],[114.98481103509074,4.8434385245098674],[114.98390119696984,4.844709360467892],[114.98337078698496,4.845910548880075],[114.98242778657588,4.845313873856576],[114.9820835591727,4.844442806512216],[114.98136030343657,4.841672604858997],[114.98086952961332,4.840431203556938],[114.98054366148958,4.840199359657541],[114.97960455353379,4.840271864453053],[114.97807431993016,4.8406961282054795],[114.97724036889711,4.841059395713296],[114.97513268852761,4.842241205185969],[114.97433222960389,4.842325134083423],[114.97347345464028,4.8421418902388],[114.97246117040964,4.84170307762242],[114.9710245770806,4.840905548005675],[114.96974392529712,4.840599281684239],[114.96927533284445,4.840673113155241],[114.96841273920482,4.841964579736278],[114.96771620763153,4.84266541636071],[114.96653592547418,4.84345764875464],[114.96483554119575,4.844431830542956],[114.96443792049612,4.845257992166638]]]},"properties":{"id":15,"name":"MUKIM LUMAPAS","length":43418.09375,"district":"Brunei-Muara","displayName":"Lumapas"},"id":15},{"type":"Feature","geometry":{"type":"Polygon","coordinates":[[[114.94585176240471,4.88006502603503],[114.94455472096367,4.880485088910182],[114.94366767893463,4.8806455572646446],[114.94153692210995,4.880433461533691],[114.93924217666316,4.879491024143038],[114.93785931092195,4.879492506972028],[114.936778644985,4.877078489241435],[114.93678620178758,4.876320510162998],[114.93608851436075,4.875805186199134],[114.93566553587054,4.8763641502108745],[114.93485705452419,4.875898499645641],[114.9352578038042,4.875017187451723],[114.93565709481226,4.875122209945044],[114.93580271857353,4.8743931784725145],[114.93673625020614,4.873127538344782],[114.93778525840551,4.872499688940614],[114.93780173903548,4.871634267936004],[114.93878312896773,4.871387726323703],[114.93902013374621,4.871999568818102],[114.93913766904356,4.874832713219524],[114.93964506298913,4.875999464590866],[114.94091317052678,4.877336239744455],[114.94236074880678,4.878107225025728],[114.94322039100405,4.879001379668551],[114.94321567448861,4.878227255293707],[114.94415241781981,4.8779069208570585],[114.94539568548613,4.878580828361985],[114.94536768090282,4.877682209949733],[114.94658349081666,4.87700810285105],[114.9466545500046,4.876294943045014],[114.94547745220885,4.874783326432365],[114.94555330469532,4.874040753196008],[114.94526280854602,4.873306672963939],[114.94541254037344,4.872757414168203],[114.94532658751996,4.8718217983862555],[114.94578020335844,4.8715998864370755],[114.94614919945661,4.870871097805712],[114.9462679973227,4.869802542129028],[114.94598457064191,4.869769128528629],[114.94611875101623,4.868779326841378],[114.94650915163366,4.868804656937646],[114.94647370221385,4.866585111073657],[114.94626940520409,4.865941949376586],[114.94585506630952,4.865708673747209],[114.94523044282633,4.865807281027635],[114.94498321983546,4.865073238179706],[114.94642434858821,4.865095684217938],[114.94739000951799,4.864592870713751],[114.94753879057153,4.863739819849987],[114.94890339177577,4.862006463922442],[114.9496074518941,4.861722207898803],[114.95031055650364,4.860949590521375],[114.951028884424,4.860543198500648],[114.95156802495744,4.860500247294685],[114.95224268029529,4.8600035498625385],[114.95245149010582,4.859380571359441],[114.95309654918587,4.8589704500713005],[114.95327270118221,4.858175176650638],[114.95404509831808,4.856857451860999],[114.95386541318615,4.85651943810276],[114.95454729311986,4.855449570156403],[114.9549763391196,4.855340262982564],[114.9556827362466,4.854182704544768],[114.95576384242027,4.853447643095137],[114.95628412355772,4.852239793593553],[114.95654920094067,4.851051401155059],[114.95776986421684,4.850370977751507],[114.95853746801268,4.850409260826007],[114.9593172606237,4.850020751800571],[114.95871324317818,4.849316673119478],[114.95932439129153,4.848697511474522],[114.95984388763605,4.848501434086412],[114.96008914625871,4.848906502143675],[114.96061367171829,4.848157043351893],[114.9614472859929,4.848318134168121],[114.96308464217587,4.846210455224261],[114.96443792049612,4.845257992166638],[114.96466261985874,4.845832233982522],[114.9642727852496,4.845782510052971],[114.96347331687204,4.8462339636614],[114.96301717036373,4.846886283358316],[114.96262024584344,4.847937335975466],[114.96172976057254,4.849153005048676],[114.96123764703925,4.850269563770573],[114.96037483240752,4.851369197492109],[114.96048870278123,4.852204033989766],[114.96031816401516,4.8531402384323465],[114.96043854426544,4.853614537167451],[114.95997320759088,4.855878603508489],[114.95942022952157,4.856850740317794],[114.95897754306192,4.858033428477701],[114.95823467862796,4.859641021886888],[114.95755310241695,4.860712641690441],[114.95766210793913,4.861333493386768],[114.95827093855365,4.8614340230958115],[114.959435274919,4.861145122712505],[114.96009210691435,4.862215556050717],[114.9603902060007,4.863405861682866],[114.95963179552798,4.864251397026457],[114.9596273575334,4.865292186465049],[114.9572449474529,4.865277857682444],[114.95723591635284,4.860609803787421],[114.95502055970935,4.859696563031659],[114.95488580118065,4.8599149947084115],[114.95126195932588,4.863911829086862],[114.95036961721277,4.865259315081267],[114.95002467683264,4.866321906577432],[114.94950795000118,4.868498543031853],[114.94932766294752,4.871226921602693],[114.94932961143552,4.874026515341848],[114.94942376700837,4.877121999107041],[114.949659592319,4.87903585737703],[114.9474744849836,4.879272018881808],[114.94585176240471,4.88006502603503]]]},"properties":{"id":16,"name":"MUKIM SUNGAI KEBUN","length":16082.4658203125,"district":"Brunei-Muara","displayName":"Sungai Kebun"},"id":16},{"type":"Feature","geometry":{"type":"Polygon","coordinates":[[[114.94153692210995,4.880433461533691],[114.94130109652602,4.882345242830185],[114.94057164535431,4.884802808713648],[114.93920192869521,4.884174322512219],[114.9387984580868,4.883966774981686],[114.93820685019479,4.883598808166426],[114.93662793470135,4.882195882050597],[114.93541044429257,4.880825593409096],[114.93064719321927,4.875145117011642],[114.93275486182434,4.87325240442402],[114.93328800623216,4.87345479864134],[114.93498961109825,4.873572158634174],[114.93580271857353,4.8743931784725145],[114.93565709481226,4.875122209945044],[114.9352578038042,4.875017187451723],[114.93485705452419,4.875898499645641],[114.93566553587054,4.8763641502108745],[114.93608851436075,4.875805186199134],[114.93678620178758,4.876320510162998],[114.936778644985,4.877078489241435],[114.93785931092195,4.879492506972028],[114.93924217666316,4.879491024143038],[114.94153692210995,4.880433461533691]]]},"properties":{"id":17,"name":"MUKIM BURONG PINGAI AYER","length":4177.70361328125,"district":"Brunei-Muara","displayName":"Burong Pingai Ayer"},"id":17},{"type":"Feature","geometry":{"type":"Polygon","coordinates":[[[114.94905554509484,4.883684391232422],[114.9484770459159,4.884368407820355],[114.94763649707242,4.884985442687042],[114.94554171915637,4.885431887328737],[114.94537933516888,4.883557812934691],[114.94550877076689,4.882304979998721],[114.94672851712963,4.881905166518295],[114.9464254541907,4.880916181626479],[114.94585176240471,4.88006502603503],[114.9474744849836,4.879272018881808],[114.949659592319,4.87903585737703],[114.949666329154,4.881006644636243],[114.9495685701364,4.882369726809136],[114.94905554509484,4.883684391232422]]]},"properties":{"id":18,"name":"MUKIM SABA","length":2190.006591796875,"district":"Brunei-Muara","displayName":"Saba"},"id":18},{"type":"Feature","geometry":{"type":"Polygon","coordinates":[[[114.94554171915637,4.885431887328737],[114.94361609059739,4.885451315386803],[114.94223385785686,4.8852973614451285],[114.94057164535431,4.884802808713648],[114.94130109652602,4.882345242830185],[114.94153692210995,4.880433461533691],[114.94366767893463,4.8806455572646446],[114.94455472096367,4.880485088910182],[114.94585176240471,4.88006502603503],[114.9464254541907,4.880916181626479],[114.94672851712963,4.881905166518295],[114.94550877076689,4.882304979998721],[114.94537933516888,4.883557812934691],[114.94554171915637,4.885431887328737]]]},"properties":{"id":19,"name":"MUKIM PERAMU","length":2315.650146484375,"district":"Brunei-Muara","displayName":"Peramu"},"id":19},{"type":"Feature","geometry":{"type":"Polygon","coordinates":[[[114.93637764069658,4.889563794814556],[114.93570333566633,4.889584524561151],[114.93478590381358,4.889160728368055],[114.9341380798704,4.889052520726802],[114.93377207074798,4.888596953859528],[114.93412748077807,4.888175317522847],[114.93502617183178,4.888134087384527],[114.9353849799331,4.8877180934353746],[114.93614676061337,4.887503762373544],[114.93638133396037,4.886821929031269],[114.93550130541134,4.886338005540048],[114.93481685126832,4.885681075290181],[114.93434803892953,4.884780988802823],[114.93419764485927,4.88462036815315],[114.93295783491254,4.883503933863692],[114.93348985337938,4.882974921200552],[114.93327154259337,4.882353843033221],[114.93246230501083,4.882163051023519],[114.93172135556671,4.88127511319777],[114.93136725476025,4.880110707294217],[114.92974747100635,4.878938362353704],[114.92993953743014,4.878360650850101],[114.92922723710343,4.877441549573971],[114.92889593087396,4.876723603625498],[114.93064719321927,4.875145117011642],[114.93541044429257,4.880825593409096],[114.93662793470135,4.882195882050597],[114.93820685019479,4.883598808166426],[114.93687764970345,4.887139176317143],[114.93637764069658,4.889563794814556]]]},"properties":{"id":20,"name":"MUKIM TAMOI","length":4562.82080078125,"district":"Brunei-Muara","displayName":"Tamoi"},"id":20},{"type":"Feature","geometry":{"type":"Polygon","coordinates":[[[114.90989925778248,4.880579412389847],[114.90735500752565,4.879653582163809],[114.90649906770983,4.87966582319847],[114.9054405293987,4.880135391187206],[114.90497405551788,4.880727483096085],[114.90346811171263,4.879912524674802],[114.90284999192895,4.879375758744846],[114.90254091358919,4.878547517486829],[114.90262806336615,4.877005307799803],[114.90203200595967,4.876866959432941],[114.90179101551419,4.875820893678387],[114.90107867191895,4.874873496836845],[114.90054865043047,4.874612562364974],[114.89961825170825,4.875133988509496],[114.89915191149359,4.8752055396009],[114.8985146873076,4.876166118306194],[114.89558241179085,4.878467658877445],[114.89477731289006,4.878150768430319],[114.89473953714646,4.8777716167922245],[114.89522334658002,4.877134256059504],[114.89544824089602,4.876040416711285],[114.89504987999095,4.875416695384041],[114.89386552065343,4.87551842254167],[114.89291480656678,4.874222475948993],[114.8917186242928,4.87408538418049],[114.88729078003468,4.874244634150678],[114.88712672565526,4.873637780970832],[114.8864284103456,4.87294152357374],[114.88547712100808,4.872688885057027],[114.88452680937138,4.8729473608992855],[114.88383265181959,4.873647756041309],[114.88358058432276,4.874602510872708],[114.88111990044393,4.877627071238845],[114.88115839161165,4.879803502445745],[114.87817410967848,4.885469605043511],[114.86835866956409,4.894971545265794],[114.86646262810457,4.896759801657037],[114.86470726682977,4.903721294924936],[114.8583559991185,4.900705618825989],[114.85651937156803,4.900774181356807],[114.85381661752159,4.901108250041581],[114.85280964182773,4.901311925472486],[114.85225345667173,4.900748785773723],[114.85135876932128,4.901003146070046],[114.8512215944877,4.900181858246168],[114.85127056716793,4.89787999561835],[114.85073349694203,4.897491037910004],[114.84962021909084,4.897761156048617],[114.84965186773185,4.8972252339788],[114.84869881874543,4.894719632188113],[114.84907727510452,4.894527447584218],[114.8497334219866,4.894846030119879],[114.8509204820321,4.8951307032251785],[114.85236374236834,4.89504929138882],[114.85232046184879,4.893983629892809],[114.85182692477551,4.893194150681429],[114.85251079310467,4.891697313883874],[114.85122047552521,4.889879403079992],[114.85140877303745,4.889044019402763],[114.85329191519075,4.885601811628434],[114.85339763081056,4.884581832184486],[114.85293176025917,4.884068310250471],[114.85291703140443,4.8772203033186505],[114.8532136832833,4.876672045765342],[114.85326146129577,4.87103536468331],[114.85321573564896,4.867214383324305],[114.85593968594807,4.867152127754495],[114.85873752462689,4.867160273373995],[114.85878853476541,4.865260693494139],[114.85863860684061,4.865261170688076],[114.85850275509746,4.861295037589502],[114.85723086259016,4.860809476895581],[114.8541135923214,4.858842438007882],[114.85224225601713,4.8575300060851125],[114.85154414980265,4.857238658609028],[114.85047694647895,4.857435049354628],[114.8494280833915,4.857242569363885],[114.8481950237428,4.856324307338026],[114.85044072776266,4.8546885883955415],[114.85431300767202,4.852142603884459],[114.85813685070809,4.852939113855295],[114.85822924577396,4.85184466300698],[114.85934034231884,4.851808532494792],[114.85969014349806,4.849698606913373],[114.86188617350105,4.849735502556311],[114.86316172578688,4.848360407384333],[114.86206684216168,4.8470365570116],[114.86163053190643,4.8469796524033635],[114.86171301007771,4.845360023715774],[114.86276035308636,4.845487994431073],[114.86433278403783,4.843526979705994],[114.86594253407402,4.842172908838395],[114.86636777415809,4.8396733034972215],[114.86803412749708,4.839719129986683],[114.86804105386116,4.838088985258407],[114.86700476939252,4.8380751646477895],[114.86429374604218,4.837848795605601],[114.8626459075392,4.836908279270043],[114.86356881399304,4.835287791492805],[114.86306771211063,4.835068597544389],[114.86304028700411,4.833922686978446],[114.86024569479721,4.8339896394141615],[114.85982130383809,4.829680587322985],[114.86207235009358,4.828871222763173],[114.86203995751767,4.827590380483868],[114.86151682501698,4.8275873936746905],[114.86154082324455,4.826244014157682],[114.86104827926039,4.826272504595365],[114.86035737361227,4.8228645452327825],[114.86034734516993,4.82177593837579],[114.86065746548839,4.820908504176634],[114.86207502118118,4.819321822791502],[114.86367219032189,4.821151478174355],[114.86428927881991,4.821369489260628],[114.86554321982089,4.8212554739669],[114.86613957148049,4.821134400822938],[114.86882285230968,4.820027452605787],[114.86971662601654,4.819878916955172],[114.8707975221884,4.820494000187624],[114.87115820109352,4.82107283619796],[114.87126846348427,4.821948612616045],[114.87102193780453,4.82278590743799],[114.87044203788122,4.823692039402681],[114.86951992945129,4.824723557469016],[114.86836215253926,4.826272976501363],[114.86771671425936,4.827495834262097],[114.86761171653696,4.828554272818935],[114.86780471372079,4.829774012745954],[114.86821286503549,4.830586715412124],[114.86974834197767,4.832084449642257],[114.8707982432903,4.832691716091342],[114.87196909243588,4.833047082837153],[114.87333289439994,4.833107944165062],[114.87404695434248,4.832779069994041],[114.87554025655659,4.831689289671876],[114.87665745587935,4.83107035562563],[114.88005822384287,4.829419048711118],[114.88085477993312,4.829222120558681],[114.88247167162679,4.829562978432269],[114.8837234187433,4.830272354323732],[114.8845656865769,4.830939755516347],[114.88503953835273,4.831745707843876],[114.88541464922176,4.833811548873909],[114.88553310261635,4.836004354937939],[114.88554041550277,4.838415617928875],[114.88582697261246,4.841490734642035],[114.88616773063708,4.842370325474435],[114.88702048319249,4.843363661214658],[114.88771385704729,4.843829554953145],[114.8896530770685,4.84484330726707],[114.89217633683734,4.845942319732946],[114.89418600005497,4.846583922354068],[114.89669118582418,4.847513467355493],[114.90086083133025,4.849473312147379],[114.90211077144137,4.85019050524584],[114.90357924473712,4.851410381919594],[114.90442281474677,4.8522920712225135],[114.9059207905531,4.854287307177987],[114.9070234688947,4.855630743730516],[114.90767609238654,4.856159304868521],[114.90944041883483,4.856548399412846],[114.91032206789123,4.856572891515232],[114.91305212635113,4.855925753196726],[114.9143415658466,4.855976600481454],[114.914961247486,4.856290086091542],[114.91601807623984,4.857295764479496],[114.91687583461675,4.858800586534275],[114.91833355270848,4.861167232544768],[114.92021471709113,4.863063415950599],[114.92147781905719,4.863920378820375],[114.91897621538739,4.864906938703937],[114.91768686079507,4.865752595926224],[114.91690386926912,4.866676850213579],[114.91581548147116,4.86895089863391],[114.91551196142582,4.869387625005191],[114.91487292910537,4.869749082539996],[114.91360062777072,4.8701509314258615],[114.91285862917931,4.8711831561716235],[114.91192123915167,4.874279533461742],[114.90989925778248,4.880579412389847]]]},"properties":{"id":21,"name":"MUKIM KILANAS","length":37342.62890625,"district":"Brunei-Muara","displayName":"Kilanas"},"id":21},{"type":"Feature","geometry":{"type":"Polygon","coordinates":[[[114.74165435462562,4.635979367227741],[114.7308951114428,4.6330647885316765],[114.70018454986878,4.624757035493885],[114.69270486130469,4.624868676502856],[114.67033094545405,4.624998086755938],[114.67008733105867,4.626024868762876],[114.6700911701456,4.627820038425286],[114.66595943737616,4.642852875061073],[114.66542840316933,4.648215331146586],[114.6645532091434,4.657369695364348],[114.6599442924963,4.6544246366966355],[114.6549097202687,4.651207101063989],[114.65149028147424,4.6512019257046555],[114.64453663742904,4.6502282521860785],[114.64404866944592,4.64939225754471],[114.6434807635604,4.649335490394197],[114.64309004334348,4.650021829453372],[114.63409217129953,4.640447047232521],[114.62588131636892,4.6378502223635305],[114.6242147402659,4.637105162171305],[114.6237683204215,4.637055679125164],[114.6236987461884,4.6364020356609],[114.62479173386102,4.635503678938442],[114.6258707596851,4.633747350081009],[114.62721510138712,4.632195751414759],[114.62870312364086,4.631276817451385],[114.63007591267508,4.630037145416048],[114.63138171939906,4.629230060032449],[114.63203171445625,4.628998215841718],[114.63384541500244,4.62872924271609],[114.63555691280553,4.627551363861001],[114.6362402156478,4.626321779912858],[114.63711658219488,4.625242578093671],[114.63743604096211,4.619093967250518],[114.64527468222515,4.595217241908974],[114.64621609309553,4.581601052308205],[114.64698496025802,4.567946045957008],[114.65150133686308,4.55993296748468],[114.65648453159181,4.554140086039377],[114.65625430691003,4.509950249411942],[114.65641429684423,4.509152514095842],[114.65658722294391,4.507539363865758],[114.65637990991283,4.505298722473122],[114.65657970226283,4.503827375667787],[114.65713077944865,4.503306080833321],[114.65984249918787,4.5018084610437095],[114.66229594651621,4.500605488620338],[114.66354595107515,4.500071766757233],[114.66454732916965,4.4998552805250815],[114.66511093341867,4.4999902023273135],[114.66659988392932,4.500916133648527],[114.66758038193001,4.501288132620031],[114.6687074063161,4.501490141697718],[114.67032956524191,4.5015104358769875],[114.67085915246963,4.501362823881535],[114.67179295848534,4.500750278134318],[114.67254558936281,4.500002301383326],[114.67274788813123,4.499436192803391],[114.67242874422524,4.496898820930453],[114.67227245741508,4.494392644715134],[114.67238246847815,4.490643283516448],[114.67290225534299,4.489013598526311],[114.67314074352882,4.487896545453045],[114.67354021635339,4.487347967017845],[114.67569430223367,4.4856881249320075],[114.67810986079301,4.48382847127876],[114.68033280382683,4.481599865430853],[114.68189401722782,4.479792832232703],[114.68265795215918,4.478470225644348],[114.68287775746151,4.477326086450625],[114.6829473612869,4.475045926795881],[114.68318223455084,4.47185579885041],[114.68288367019143,4.4684388180956],[114.6825275286845,4.466373531669325],[114.68230684586551,4.464209788430295],[114.68211980338887,4.4631905941747645],[114.6821235958917,4.46173956653965],[114.68268015480197,4.459983425458483],[114.68328928350431,4.4588947013406965],[114.68385227121114,4.4582204441367725],[114.68485829695105,4.457475115257393],[114.6860986342406,4.457136388340908],[114.6884412536925,4.457629969807798],[114.69081853783227,4.458430100384301],[114.69391790611971,4.460043548661672],[114.69545699915815,4.45979580704379],[114.69720660567998,4.458710312455131],[114.69876632786755,4.457398688925207],[114.70006379790283,4.456158471160159],[114.7035575377323,4.452274732628649],[114.70531947108948,4.44999026534462],[114.70613855072249,4.448081855839369],[114.70713266434149,4.44514614419984],[114.70760556127316,4.444291242063879],[114.70853172073532,4.443004870348771],[114.70902319496848,4.441951507610761],[114.7099050623036,4.44053892593374],[114.71076727153061,4.43954101833851],[114.71198422308817,4.437732633990706],[114.71288496440182,4.436031428627386],[114.71389530580132,4.433663741132242],[114.71418024472885,4.432078207327385],[114.71495481150338,4.429979981234063],[114.7154659937642,4.428340939113371],[114.71668406030678,4.426145052402173],[114.7187677984641,4.421815051524427],[114.71966688051829,4.420528739877933],[114.72072890285298,4.419305828214027],[114.72305161085164,4.417013462454762],[114.72397739153057,4.416006588832803],[114.72598370002846,4.413560245189277],[114.7276364333757,4.411347525398827],[114.72914308575533,4.409647923886553],[114.73137665845955,4.406733426182444],[114.73273915773221,4.404654939958123],[114.73395790092631,4.402332673259662],[114.73495052012052,4.399910444612456],[114.73641386201757,4.397462820426582],[114.73746006506536,4.395464378838456],[114.73863226990184,4.393610560540797],[114.7400839366251,4.392000965070325],[114.74372101587063,4.388963899068983],[114.7446459374426,4.388263373027819],[114.7460796938291,4.386698757215098],[114.74650710725214,4.385915457106181],[114.74703698565605,4.383960904646332],[114.74771227408094,4.381853302726932],[114.74835872256747,4.380286464282377],[114.74883310582176,4.378809441035939],[114.74977845169106,4.3771984807855615],[114.75111494225547,4.374731966341993],[114.75186028474785,4.373481101391631],[114.75336380275607,4.37152028975598],[114.7553537029494,4.369888444346978],[114.75729501629858,4.368398337990415],[114.75950626447519,4.367168303682413],[114.76073743799304,4.366062118619888],[114.76143789523805,4.3650680048854325],[114.76238885023406,4.363270749586491],[114.76377103403131,4.360083069042281],[114.76444928769435,4.359009315599775],[114.76535242860749,4.3583879602898845],[114.76623158619675,4.358230761074116],[114.7670758350874,4.358458898889037],[114.76787410750417,4.359139387351585],[114.76911004110659,4.360430768635938],[114.77130270155921,4.362471127165881],[114.77262987200304,4.363186222926221],[114.77318205114764,4.363288597727024],[114.77402772279494,4.363041047443635],[114.77519003743103,4.362081446476686],[114.77627651024144,4.360227810543158],[114.7767418410133,4.35875841882585],[114.77740327034584,4.355229163202872],[114.77793620404626,4.3537705922965735],[114.77868273821541,4.352561803458844],[114.77931558631,4.35175949915043],[114.78199082974378,4.349591926514456],[114.78254032478257,4.349222023384334],[114.7842703555858,4.34805664837833],[114.78561352971631,4.346950083194688],[114.78642693357992,4.346080248676544],[114.78755712824446,4.344554884859027],[114.78850972712534,4.341818666959429],[114.78921105217559,4.340756687066659],[114.79046322976134,4.340113343949444],[114.79262613870621,4.340094449076215],[114.79382134931717,4.339802304777877],[114.79689975597613,4.338596979550671],[114.79823114887681,4.337705513311543],[114.79933946273253,4.335840464247954],[114.79989604667497,4.3340200259148425],[114.8001477151764,4.332300556786944],[114.80078302884982,4.330446247836916],[114.80158715013624,4.328739251306808],[114.80196160134045,4.3275971209438575],[114.80195753241138,4.324338606023154],[114.80157101325412,4.321238103374353],[114.8015306016094,4.319201537609613],[114.80198443743211,4.317867255964054],[114.80284296710197,4.316850293466669],[114.80403917245023,4.315958653790654],[114.80512164349263,4.315451177189312],[114.80674523273886,4.314933590992442],[114.80813110858266,4.314766059561136],[114.80902106117301,4.31484675810051],[114.81074372108469,4.315449242869549],[114.81262278648822,4.316379961129915],[114.8161556297345,4.318411082405873],[114.81806746214019,4.319749254895095],[114.82062133727575,4.321303393147725],[114.82264764276314,4.321940265660592],[114.82523874892615,4.322012407995604],[114.82826937866874,4.321994743552544],[114.82982455753357,4.321759676241447],[114.83178700719222,4.320823837441991],[114.83259949947161,4.320236874569595],[114.83407822483115,4.31892687405885],[114.83646120201408,4.316464346397097],[114.83740893677641,4.315911449265704],[114.84000077578281,4.315485814587179],[114.84442951995229,4.315074350055064],[114.84596040372102,4.315189793930721],[114.84704218540735,4.315576247036753],[114.84934843295842,4.316790759400895],[114.85076716660085,4.317245425080553],[114.85358321108967,4.317589532037879],[114.85551619006533,4.3176487866737165],[114.85592444981175,4.318269449215202],[114.85726462325437,4.319367062998884],[114.85827992131281,4.320661826029113],[114.8595925620225,4.321592197628948],[114.86018104842036,4.32178682407181],[114.86078799596822,4.32249636071301],[114.86100876568945,4.323612950548318],[114.86198759883698,4.3243956784849535],[114.86258035201392,4.325249968353685],[114.86298334410695,4.326106818707864],[114.86434528103764,4.327316844258403],[114.86522848841955,4.328500644711044],[114.86551870465689,4.329489833395313],[114.86712628302226,4.3309974295166445],[114.86859324483498,4.333507677161214],[114.86954570061899,4.33560135406612],[114.87054893608112,4.336990536453463],[114.87012509098777,4.3377888852547875],[114.8701827196099,4.338402878794839],[114.87110555691955,4.339648164659461],[114.87193196521883,4.3402973810618555],[114.8722597055577,4.3408483615710285],[114.8724579703457,4.341782433236633],[114.8728693715587,4.34280487997676],[114.87285606244093,4.343239335822927],[114.8721730030031,4.3441653882956315],[114.87220484377916,4.3450002038298345],[114.87302032524482,4.346125412129263],[114.87283742060345,4.347449005230068],[114.87295619577307,4.349456498144822],[114.87316857184257,4.34966442979869],[114.87460741508723,4.350042398945006],[114.87483312351593,4.3503743674026065],[114.87496578645722,4.352317657855377],[114.87493510461594,4.353331574407828],[114.87573320343151,4.354293472340807],[114.87649016373429,4.354510176788464],[114.87656353182426,4.356581967306128],[114.87634382984554,4.357107503322689],[114.87625660504871,4.358596992611262],[114.87703444525484,4.359377213731017],[114.87743970379859,4.360045531026362],[114.87699161167711,4.361202620425927],[114.87698704094234,4.361915163582068],[114.87805511085169,4.362947165112637],[114.87823805050732,4.3636537591385],[114.87809393373136,4.364954336763364],[114.87851057260042,4.365659643149716],[114.87850872649946,4.366158503955156],[114.87796586872675,4.367632440566304],[114.87809279886294,4.368072116017736],[114.87876644786233,4.3684792905661896],[114.87918014234208,4.369324794038748],[114.88011418309708,4.370719265546472],[114.87991642426867,4.372339387683221],[114.88003768322314,4.37368267239396],[114.87910407352656,4.374998693466702],[114.8788404087587,4.3764321960081665],[114.87947984514429,4.377616447130831],[114.87939421561374,4.379257702868206],[114.87906986195148,4.380366926620385],[114.87942888910747,4.381381615022429],[114.88003657975406,4.382129005843753],[114.88052624601191,4.383321632763718],[114.88094563708044,4.38381918955543],[114.88070187902234,4.384948513768245],[114.88024787281516,4.385834289056803],[114.8796806346323,4.386339986233897],[114.87974578881848,4.386834961911086],[114.88073132744029,4.388121021722205],[114.88045053846842,4.3885622394693815],[114.87979589709322,4.3888488807184824],[114.87953734112011,4.38937820868103],[114.87926700835621,4.390842254997404],[114.87965982016931,4.3922203077381665],[114.87927172895017,4.3929320566171395],[114.87791326434628,4.393263548928632],[114.87762638569514,4.39392410874726],[114.87780715524809,4.394839858370981],[114.87855505998489,4.396682599383067],[114.87941693351365,4.398041396893985],[114.88075753555711,4.399043155222365],[114.88096587740847,4.399950622215103],[114.88214570761615,4.401597285864128],[114.88216336158165,4.402211118248913],[114.88178524302428,4.402869983804714],[114.88139791105816,4.404379611530485],[114.88129478399725,4.405275038122339],[114.88221713999577,4.408170055138904],[114.88210442024908,4.409426440325794],[114.88304729013291,4.410379116855397],[114.8832395546834,4.411001449758089],[114.88266516645237,4.413219660665479],[114.88207515134579,4.414017106307853],[114.8821783920685,4.414625866381393],[114.882932767401,4.415633108239973],[114.8829544949993,4.4166561842783265],[114.88267022741215,4.418168885220077],[114.88344501073534,4.419768184669379],[114.88356339698034,4.4207231259399515],[114.88332058186054,4.421613048929336],[114.88344210824191,4.4230413979802625],[114.88308856358154,4.423452313590618],[114.88259955522689,4.4250504345141275],[114.88193877521766,4.425548504660461],[114.88170583587443,4.425987872641782],[114.88029366892489,4.425905184440666],[114.87918456059849,4.426027035965014],[114.87780051106496,4.426482395951302],[114.87693830816977,4.426312082681517],[114.87594163698718,4.425264886816563],[114.87406885124359,4.424651969280812],[114.87342213500358,4.4242257683676245],[114.872713289702,4.424109528961663],[114.87198409722247,4.4245218787233975],[114.87112265023396,4.424597735375325],[114.86972089670405,4.424050625647481],[114.86845111832595,4.423934410928723],[114.86758729422722,4.423414758778066],[114.86649389962226,4.422410240817878],[114.86472007439365,4.422294436777831],[114.86378209003583,4.421277852080753],[114.86318326214474,4.420854605759149],[114.86257327169402,4.420834150487713],[114.861866994036,4.421374737384839],[114.86070218603523,4.421328281277225],[114.85945233732139,4.422207716138037],[114.85792252592819,4.422512276435165],[114.85670976831682,4.422440242389346],[114.85554498345871,4.421474085743918],[114.85503911344533,4.4214309769967395],[114.8540670809924,4.4219955459975],[114.8527696230379,4.422035123916464],[114.85146905302616,4.4223485822783655],[114.85044615376775,4.422855077931159],[114.8500347078082,4.423306853790006],[114.84893815739395,4.423297764097554],[114.848486465207,4.423105537412566],[114.84796552865704,4.422365775747924],[114.84793883378637,4.420244115900121],[114.84687094772175,4.420400559878113],[114.84554394489007,4.421097623980423],[114.8436145217033,4.421858418235119],[114.84276556653045,4.422339220417796],[114.84040052251294,4.424128707852273],[114.83849991419963,4.425857425111746],[114.83684889354426,4.425937902383138],[114.83450411663651,4.426235846532032],[114.8332410578948,4.427415151436652],[114.8318642639769,4.42804338154938],[114.83095673876224,4.4289053389321875],[114.82903958524746,4.429634682925486],[114.82846028299822,4.431770890991827],[114.8284806118414,4.432539591426454],[114.82732351609681,4.434315773277955],[114.82735147009144,4.434623193416229],[114.82816474151457,4.4353804547603355],[114.82754626667725,4.436476685111947],[114.82712755114885,4.4380787885621755],[114.82676947004212,4.438866721588717],[114.82586287837947,4.4400452183043235],[114.82580229757826,4.440877477323096],[114.8250210203238,4.441775216203377],[114.82513091304153,4.442362764125663],[114.82647592357009,4.443145554454372],[114.82651283821217,4.443434859779664],[114.82584053059155,4.444612647530026],[114.82506722769071,4.445166680445799],[114.82479854875083,4.4457191939418],[114.82555857347306,4.446747945093409],[114.82667937130559,4.447884139288663],[114.82664462858342,4.448318369229365],[114.82579193069732,4.449442433987929],[114.82487490728168,4.450150654255268],[114.82496373094685,4.452728001074614],[114.82482207190569,4.453569546805778],[114.82440082040273,4.454330536030337],[114.8235691965212,4.456476533794139],[114.82295140157339,4.457807903225443],[114.8208478527687,4.45951456065629],[114.8210681808912,4.460870537918047],[114.82209094776042,4.4623687978430135],[114.82149866483195,4.463193609827678],[114.8210059091724,4.4641537856381275],[114.82100349773688,4.466360588422446],[114.82046961449097,4.467505446395879],[114.8207386867728,4.468398599434992],[114.82140093257789,4.469873360789893],[114.8198651286465,4.471410702715718],[114.82042703092101,4.472101742101202],[114.82029286710406,4.472815226445916],[114.82039243685739,4.473717372666705],[114.81890071774815,4.475120891746401],[114.81865956414795,4.475843458440073],[114.81814041673623,4.476079041277111],[114.81763641655223,4.476861751279363],[114.81773433003863,4.478530683286063],[114.81763783031982,4.48054246405832],[114.81791207668549,4.481282416964029],[114.81790504162328,4.482132876071846],[114.81766934422335,4.4831750850769145],[114.81765554936916,4.484025564245972],[114.81829821555384,4.485732705592113],[114.8185177559493,4.486635619398799],[114.81851122979621,4.487845020145086],[114.8182748756394,4.48961132975239],[114.81804809915407,4.490434752641438],[114.81845403130563,4.491703110858095],[114.81893408721217,4.49232967621112],[114.8185744762337,4.49318345854032],[114.81872099612103,4.494153288312556],[114.81976414599089,4.494732939367487],[114.82001390454653,4.495757854513694],[114.81982088581105,4.496569587444419],[114.81888613948476,4.497399378164249],[114.81855601390541,4.498130972886762],[114.81870380442672,4.49971496075862],[114.8190893274623,4.500937308552657],[114.81929103923632,4.502093229011324],[114.81895159713734,4.502723952236971],[114.8188296539248,4.503572494360648],[114.81937548784022,4.504911653295738],[114.81933518869343,4.505373878390858],[114.81872790893249,4.507037289791382],[114.819594141784,4.508346092167241],[114.81945856910619,4.50915793294998],[114.81911640565089,4.5096323684750645],[114.8185774928768,4.51136905621063],[114.8192203656014,4.512004739708874],[114.8200341419901,4.513476775264294],[114.81992641713127,4.514371343394182],[114.81912177547078,4.515961579905153],[114.81896787122099,4.516859393370369],[114.81866931102871,4.517413116528918],[114.8187903389921,4.518899953693788],[114.81836015489043,4.520080378662514],[114.81870034551585,4.521208182188088],[114.8192967136406,4.5221133515175795],[114.81819914282492,4.525016714732703],[114.81880035857883,4.525657609881721],[114.8191489096747,4.526378398477013],[114.81971255073805,4.527073954398021],[114.81954303589659,4.528781266665037],[114.81814647848003,4.530400688638771],[114.81814943536187,4.53082603795583],[114.81948601595242,4.531947738005138],[114.81972177744315,4.53318749246172],[114.81950861777065,4.534615977265789],[114.81991823505646,4.53616808029032],[114.8194374850079,4.536827769111303],[114.81938081317816,4.537278168096682],[114.82013841761147,4.538794461058449],[114.81991602318848,4.5397696343423375],[114.81893290287941,4.5410181345930685],[114.81840739358995,4.542346938798032],[114.81891194646974,4.543057931863436],[114.81971757816183,4.543866376679681],[114.819773592984,4.544706464935507],[114.81927976190961,4.545324926064898],[114.81868775338526,4.545698644268616],[114.81796106106852,4.547186324406962],[114.81915493331368,4.548610299984636],[114.81921397883387,4.549144571871307],[114.81978283965253,4.550074694347858],[114.81966117433748,4.550830242040472],[114.81917955635798,4.551579806161615],[114.81908204544796,4.5526919614774295],[114.8187880764143,4.553280146047151],[114.81784514608418,4.554411794578694],[114.81749613923543,4.555432001300844],[114.81959125643674,4.557041783153192],[114.81906364854972,4.557859882556322],[114.81879052739205,4.558639342017179],[114.81783907593787,4.56012712733002],[114.81788243043421,4.561633971983833],[114.81714551161707,4.562719779450565],[114.81590290187204,4.563094311350349],[114.81548940304536,4.563457314290881],[114.81570938985546,4.564695696488741],[114.81614354795758,4.565218952324318],[114.81694670527357,4.565569265836306],[114.81722751880774,4.566047760800513],[114.81686866240925,4.566600528206846],[114.81598188981731,4.568439137585128],[114.81581326165121,4.569316916962434],[114.81606878637423,4.5703833532651545],[114.81683759644208,4.571303550585237],[114.81726527449946,4.572676970656996],[114.81708204048881,4.574703393153325],[114.81768338469672,4.576890260757027],[114.81782099669455,4.577703816950563],[114.81736549618971,4.579097969345328],[114.81729743422505,4.580454783956414],[114.81741634695065,4.581042292118998],[114.818240480859,4.582378348034394],[114.81833558620039,4.584051216209424],[114.8177345359699,4.584993603210672],[114.81534216648882,4.586682960891443],[114.81603318102832,4.5887158088165565],[114.81757890272588,4.590239626153302],[114.81781586945756,4.591125233271953],[114.81732522521386,4.5928269862609605],[114.81715720977765,4.593912778694088],[114.81671816598121,4.5947823226866396],[114.8155750740416,4.595301252347561],[114.814242121723,4.595621782363868],[114.81252135176355,4.595853029782948],[114.80941454013427,4.596739580286625],[114.80910928315264,4.5971384292180035],[114.80870906468138,4.598948431838973],[114.80920176158013,4.600972826685328],[114.80910621294231,4.6021850138986835],[114.80857740069007,4.603181434105728],[114.80839979531433,4.604077323692827],[114.80843516288977,4.606889912197327],[114.8083582465139,4.6088784127405065],[114.80803188284212,4.610330668816959],[114.80839313622536,4.613242049888427],[114.80867858042777,4.613759534204976],[114.80925724466381,4.614186550040153],[114.80970466668427,4.6148064275358225],[114.80945514728522,4.615767533372921],[114.80876500118755,4.616881440666863],[114.80838760844708,4.618224468921283],[114.80885728380649,4.619130296695738],[114.80811620930237,4.620358533884793],[114.8076227379155,4.621690321022798],[114.80744049135222,4.622734031949948],[114.80741074879748,4.624104854174067],[114.80767137150337,4.6248004651299315],[114.80773857857396,4.626571476065989],[114.80694836353489,4.628329493170254],[114.80604271469319,4.629534759469349],[114.80478747594366,4.630628857471947],[114.80298292932832,4.6318952946176255],[114.80171971884754,4.632963977141729],[114.80082056269765,4.633891961504227],[114.8001572723784,4.634952360095535],[114.79987905920767,4.635933042081764],[114.79985489203028,4.6374807655914845],[114.7996111611098,4.638501192449546],[114.79893146072085,4.639349103829235],[114.79902683778225,4.639789995081031],[114.80005309536607,4.64050736023829],[114.80020147037669,4.641346028466276],[114.80002109206829,4.642455299751616],[114.79983313561522,4.645198719842708],[114.79967830699628,4.646567641667259],[114.79941110640453,4.647845328160916],[114.79880589527664,4.649504991019432],[114.79854707423388,4.651142147296804],[114.7987743982847,4.6528694716126715],[114.79929434183799,4.654104932997629],[114.79954997007214,4.655399436318093],[114.79984670529286,4.656162417031737],[114.7990930310229,4.656340881451398],[114.79820914515095,4.656118431417031],[114.79655520653084,4.656242899715019],[114.79501828549387,4.6556355437021475],[114.79338469622024,4.655527841733864],[114.79267378226442,4.6545311996964776],[114.79257993039853,4.653603067697519],[114.79183479969845,4.6528878632863275],[114.79080014673582,4.651449072694941],[114.78833272620311,4.649057968815399],[114.78919882615912,4.648000401568323],[114.78754121456267,4.646865882331009],[114.78692504872751,4.647099804150322],[114.78522179671083,4.647132960040981],[114.78454252249234,4.64736003224067],[114.7816477793956,4.64744592488981],[114.78084952729216,4.64773664516492],[114.779012533924,4.6475802799909225],[114.77599196830637,4.647786090354774],[114.77508633251864,4.6473104774555285],[114.77329761279266,4.646879656613107],[114.77254143671054,4.6471772763121875],[114.77120590653807,4.645908147141522],[114.76889253911189,4.64584458869469],[114.76798584722196,4.645003236773765],[114.7662842167182,4.645591985310418],[114.76523238987795,4.645461427183408],[114.76452861503205,4.644492876325752],[114.76363030683925,4.644122730709872],[114.76284291084035,4.643323224803149],[114.76225664932979,4.641784623694454],[114.76161050753652,4.641350438568067],[114.7612093736359,4.640803005441965],[114.76034139350483,4.641220508766935],[114.75902467247218,4.6420789055549],[114.75624194985551,4.641625623911218],[114.75393690482682,4.641525427487127],[114.7535383232068,4.641374665540942],[114.75323848630902,4.640464010830374],[114.75258603488079,4.639785076775356],[114.75265539131608,4.638558252731927],[114.75237454338323,4.6376210951660966],[114.75180786786402,4.637127593451627],[114.75159920924126,4.636331457771399],[114.75121187329387,4.635801420627845],[114.7512823881316,4.635364583872364],[114.75077881801607,4.634974428741549],[114.74998263049476,4.633441911687124],[114.75003994255994,4.632860278513708],[114.74911230687232,4.632464302238659],[114.74889974233814,4.632155038063241],[114.74583904181162,4.632102988960664],[114.74515463858079,4.631821203672919],[114.74353382059276,4.6301845379269775],[114.74275924717416,4.631678891550261],[114.7424869951265,4.632413693074547],[114.74165435462562,4.635979367227741]]]},"properties":{"id":22,"name":"MUKIM RAMBAI","length":104314.8671875,"district":"Tutong","displayName":"Rambai"},"id":22},{"type":"Feature","geometry":{"type":"Polygon","coordinates":[[[114.92821598359637,4.913918061927015],[114.92700459069881,4.914793955868851],[114.92617353448868,4.915212324069568],[114.92570343167176,4.915977845214255],[114.92553685364348,4.916771716400069],[114.92570903925795,4.91780186958027],[114.92650482076488,4.919358995187928],[114.92646268839307,4.921047548473199],[114.92556203886102,4.922765882555699],[114.92537499276187,4.92349878797003],[114.92489141839103,4.9238140749386705],[114.92337559762771,4.924074551001987],[114.92309971448839,4.923401462241546],[114.92237545085642,4.922262759851353],[114.9200842572597,4.923553618903414],[114.9191336689634,4.924322082927567],[114.91907158352073,4.923506618469752],[114.9187368345565,4.922829232466058],[114.91808052823102,4.922340300431458],[114.91804234353488,4.921384602251267],[114.91674524425474,4.921605290735501],[114.91675717720743,4.921938960994068],[114.91579533715495,4.922551907112814],[114.91406172838931,4.92156623472615],[114.9090113386334,4.918881788140556],[114.90708198097025,4.9175168263839995],[114.90597854356473,4.916425178583257],[114.90553421134733,4.915565563978299],[114.90537082110546,4.913910976539081],[114.90545418192673,4.9134954044821235],[114.90428502320229,4.913302466752471],[114.90217317791716,4.913741614647731],[114.901236982507,4.913719896382865],[114.90072421113982,4.91392042589288],[114.8992309852388,4.915083137647306],[114.89797769479084,4.916388112552123],[114.89683001653478,4.917214018090317],[114.89631821608202,4.917428253792421],[114.89624128094218,4.913370604987148],[114.89620512075015,4.9088277583096716],[114.89158923114518,4.908928644879817],[114.88815994494361,4.908688357989889],[114.88669959978822,4.908851504689974],[114.88537916065081,4.908812149405774],[114.88536797527547,4.908374748761539],[114.88289445061709,4.908144507936732],[114.87343732442574,4.9076107866520555],[114.86980986219727,4.905919870666389],[114.86470726682977,4.903721294924936],[114.86646262810457,4.896759801657037],[114.86835866956409,4.894971545265794],[114.87817410967848,4.885469605043511],[114.88115839161165,4.879803502445745],[114.88111990044393,4.877627071238845],[114.88358058432276,4.874602510872708],[114.88383265181959,4.873647756041309],[114.88452680937138,4.8729473608992855],[114.88547712100808,4.872688885057027],[114.8864284103456,4.87294152357374],[114.88712672565526,4.873637780970832],[114.88729078003468,4.874244634150678],[114.8917186242928,4.87408538418049],[114.89291480656678,4.874222475948993],[114.89386552065343,4.87551842254167],[114.89504987999095,4.875416695384041],[114.89544824089602,4.876040416711285],[114.89522334658002,4.877134256059504],[114.89473953714646,4.8777716167922245],[114.89477731289006,4.878150768430319],[114.89558241179085,4.878467658877445],[114.8985146873076,4.876166118306194],[114.89915191149359,4.8752055396009],[114.89961825170825,4.875133988509496],[114.90054865043047,4.874612562364974],[114.90107867191895,4.874873496836845],[114.90179101551419,4.875820893678387],[114.90203200595967,4.876866959432941],[114.90262806336615,4.877005307799803],[114.90254091358919,4.878547517486829],[114.90284999192895,4.879375758744846],[114.90346811171263,4.879912524674802],[114.90497405551788,4.880727483096085],[114.9054405293987,4.880135391187206],[114.90649906770983,4.87966582319847],[114.90735500752565,4.879653582163809],[114.90989925778248,4.880579412389847],[114.91168707853666,4.880584287682986],[114.91232779898937,4.880807632047357],[114.91299122693779,4.881461876365373],[114.91408706670781,4.88343345707778],[114.91795650022793,4.885268511912939],[114.91872421357701,4.8863221057126065],[114.91951582833792,4.887899109617242],[114.92170098889565,4.889160203812417],[114.92311683541953,4.888914296922387],[114.92401715204741,4.889553889940922],[114.92559253098561,4.8878865809391465],[114.92622301461832,4.888789296043287],[114.9300641850507,4.891603407849185],[114.9309815509905,4.890308830497462],[114.93177640272806,4.889525416075166],[114.93284356285655,4.890190587480386],[114.93324367897408,4.890670404408873],[114.93374586504288,4.891930846605808],[114.93404607372784,4.89232975465731],[114.93492467167127,4.892889795821568],[114.93538629529534,4.893173287717548],[114.93395675553434,4.897441063759102],[114.93350178708398,4.8984257300797],[114.93298461958902,4.899151483693987],[114.93175854976249,4.899735236145471],[114.93082558714836,4.900565694432738],[114.92987580285812,4.902262867726042],[114.92927402441369,4.903046680475685],[114.92765161055829,4.905729885959639],[114.92725767904898,4.906500022533304],[114.92703238170513,4.90717840738017],[114.92693838966306,4.908302747900072],[114.92726146353927,4.908656751172996],[114.92883164302867,4.908753355372273],[114.92986882174115,4.909665557358785],[114.92982630039529,4.911225281995547],[114.92950498980042,4.912644389979225],[114.92821598359637,4.913918061927015]]]},"properties":{"id":23,"name":"MUKIM GADONG B","length":25225.130859375,"district":"Brunei-Muara","displayName":"Gadong B"},"id":23},{"type":"Feature","geometry":{"type":"Polygon","coordinates":[[[114.8665956420867,4.969832580606692],[114.86540400328327,4.9698032446274585],[114.86404282158672,4.969610922719729],[114.86278602410894,4.96985763125465],[114.8618774448136,4.970595504328396],[114.86129087597617,4.970322643333894],[114.86093314741093,4.970695366261939],[114.86008020287038,4.9709810186707815],[114.85991120876375,4.971463510940922],[114.86082955332698,4.972047853234814],[114.86101820755724,4.973085508594444],[114.85990334162406,4.972546120200262],[114.85957141357466,4.971727963940514],[114.85904892618565,4.971564221825846],[114.8597226538198,4.970509717480185],[114.85984766341043,4.969990086011305],[114.85961401349176,4.968802267620932],[114.85905657602972,4.968111692057885],[114.85885108945031,4.967508473083041],[114.85665251846459,4.967270081849565],[114.85564955024965,4.967881068110317],[114.8557104606905,4.968713694220734],[114.85490918588746,4.969591313200692],[114.85431320955603,4.9706729703494545],[114.85391077947678,4.970644871595377],[114.85297393221784,4.971752415322068],[114.85301162937188,4.970023746634315],[114.85260571748258,4.970009226508872],[114.85197503930209,4.969517157101435],[114.85156201159126,4.968897473985109],[114.85135875934601,4.967772268337991],[114.85090535203913,4.967824895610393],[114.8506010011346,4.968433620756386],[114.85081322421988,4.968958401194423],[114.85031300050835,4.969159105680834],[114.84982701616529,4.96874665907894],[114.8504295342206,4.968412236527657],[114.85065686499487,4.967898962014148],[114.85063915299904,4.967072742552601],[114.8500945857112,4.96607978785311],[114.84903312640583,4.965708073331094],[114.84817852013535,4.965634116380502],[114.84769694204809,4.965846920514653],[114.8469748943374,4.967200517441887],[114.84620543416267,4.96652365339045],[114.84616165076275,4.966202740676887],[114.84677180568174,4.965246750972076],[114.84729535801682,4.964948660809052],[114.84718838390725,4.963965958135867],[114.84660111191288,4.963301846529962],[114.8459732749212,4.963065787652795],[114.84515236598475,4.962146773965484],[114.84433127649204,4.962100503903799],[114.84386739895656,4.962902803225684],[114.84314343014124,4.962486394288865],[114.84377211708801,4.962095659597],[114.84435464481221,4.961391567871774],[114.84388290201932,4.960264446438889],[114.84314920986911,4.959764467804846],[114.84271670866652,4.9591609951659175],[114.84159056489914,4.958856569820462],[114.84106921181825,4.959155101673032],[114.84130447335424,4.959732246579542],[114.841047002396,4.9601373122594845],[114.84039022445316,4.960094496595662],[114.83902864437738,4.958696384639446],[114.83892266626549,4.958081433318202],[114.8400777805587,4.958888065197479],[114.84051716473061,4.958179408031902],[114.83998885702776,4.957948794704533],[114.84014805880861,4.957165373214992],[114.83958026408543,4.956324717532856],[114.83796824462,4.955568155400857],[114.83720399215825,4.955656824235887],[114.83683969176593,4.956268063662495],[114.83720353649318,4.956845151867723],[114.83683909017934,4.957164113284528],[114.83588000183833,4.9568761257946266],[114.83652237885553,4.956511576700668],[114.83708474694593,4.955387194727958],[114.83663543635714,4.954556982718589],[114.8358315997053,4.9540032083457755],[114.83535221520546,4.953929036442572],[114.83433655250721,4.954129583695068],[114.83347062219427,4.954635085648411],[114.83273712597473,4.954428164987294],[114.83248158226638,4.955406258568475],[114.83389420085118,4.956098623178015],[114.833027056752,4.956371829490243],[114.83206756424929,4.955977035697579],[114.83184293439535,4.955330375820485],[114.83080038862593,4.954870299888262],[114.83078378354466,4.953978179440412],[114.83148731877166,4.954630928283417],[114.83183717471101,4.95459868586679],[114.83236488788906,4.953786836902234],[114.83235805039006,4.9528126996814],[114.83199894293476,4.951938726053201],[114.83048216059048,4.9504871411013065],[114.82988233988333,4.950268989548927],[114.82912621880546,4.950579759644301],[114.82914300320883,4.951599164932636],[114.82841186406992,4.951376706064592],[114.82832773436724,4.950889691227464],[114.82884756745548,4.950732639086118],[114.82948813877283,4.949956542852388],[114.82909516333237,4.949057546865415],[114.8283908485008,4.948768134335097],[114.82835734827326,4.9482570495677765],[114.82775399077991,4.948117928763068],[114.82696723321976,4.947655164942998],[114.82679719717862,4.947228363003524],[114.82617028958528,4.947042341725919],[114.82502396811928,4.947138593478993],[114.82439466228459,4.947901290135144],[114.82303132409137,4.9501001851766455],[114.82332286187423,4.950820003960255],[114.82239847781177,4.952103938692003],[114.82111521536739,4.953529066339854],[114.81907448534903,4.9553067481491455],[114.81661396724144,4.956875468055327],[114.82025862903022,4.954112138912578],[114.82174135017911,4.952636378814228],[114.82293460763282,4.951151459049074],[114.82291105975705,4.949930377460473],[114.82433002387272,4.947699216786056],[114.82370058501662,4.946905194667495],[114.82283992700873,4.946096973575464],[114.82195839305176,4.944978520985293],[114.82019704268016,4.943322150198644],[114.81858005040264,4.943246845303823],[114.81764530734497,4.944400686532097],[114.81754682791905,4.9448514025705315],[114.81887874235309,4.946408946553152],[114.81866158700826,4.947230363058913],[114.81810303178223,4.947342114070945],[114.81717327453313,4.946794330314167],[114.81597221959474,4.945616757211777],[114.81534988422908,4.944397440931068],[114.81511503934087,4.942586421357509],[114.81229182600542,4.942975090600614],[114.81105568646319,4.943449166875515],[114.81047705453236,4.943520936495135],[114.81165951965684,4.941755796247593],[114.8123859202869,4.941022973903187],[114.81333427528529,4.941110267194095],[114.81423047689513,4.940426986511515],[114.81554624381438,4.939882602513097],[114.81554871887552,4.939546206926396],[114.81449212208598,4.939718402888711],[114.81456750876661,4.939094572763466],[114.81431361227152,4.938422784474699],[114.81373725646144,4.93762796865223],[114.81259654191241,4.9372819750291335],[114.81222695034758,4.937629616325173],[114.81209283080094,4.93830747314301],[114.81145275205556,4.93804629397669],[114.81213928193714,4.937370141641544],[114.81218799582282,4.936704625412472],[114.81176508669748,4.9359736382348425],[114.81068460512485,4.935258553787811],[114.80982589111298,4.935101777325304],[114.8093889218618,4.935279128157917],[114.80875463307225,4.936361554509874],[114.80789437492508,4.936603553861114],[114.8072861776463,4.936303893311246],[114.80827979708062,4.935317170981468],[114.80780014395627,4.935005499861721],[114.80801176914146,4.934371905572253],[114.80771254105426,4.933766777805814],[114.80763903502499,4.932999382869855],[114.80716908054931,4.932289094307516],[114.80671897137795,4.9320076105863855],[114.80592248270311,4.93195401045049],[114.8046273189366,4.9330143952931],[114.80445220341802,4.932467947117503],[114.80522019548351,4.932331971351753],[114.80536718327176,4.931734856579338],[114.80508917521963,4.930968061295536],[114.8043871898265,4.930379650357625],[114.80377147081207,4.930254758891615],[114.80308613854295,4.929432503898859],[114.80212207735275,4.92928926163115],[114.80149460930343,4.9298163065631115],[114.80147327959241,4.928868547482155],[114.80084798333796,4.928012645210373],[114.79992158287871,4.927632669243847],[114.79908739535679,4.926734304429138],[114.79843937599921,4.92658703078565],[114.79794409853027,4.92675319073734],[114.79806054080976,4.927362021454327],[114.79763326479147,4.927472039793544],[114.79708627626286,4.926904926961778],[114.7976960912571,4.926698019995909],[114.79815003494126,4.926168378505748],[114.7979495790079,4.925429325103207],[114.79731848919322,4.9247101746883075],[114.79661123024151,4.924435655961201],[114.7960204842955,4.923738144067159],[114.79551784388107,4.923503427388907],[114.79568028039864,4.921306125496599],[114.79544558589564,4.91811109093255],[114.79521250850165,4.915861652947144],[114.7946799159775,4.912544834871666],[114.79465768138016,4.910945114057409],[114.79703006982848,4.909063245169353],[114.79211454764805,4.896951962521413],[114.79248849233566,4.896098930092992],[114.7926466000908,4.895046598203349],[114.79321384088435,4.8928383311624675],[114.79449186549255,4.890697503702668],[114.79490564193767,4.889202422992731],[114.79440815314193,4.887685137282934],[114.79440753317284,4.887277615255905],[114.79501329109075,4.885528753214612],[114.79541410213109,4.884807489027683],[114.79530332982648,4.88392154910003],[114.79440458786634,4.881762268537563],[114.79349784407768,4.880346690099633],[114.79276844678621,4.87967698527334],[114.79313991197807,4.878683951880815],[114.79513183522927,4.878243860309301],[114.79665526972082,4.8773734832913505],[114.79791391205583,4.875943175183582],[114.79976538227926,4.872977683983127],[114.79991679865189,4.872534106957676],[114.7998260819968,4.87157180101903],[114.7999374317853,4.870722512704257],[114.80061919527594,4.86785713297929],[114.80210194237492,4.8637443662727184],[114.80421443993133,4.862940633868559],[114.8027115821432,4.8614163890375215],[114.80276589604118,4.860919951131596],[114.80335100868503,4.860043741415323],[114.80394752874594,4.859432661057293],[114.8036289480927,4.8589176969562695],[114.80399452663268,4.8581643513826664],[114.80408795893538,4.856971457370307],[114.8038558192128,4.854474417690377],[114.80316522672351,4.851474547649616],[114.80241944589169,4.849256544027522],[114.80081601903555,4.846450402532039],[114.8005217942426,4.845069858998085],[114.7994477564758,4.8417766281086765],[114.79931172627236,4.841119105748328],[114.79815967458985,4.838313891474708],[114.7982902289583,4.837346823497946],[114.81391902201756,4.839667479382352],[114.81762844618484,4.840189478586551],[114.8207638204618,4.840912183139439],[114.82188227775201,4.840349500047243],[114.82156756260363,4.838742153694561],[114.82217495653174,4.839044998687926],[114.82972170247163,4.847065731241383],[114.82871151553474,4.848181304265143],[114.8288005038041,4.84836528960964],[114.82900637250617,4.853564675252719],[114.82897004165471,4.85361233917187],[114.83441801825434,4.856954961086612],[114.83710485897515,4.8549727077166],[114.83758931472981,4.854755385335989],[114.83844143798522,4.854874895003633],[114.8406877194185,4.8561759222645025],[114.84190892676752,4.856218303474659],[114.84349271835484,4.856530027174947],[114.84498629176129,4.855880058760735],[114.84726953681539,4.855870386650208],[114.8481950237428,4.856324307338026],[114.8494280833915,4.857242569363885],[114.85047694647895,4.857435049354628],[114.85154414980265,4.857238658609028],[114.85224225601713,4.8575300060851125],[114.8541135923214,4.858842438007882],[114.85723086259016,4.860809476895581],[114.85850275509746,4.861295037589502],[114.85863860684061,4.865261170688076],[114.85878853476541,4.865260693494139],[114.85873752462689,4.867160273373995],[114.85593968594807,4.867152127754495],[114.85321573564896,4.867214383324305],[114.85326146129577,4.87103536468331],[114.8532136832833,4.876672045765342],[114.85291703140443,4.8772203033186505],[114.85293176025917,4.884068310250471],[114.85339763081056,4.884581832184486],[114.85329191519075,4.885601811628434],[114.85140877303745,4.889044019402763],[114.85122047552521,4.889879403079992],[114.85251079310467,4.891697313883874],[114.85182692477551,4.893194150681429],[114.85232046184879,4.893983629892809],[114.85236374236834,4.89504929138882],[114.8509204820321,4.8951307032251785],[114.8497334219866,4.894846030119879],[114.84907727510452,4.894527447584218],[114.84869881874543,4.894719632188113],[114.84965186773185,4.8972252339788],[114.84962021909084,4.897761156048617],[114.85073349694203,4.897491037910004],[114.85127056716793,4.89787999561835],[114.8512215944877,4.900181858246168],[114.85135876932128,4.901003146070046],[114.85225345667173,4.900748785773723],[114.85280964182773,4.901311925472486],[114.85381661752159,4.901108250041581],[114.85651937156803,4.900774181356807],[114.8583559991185,4.900705618825989],[114.86470726682977,4.903721294924936],[114.85893840162274,4.926344086249237],[114.85895190985154,4.926905311117267],[114.85935528337212,4.927995535422016],[114.86047332566271,4.928550046945984],[114.86055877903728,4.929047748005831],[114.86108045048088,4.929555442496919],[114.86176755493852,4.930544770751556],[114.86241646986642,4.930823730683504],[114.86294387299945,4.930609056712599],[114.86333020063617,4.931274287542798],[114.86300048453901,4.932202236524649],[114.8637879123817,4.933194652796119],[114.86282263744984,4.933223556005632],[114.86286517432912,4.94745220989613],[114.8638610582638,4.947476911548009],[114.85551567477033,4.962952801965955],[114.86110290237579,4.965383301341466],[114.8622235064304,4.965834936878017],[114.864317197481,4.966972075193779],[114.86710896059111,4.9686050623971205],[114.8665956420867,4.969832580606692]]]},"properties":{"id":24,"name":"MUKIM SENGKURONG","length":70255.0078125,"district":"Brunei-Muara","displayName":"Sengkurong"},"id":24},{"type":"Feature","geometry":{"type":"Polygon","coordinates":[[[115.0066036447598,4.9683867464993225],[115.00283467977744,4.977304025664181],[115.00129749496217,4.9835862249861735],[114.99944567530706,4.98436065053131],[114.99963959121341,4.984856183094873],[114.99634348708749,4.98658384655705],[114.9961187380333,4.9865357012503955],[114.99407680183957,4.9876425969065155],[114.99354344000993,4.988437936383667],[114.98915060991025,4.990686851638063],[114.9882498970145,4.992493218140091],[114.9869347671173,4.994256518423174],[114.98537628890358,4.995788495382319],[114.98428623275935,4.997211207278988],[114.98247197934334,5.000400872099157],[114.97881989305712,4.9981395852595005],[114.97792789862598,4.997481653971973],[114.974765235982,4.994872941569884],[114.97351365655696,4.993671265793973],[114.96909689894542,4.989223859500809],[114.96764899428283,4.9879538320210814],[114.96671076462819,4.98728416144592],[114.96471933582427,4.986120398882028],[114.96289179830212,4.985465382312305],[114.96140037787143,4.985238312412926],[114.96011826643733,4.985260411862532],[114.95981191799054,4.98352840349989],[114.9593236043834,4.982544752161123],[114.95663486350752,4.979876270537379],[114.95575187585625,4.9784767188880155],[114.95522652869579,4.9766357438950415],[114.95462874805862,4.9739720274337555],[114.95329510906595,4.970459382631864],[114.95273448134274,4.968688033223242],[114.95242927513405,4.967136325117886],[114.95215337064633,4.963764505516243],[114.95185911632878,4.962108193253833],[114.95149740085016,4.960869790388497],[114.95050866241112,4.958798504187687],[114.94873295145385,4.956289367244507],[114.94743699168859,4.954737348146752],[114.94567165647221,4.9528453937295875],[114.94423715620432,4.950771534561089],[114.94563505437922,4.951031707831041],[114.94902325066039,4.951218412808325],[114.95048729236737,4.9515597789485435],[114.9507374108118,4.950056055072281],[114.95244251616948,4.9499744268213375],[114.95459506091277,4.949699217330554],[114.95874884856946,4.949425090579763],[114.95899273137316,4.947375783346434],[114.95957568483087,4.947477539928048],[114.95931035018603,4.944599139728148],[114.95925553963158,4.943286292783991],[114.9589733532393,4.939892978699618],[114.95908621635631,4.937713754282541],[114.95896982142882,4.935158342748013],[114.95907418731876,4.930852760345514],[114.95895277425724,4.930286857589783],[114.95787791353092,4.92853230885133],[114.95767405167275,4.927906661825657],[114.9578290697789,4.926180953067717],[114.95977009792361,4.926430671641275],[114.96312370033058,4.9265277703923696],[114.96455928013818,4.926644341932486],[114.96639805071578,4.927015247360345],[114.9678213108148,4.9274816279921945],[114.96954722997555,4.928222838959042],[114.97120695581826,4.929240045213742],[114.97213461039716,4.929923228216696],[114.97512053426857,4.932703836331468],[114.97688408782277,4.934432642241604],[114.98191534683602,4.939228769214782],[114.98412233014471,4.941508804075745],[114.98509201554405,4.942750138157641],[114.98613667965198,4.944374648897847],[114.98689960235554,4.94597986965586],[114.99163700484137,4.957366294026124],[114.99347496254751,4.961699055856121],[114.99462801742293,4.963652809404851],[114.99562435714078,4.964826779511639],[114.9965122638795,4.965644590293294],[114.99805770540534,4.9665410293855805],[114.99889715732684,4.966881410495313],[115.00107192393071,4.967419336003049],[115.0066036447598,4.9683867464993225]]]},"properties":{"id":25,"name":"MUKIM BERAKAS B","length":24290.03125,"district":"Brunei-Muara","displayName":"Berakas B"},"id":25},{"type":"Feature","geometry":{"type":"Polygon","coordinates":[[[114.86470726682977,4.903721294924936],[114.86980986219727,4.905919870666389],[114.87343732442574,4.9076107866520555],[114.88289445061709,4.908144507936732],[114.88536797527547,4.908374748761539],[114.88537916065081,4.908812149405774],[114.88669959978822,4.908851504689974],[114.88815994494361,4.908688357989889],[114.89158923114518,4.908928644879817],[114.89620512075015,4.9088277583096716],[114.89624128094218,4.913370604987148],[114.89631821608202,4.917428253792421],[114.89683001653478,4.917214018090317],[114.89797769479084,4.916388112552123],[114.8992309852388,4.915083137647306],[114.90072421113982,4.91392042589288],[114.901236982507,4.913719896382865],[114.90217317791716,4.913741614647731],[114.90428502320229,4.913302466752471],[114.90545418192673,4.9134954044821235],[114.90537082110546,4.913910976539081],[114.90553421134733,4.915565563978299],[114.90597854356473,4.916425178583257],[114.90708198097025,4.9175168263839995],[114.9090113386334,4.918881788140556],[114.91406172838931,4.92156623472615],[114.91579533715495,4.922551907112814],[114.9137392868687,4.923848251832375],[114.91767314583689,4.929140258170333],[114.91166921237132,4.93247994479132],[114.9115509105013,4.934264472521683],[114.91129682460421,4.9358008804958935],[114.91069025421879,4.938430613027795],[114.91016182007851,4.9401393160796605],[114.90898886255208,4.942435826320445],[114.91122475269651,4.943483292371734],[114.91330821804051,4.944029116392179],[114.91453034978949,4.944505232521464],[114.91514307027921,4.944886033267544],[114.91610009692857,4.945881476194044],[114.91664399672987,4.946994751978614],[114.91734387509494,4.949091215491235],[114.91800197935798,4.950669968796026],[114.92375549561878,4.961655015156281],[114.924849158136,4.963871412580364],[114.92617791102508,4.967165877069971],[114.9272777000882,4.969869786583418],[114.92833330316327,4.971709710068358],[114.92928249660477,4.9730333448745725],[114.93151686047517,4.975701621621846],[114.93244589552137,4.977246882510915],[114.9329330657326,4.97860416099891],[114.93378930455782,4.9821330016077106],[114.93165382219452,4.982673166319818],[114.9306671606437,4.983101824236745],[114.92928425256754,4.983883833222368],[114.92479062922754,4.986978688806555],[114.92396415016398,4.987449800136958],[114.92248253794266,4.988028056859783],[114.92097757209919,4.988342425496307],[114.9199609930161,4.988390768176773],[114.91831868004952,4.9882070332171216],[114.91680419479198,4.987803597600039],[114.90589053961327,4.983866883639191],[114.9032435105421,4.983096748616709],[114.89698312547938,4.981448214405194],[114.89617903263142,4.983304158845074],[114.89554088435592,4.983592851609445],[114.89512320669405,4.982824236720826],[114.89455856520918,4.982536849381583],[114.893436501754,4.982460593856018],[114.89302008583356,4.981867941640939],[114.89199471281347,4.981542369103572],[114.89168725022076,4.981790185205868],[114.89066213243738,4.981188761546652],[114.88988823292229,4.9809197495391215],[114.8891732335542,4.980954227399943],[114.88869503652899,4.980471101321167],[114.88754718784512,4.980106303969134],[114.88645206635616,4.980135473020339],[114.88576974467534,4.980324905968041],[114.884843819239,4.978777074080365],[114.88430118818086,4.978287686165632],[114.88344328975293,4.977934925417636],[114.88190670013111,4.976759223529004],[114.88037876302172,4.976471090036149],[114.87939978638973,4.976690390756634],[114.87843398728917,4.976741873866212],[114.87722520000632,4.977533764357909],[114.87699550855213,4.978277470957461],[114.87731366340672,4.9791035200845455],[114.87795261705185,4.979489249282416],[114.87685202689084,4.979841465196677],[114.87658081192745,4.979629071251764],[114.87678846295981,4.9779808909400725],[114.87588720824814,4.979913226606917],[114.87543742211393,4.979920334581459],[114.87471312474612,4.9794547394229705],[114.87465809369168,4.978665727238036],[114.87591599314787,4.979211113952053],[114.87634611173172,4.978562002831892],[114.8765354064767,4.977380785405858],[114.87639548442306,4.975837028160691],[114.8758259074338,4.97495359311148],[114.87531547510258,4.9744576360817545],[114.87434789394284,4.974047050380572],[114.87344983840063,4.973190445865317],[114.872430298974,4.972637875752502],[114.8719084369323,4.972626523404987],[114.87127091732323,4.973884063504849],[114.87077446353267,4.974198826462648],[114.869664911835,4.974358525841985],[114.86945118456046,4.974720493721228],[114.86972073244873,4.975744624790888],[114.86903667647027,4.976048986605727],[114.8684673901517,4.97597737306904],[114.86737120709815,4.9752935195046835],[114.86713690335924,4.974687995597025],[114.86736710204052,4.974359154529696],[114.86805541293604,4.974357084092849],[114.86818192429085,4.973962096972437],[114.86781477985225,4.972711410067978],[114.86688608865133,4.972076824642029],[114.86719965165581,4.97133387112419],[114.86678268017752,4.970594253655912],[114.86702195104527,4.970259710606007],[114.8665956420867,4.969832580606692],[114.86710896059111,4.9686050623971205],[114.864317197481,4.966972075193779],[114.8622235064304,4.965834936878017],[114.86110290237579,4.965383301341466],[114.85551567477033,4.962952801965955],[114.8638610582638,4.947476911548009],[114.86286517432912,4.94745220989613],[114.86282263744984,4.933223556005632],[114.8637879123817,4.933194652796119],[114.86300048453901,4.932202236524649],[114.86333020063617,4.931274287542798],[114.86294387299945,4.930609056712599],[114.86241646986642,4.930823730683504],[114.86176755493852,4.930544770751556],[114.86108045048088,4.929555442496919],[114.86055877903728,4.929047748005831],[114.86047332566271,4.928550046945984],[114.85935528337212,4.927995535422016],[114.85895190985154,4.926905311117267],[114.85893840162274,4.926344086249237],[114.86470726682977,4.903721294924936]]]},"properties":{"id":26,"name":"MUKIM GADONG A","length":37825.94140625,"district":"Brunei-Muara","displayName":"Gadong A"},"id":26},{"type":"Feature","geometry":{"type":"Polygon","coordinates":[[[115.03570532139196,4.999316178104567],[115.03447688444743,4.9989485339560185],[115.0336837946433,4.999154329395172],[115.03226784426028,4.9999887907862],[115.0315279626748,5.000990432864117],[115.03144742289244,5.0022101293073815],[115.0322469237481,5.004002837841279],[115.03304431150998,5.005235715059031],[115.03027648786497,5.006645848569194],[115.02957713487697,5.007228067687783],[115.02799670140827,5.008809451449853],[115.02750294310256,5.008183796629347],[115.02624634014731,5.009269086191371],[115.0251280968904,5.0099364285027255],[115.0255697849802,5.012040477216744],[115.02273349289179,5.011485804884012],[115.01990134968419,5.012061725234072],[115.01750511823043,5.013681497963529],[115.01587285639629,5.016048680375145],[115.01532435281639,5.018928855801014],[115.01588313616756,5.021863062989931],[115.017465121059,5.024193634710184],[115.01921139543104,5.0253763934498235],[115.01692807119504,5.0299510781571195],[115.01571313080589,5.029187087676397],[115.01399341228912,5.0278207782418125],[115.01287955979394,5.03081433647543],[115.01085761722122,5.030270232708986],[115.0085368058214,5.029277191957472],[115.00661943722424,5.028779123362983],[115.00557242298471,5.028312191289859],[115.00391585976396,5.027762413606094],[115.00254321108201,5.027163124110817],[115.0019938759639,5.0266946126935865],[115.00090897975312,5.02618483992274],[114.9995142636771,5.0257353952129185],[114.99844721203266,5.025525696320901],[114.99565717517892,5.024252061113514],[114.99459502049417,5.023984120578343],[114.99208728595003,5.022858798266977],[114.99083543368712,5.022490279401532],[114.99003680024985,5.022112785320103],[114.9901410011627,5.021759391298245],[114.9888131989073,5.018984420609439],[114.98841222345783,5.017713911133691],[114.9879765476586,5.0167825367752075],[114.99054301582416,5.0103336528023945],[114.98129359786145,5.002661743681278],[114.98247197934334,5.000400872099157],[114.98428623275935,4.997211207278988],[114.98537628890358,4.995788495382319],[114.9869347671173,4.994256518423174],[114.9882498970145,4.992493218140091],[114.98915060991025,4.990686851638063],[114.99354344000993,4.988437936383667],[114.99407680183957,4.9876425969065155],[114.9961187380333,4.9865357012503955],[114.99634348708749,4.98658384655705],[114.99963959121341,4.984856183094873],[114.99944567530706,4.98436065053131],[115.00129749496217,4.9835862249861735],[115.00283467977744,4.977304025664181],[115.0066036447598,4.9683867464993225],[115.01072204014119,4.957933984021729],[115.01262840603555,4.953967899360643],[115.0188663790348,4.954941569194914],[115.02167918294114,4.955085808680859],[115.02165147708511,4.954314119507574],[115.02367252289493,4.954254203380462],[115.02358769686765,4.952429015849118],[115.02193388089559,4.952491206174541],[115.02187615550199,4.950086191661729],[115.02507560778444,4.947653046173109],[115.0263336539398,4.949676957639821],[115.02767046002369,4.9512266284302795],[115.02924144848592,4.952157585443297],[115.02984131902258,4.952367543405469],[115.0306339799317,4.953064893691601],[115.03097578771809,4.952960675112533],[115.0313880127832,4.953537598506613],[115.0328219030013,4.954397546778306],[115.03407193415025,4.954976102011732],[115.03474266893606,4.955798628048965],[115.0352219465799,4.956139112599487],[115.03549054847177,4.957125576508189],[115.03635995553839,4.958222620505718],[115.0367319828486,4.959085088715289],[115.03760486171974,4.960172271245211],[115.03785858056105,4.960842153516831],[115.03832053443963,4.961401191926052],[115.03864116267276,4.962317361475369],[115.0394661134576,4.962525861868322],[115.0397606386262,4.962223664436293],[115.04069419002477,4.962595439611285],[115.04147213608427,4.962419344252663],[115.04241196973526,4.963076218389623],[115.04355746494235,4.96456389607744],[115.04428347331273,4.965771584738774],[115.04487323338165,4.965834335268743],[115.04443481241687,4.967711139651592],[115.04500343918548,4.9684323444676615],[115.04498708004535,4.969064883266476],[115.04540477781214,4.9696134967815135],[115.04622216754223,4.969844284683905],[115.04737971716811,4.969823571943562],[115.04817899695303,4.970379423596798],[115.04883870848606,4.971173688676594],[115.0490067573164,4.971901724706386],[115.04897923058489,4.972976875948998],[115.04853797537524,4.973687672030075],[115.04763394513785,4.973854523558401],[115.04585465362842,4.973498550215577],[115.0453201294652,4.973599764444396],[115.04306460148683,4.973244198959802],[115.04274746947772,4.973296662529678],[115.04100518063932,4.9728789467439745],[115.04029654882656,4.972292836328703],[115.03980421482754,4.972369605434577],[115.03888364696668,4.9730022480932305],[115.03866421828478,4.973819142027334],[115.03785884818411,4.973821183337513],[115.03857873145121,4.974576264737448],[115.03972358821312,4.973936118506817],[115.03994910969682,4.974487611014693],[115.03955070884719,4.975030951338826],[115.03896962895692,4.9762554200662485],[115.0380066533916,4.9763207097401025],[115.03761097393097,4.977362570232629],[115.03829320041498,4.979551753011021],[115.03957573610589,4.980712537496033],[115.0404599289999,4.982858143619978],[115.04124128849658,4.9823242656880495],[115.04234233752743,4.9819041287346115],[115.04365636566197,4.9819891788730315],[115.04539847596415,4.98269402744429],[115.04546585471715,4.9831403383759065],[115.04478250314607,4.983757517952504],[115.04344013359277,4.983973262469323],[115.04292003435364,4.984181256083774],[115.04203971789431,4.9848912025520375],[115.04121453278655,4.985745669654457],[115.04051434486115,4.986737083154343],[115.039828483664,4.988153497643665],[115.03947471106602,4.989610095943619],[115.03908929795966,4.990516268032792],[115.03756608834487,4.992339526118297],[115.03716674357449,4.992945036312816],[115.03619615236448,4.992576817556259],[115.03567070845959,4.9921755060000566],[115.03469602670461,4.993341320686076],[115.03450192965187,4.9938014739781735],[115.03542510162647,4.99467346506094],[115.03548601160101,4.995037274456543],[115.0363737748929,4.995939334534854],[115.03657868751915,4.996391414530509],[115.03747881156002,4.997279868924736],[115.03836162168241,4.9971656703415634],[115.03910612659263,4.997683273691918],[115.03891140115533,4.998473523231661],[115.0385799916414,4.998647552490369],[115.03633135676047,4.99905498995855],[115.03570532139196,4.999316178104567]]]},"properties":{"id":27,"name":"MUKIM MENTIRI","length":32621.80078125,"district":"Brunei-Muara","displayName":"Mentiri"},"id":27},{"type":"Feature","geometry":{"type":"Polygon","coordinates":[[[115.03570532139196,4.999316178104567],[115.03578550896367,5.000728117838427],[115.0366563149587,5.001261707284432],[115.0395572869369,5.002328527996707],[115.03960661993248,5.001894841137794],[115.04084996766315,5.00172408050108],[115.04189375996924,5.002066622948481],[115.04295184531252,5.002121982328135],[115.04373391017099,5.00257445943047],[115.04507003263116,5.001983995509924],[115.04574093159889,5.001518903831354],[115.04675713057495,5.001344347386035],[115.04735809521942,5.0015656646728655],[115.04843372190007,5.001641872283651],[115.04952045499432,5.001317865268366],[115.04995664553168,5.001478107453588],[115.0511748109155,5.001012926846841],[115.05180161840028,5.0003360143612845],[115.05288084555774,4.999782543771936],[115.05385587923215,4.999602459613213],[115.05482443593345,4.9991606957873165],[115.05622003877644,4.99884188998632],[115.057493241277,4.999188752371488],[115.05799483933848,4.999181468068641],[115.06084886787619,4.999840832316947],[115.06207937013228,5.000576136752069],[115.06318179532849,5.000574233143502],[115.06336644801407,4.9999869276984406],[115.06399043997078,4.998965788811602],[115.06403186766232,4.998359162612475],[115.06441988497922,4.997220661456453],[115.06505707328883,4.99609999701223],[115.06522685950212,4.995274209042858],[115.0658039561366,4.994219872350555],[115.06609334960734,4.993259169831799],[115.06771264924976,4.989285974136762],[115.06848588237696,4.988061421256692],[115.06859319284561,4.988650604233015],[115.06716083173526,4.991699044130753],[115.06614356586887,4.994664160168193],[115.06535178869396,4.996429126902241],[115.06487001978583,4.997856201504991],[115.06387378388759,5.000012403566045],[115.06369182374532,5.00090718479919],[115.06392193299725,5.001649142012537],[115.06562088295297,5.003622455114795],[115.06590261209057,5.00446598302513],[115.06592884134777,5.012197055018232],[115.06600189290349,5.016029134366058],[115.06613036794579,5.017530670887896],[115.06635751169922,5.018316669490422],[115.06637137123566,5.019545969431712],[115.06694212359507,5.020667599749939],[115.06620639622513,5.021130090533714],[115.06687962887725,5.021594985509327],[115.06657228953469,5.022284387187753],[115.06727360674032,5.0227140344836165],[115.06775157567266,5.023640863744708],[115.06834630599704,5.024017623413701],[115.06934681272261,5.0226012678391125],[115.07568931722535,5.027126072370749],[115.07492291181616,5.026823363471198],[115.07468736610545,5.027532357881968],[115.07561115007759,5.028737782723622],[115.07672789515227,5.029136785845271],[115.07702118009422,5.0295431305342655],[115.07860044071043,5.030217353002718],[115.08091122819378,5.031557266290381],[115.08166478666102,5.031469615778324],[115.08192308335497,5.032251652441386],[115.08262468410796,5.032762274240564],[115.08352598223443,5.032597338334342],[115.08556411223937,5.033460352277744],[115.08595539383752,5.032805665275277],[115.08693213853941,5.032962978778699],[115.08702323401005,5.033930343882657],[115.08793285788072,5.034418530371339],[115.09112544521675,5.036343344402945],[115.09205398726272,5.037613170358201],[115.0929457186202,5.03936065959023],[115.09083181215277,5.039155293773442],[115.08904029614968,5.038684585687493],[115.08777277619346,5.038549715703854],[115.0834654084593,5.038242807032007],[115.08133837009088,5.037933607005386],[115.07968561500505,5.037487527372346],[115.07823444635889,5.0373229036403036],[115.07731985136047,5.0375220196682715],[115.07563863585911,5.037349400247293],[115.07473701008568,5.037407158246986],[115.07302833238596,5.0371935150459395],[115.06990915548805,5.0370499721916175],[115.06652580383783,5.037029863039947],[115.06529210526811,5.037091438418255],[115.06368308821268,5.037326877607147],[115.06290260121857,5.037550419477709],[115.06152345566905,5.038275566940572],[115.06113858265323,5.038826780622082],[115.06079802070609,5.04018385899635],[115.05951538182799,5.043388875054289],[115.05923188216364,5.045835507988958],[115.0573010983624,5.044729913611587],[115.05641327195558,5.044348337375058],[115.0554553026007,5.044503633328103],[115.05310530348278,5.043966603923678],[115.05123400627478,5.043259821368355],[115.04576224705694,5.04149611440279],[115.04430232713749,5.04059389544301],[115.0438495068061,5.040803459631067],[115.03943729266874,5.039397875193681],[115.03805635385629,5.039042281742591],[115.03600436542762,5.038236670580837],[115.03439613516274,5.037834323841305],[115.03148666591143,5.036792943240193],[115.03077604908576,5.0368347908408335],[115.02938824132471,5.036442465317415],[115.02763261288064,5.035771536014725],[115.02571970193856,5.035266713735322],[115.02428072143519,5.034734371071445],[115.02263484311042,5.034009948848811],[115.02135525182351,5.033791918787105],[115.02045800668283,5.033459614858033],[115.01847563415333,5.032906955954634],[115.01670872257239,5.032226426180008],[115.01513459106728,5.031726718616741],[115.0140081607811,5.031169043233611],[115.01287955979394,5.03081433647543],[115.01399341228912,5.0278207782418125],[115.01571313080589,5.029187087676397],[115.01692807119504,5.0299510781571195],[115.01921139543104,5.0253763934498235],[115.017465121059,5.024193634710184],[115.01588313616756,5.021863062989931],[115.01532435281639,5.018928855801014],[115.01587285639629,5.016048680375145],[115.01750511823043,5.013681497963529],[115.01990134968419,5.012061725234072],[115.02273349289179,5.011485804884012],[115.0255697849802,5.012040477216744],[115.0251280968904,5.0099364285027255],[115.02624634014731,5.009269086191371],[115.02750294310256,5.008183796629347],[115.02799670140827,5.008809451449853],[115.02957713487697,5.007228067687783],[115.03027648786497,5.006645848569194],[115.03304431150998,5.005235715059031],[115.0322469237481,5.004002837841279],[115.03144742289244,5.0022101293073815],[115.0315279626748,5.000990432864117],[115.03226784426028,4.9999887907862],[115.0336837946433,4.999154329395172],[115.03447688444743,4.9989485339560185],[115.03570532139196,4.999316178104567]]]},"properties":{"id":28,"name":"MUKIM SERASA","length":30398.41015625,"district":"Brunei-Muara","displayName":"Serasa"},"id":28},{"type":"Feature","geometry":{"type":"Polygon","coordinates":[[[114.33109863965963,4.340321236926697],[114.32690030653563,4.325648254537286],[114.32402237421044,4.3187693927324355],[114.32062254479645,4.293799246036444],[114.3165149393796,4.263628113930432],[114.32433002409155,4.256860517739248],[114.34806606822661,4.2590421443871636],[114.36510912064612,4.255555274202303],[114.37191460734681,4.263836320419419],[114.3829979884144,4.264952989250379],[114.39825050326594,4.260986936887947],[114.39950278263744,4.262580068819737],[114.40270066702088,4.26326160692667],[114.40480444032461,4.261996884629462],[114.40541753747665,4.262081818580188],[114.40546165905724,4.261601799742785],[114.4068989968171,4.258635065787944],[114.40732597690288,4.258149556841013],[114.40793932851511,4.257889111528946],[114.40837387810363,4.2580632415166795],[114.40896290967859,4.257423285616974],[114.41715784331276,4.2546394659663065],[114.41799234450623,4.25444062972231],[114.41928565247589,4.254433942632788],[114.41925875008164,4.25336962328107],[114.41993671849177,4.252724344945446],[114.42178970838174,4.252723858008884],[114.42273229046862,4.253405983656312],[114.42247496008497,4.254287885294656],[114.42265296187014,4.255208806925035],[114.42299271843108,4.2559687810890034],[114.42356237414747,4.256353400243299],[114.42413089015908,4.257177229543168],[114.42480924027734,4.257571463630859],[114.42485166556273,4.25809252713455],[114.42530981318798,4.258910983588532],[114.4257690379298,4.259266208180124],[114.4263088332987,4.2607520311943],[114.42669059735967,4.2612012858839075],[114.42677612164272,4.261843487079054],[114.42724890369233,4.262880944813207],[114.42700291710493,4.263129441558811],[114.42723837562188,4.264057280948388],[114.4266238457711,4.264408748464019],[114.42559087476889,4.265390421118805],[114.42646484278545,4.266763749591355],[114.42699759040521,4.2665792423696205],[114.42770965544696,4.26694258066235],[114.42895016839624,4.26720168808469],[114.42982321847568,4.267767542658111],[114.43087717005584,4.267951944510221],[114.43117644009783,4.268728413334047],[114.43106276028439,4.269859225496841],[114.43052964446282,4.270343322925207],[114.43073432762513,4.271566869594977],[114.43142551508431,4.272131773553863],[114.43217281384747,4.272399206108539],[114.43346804113297,4.273578414131157],[114.43386872824561,4.274380337859055],[114.43592019580267,4.274689928084031],[114.43602530898244,4.273513632570048],[114.43625732663764,4.27264366673703],[114.43691338935952,4.2715753338983],[114.43776558226601,4.272127666673046],[114.43793650560951,4.272693619332159],[114.43929687851957,4.274465044398569],[114.43931643254369,4.274846262901082],[114.439848353929,4.275440680132679],[114.43982011896598,4.276291188456778],[114.44002202301444,4.2773030493068545],[114.4416419559212,4.2786235731670965],[114.44198440167375,4.279104577171267],[114.44252023189041,4.279022366545436],[114.44339057523916,4.279401395185887],[114.44511329028181,4.27970795336366],[114.44577508615268,4.2789297610502075],[114.44720887491577,4.279015658150223],[114.44827508936825,4.278703427684577],[114.4496983584288,4.278639554176882],[114.44995082894326,4.278504371306773],[114.4507838859628,4.276636008449461],[114.45181521372407,4.276116131197924],[114.4521733410642,4.275024532052591],[114.45195959175531,4.274011005977014],[114.4525760293341,4.271770693199641],[114.45231342136675,4.270806752765092],[114.45346184713189,4.268526343191509],[114.45387991221857,4.267975825920236],[114.45564779999599,4.2672708899271825],[114.45598316026911,4.26696477949441],[114.4553374085791,4.265241836090523],[114.45555589325089,4.2643724619436405],[114.45655533160344,4.263500497080383],[114.45677729999265,4.262672659256035],[114.45541025437518,4.261160731190764],[114.45557965867671,4.260692820610154],[114.45627079061745,4.260138768961707],[114.45668737168062,4.2594503294414485],[114.45682810793222,4.25856363080112],[114.4566636182209,4.256344268553767],[114.45703368923645,4.254868818918521],[114.45659287764197,4.252701611285608],[114.4565400212661,4.251197296977879],[114.45622671098307,4.249784385699716],[114.45587057286923,4.249452367917322],[114.4546279811065,4.249254918684151],[114.45410494382487,4.248829781978978],[114.45436892693881,4.247262468404657],[114.45331861804873,4.24498265135414],[114.45376584318637,4.243733390789926],[114.45382374475366,4.241725420283702],[114.45433467898471,4.2407292321447105],[114.4551355178924,4.240365387483698],[114.45557561376103,4.239848725807472],[114.45566225575182,4.238509953970258],[114.4559211569168,4.237595812744486],[114.45655780931108,4.236445544693311],[114.45672534162159,4.235034208112],[114.45739765476833,4.233739135963964],[114.45845637601845,4.232072245990637],[114.45848011700005,4.2307969455303756],[114.45956253982902,4.230463169490797],[114.46061338209766,4.230329298565554],[114.46117540136312,4.229934694667043],[114.46098460327777,4.22908898639604],[114.46061622823197,4.2283762968801515],[114.46051666430759,4.226884253700098],[114.46065245155239,4.2247378670160165],[114.46008532949517,4.223588739725765],[114.45997548944281,4.222041892878254],[114.45980259792275,4.2213702384376],[114.45919890750777,4.220668333001657],[114.46061279661124,4.217877893101417],[114.46145123706076,4.217258724632582],[114.46266589809997,4.216032041765886],[114.46314699035237,4.214609708647902],[114.46376719681268,4.214295782696561],[114.46456686230438,4.213489041848194],[114.46483571259861,4.212511841461776],[114.46462713852529,4.211323908935766],[114.46463751649225,4.210111666537384],[114.46390334268061,4.209242783437701],[114.46479775384282,4.208282042273002],[114.46557981271708,4.208508087676018],[114.46634622623071,4.2081276426695124],[114.46635383879146,4.207152536708982],[114.46591460800056,4.20625321002663],[114.46636384892034,4.205363434621947],[114.46682412019979,4.204820708622201],[114.46814052624792,4.204628473627523],[114.46873064051555,4.203785814081167],[114.46944193462711,4.203645746909929],[114.4697744475555,4.203122287522499],[114.46986838289202,4.201567835032501],[114.47082520835852,4.201015329986941],[114.47231547520553,4.199697747854828],[114.47225551749129,4.198071906999113],[114.47271372552083,4.197170799433123],[114.47403704127095,4.195091385277424],[114.47441439519315,4.193842848172615],[114.47435791673757,4.192690693118286],[114.47373741314739,4.191799474586035],[114.4735585048168,4.1909819964288255],[114.4752176958083,4.189897704589282],[114.47659429104058,4.187962567845939],[114.47704603917225,4.186529836766965],[114.47739085994866,4.1861971200304104],[114.47835140826952,4.18600240780185],[114.4790807018721,4.1849971378551345],[114.47909233412211,4.184707688805502],[114.47847764412766,4.183453271966445],[114.47927977743414,4.182314406702934],[114.47928244700753,4.180961988023328],[114.4799403114669,4.180202798571044],[114.47998383619517,4.178108637622648],[114.48051715582933,4.1773039859667564],[114.48058263577083,4.176505652264533],[114.48174154705832,4.173148849597567],[114.48152150641836,4.172104523372708],[114.48230268762867,4.171356312233308],[114.4826672102532,4.170378563888598],[114.48348057313581,4.168802988399215],[114.48433746751427,4.1677303911414345],[114.48432441634395,4.166828252177634],[114.48386796779495,4.166020264928417],[114.48370834092718,4.165258416918801],[114.48390150754003,4.164850345765708],[114.48447304484037,4.165102930598184],[114.48614725432631,4.164965554796101],[114.48881815373375,4.291408130525533],[114.4890624616597,4.303945532781999],[114.4900426588967,4.354251862778341],[114.49066432364317,4.391113761081814],[114.49115829703162,4.420407737763916],[114.49136074900873,4.432414924599453],[114.49148132217238,4.453576591419839],[114.49160515144439,4.4756175187108145],[114.49185361421813,4.519869307248324],[114.4750541876791,4.5537283762317315],[114.43769649906797,4.554705418495881],[114.4376921123599,4.550513927167117],[114.43694746419781,4.550849945865616],[114.43651382623216,4.55146519343829],[114.4355301409777,4.553942470483382],[114.43520421242454,4.554442874885167],[114.43453884658582,4.554707130000321],[114.43365007662977,4.554414978770946],[114.43243661473394,4.553061464162857],[114.43179832525917,4.552693034147244],[114.43098319924701,4.552669216195825],[114.42888988056708,4.5532732639652185],[114.4282958782296,4.553537336326097],[114.42796507649764,4.554421373003721],[114.42839818344606,4.5562784151419],[114.42830601213942,4.557027807554602],[114.42766511318317,4.557637468283887],[114.42623615255832,4.558101044095811],[114.42427635177644,4.558036791434221],[114.42160246168373,4.558635164208866],[114.42150184012431,4.51907502209332],[114.42137523589176,4.469413936765413],[114.42131122696198,4.444351425437745],[114.42126542291376,4.42643602203678],[114.42119367554155,4.398403896706514],[114.42108117689358,4.354516470730518],[114.4208567967697,4.339894618427201],[114.40279608244832,4.339981217451737],[114.33109863965963,4.340321236926697]]]},"properties":{"id":30,"name":"MUKIM LABI","length":128284.0078125,"district":"Belait","displayName":"Labi"},"id":30},{"type":"Feature","geometry":{"type":"Polygon","coordinates":[[[114.6599442924963,4.6544246366966355],[114.66455317325997,4.657370068213127],[114.66629066861486,4.658480446677807],[114.65801457291651,4.6704526254888545],[114.65705181483611,4.6739145395635635],[114.65744551456524,4.674292714343784],[114.65788427733912,4.6756876188001595],[114.65878627233943,4.676935402803612],[114.65936893317692,4.676991434690177],[114.6605265677774,4.675955808262087],[114.66119006974952,4.676317967258009],[114.66126734581768,4.677573419786755],[114.66160230296434,4.678301353508732],[114.66144188692277,4.6785547431003955],[114.66006105792276,4.679145587811476],[114.6595073944791,4.6795925350407455],[114.65946885403639,4.680119157185086],[114.65989695536075,4.6807131545993395],[114.65890796485463,4.6834533329115615],[114.65892963924509,4.684567628197496],[114.65972639490012,4.685240296791769],[114.66247271604219,4.686241863915121],[114.66218300277248,4.692696777290774],[114.65679039916951,4.69795968273814],[114.65998641762877,4.706554670162387],[114.65688716308559,4.708926857931481],[114.6549884471023,4.710097915184333],[114.65432032614204,4.710112489518586],[114.65276655920262,4.70883390714963],[114.64903949272765,4.709182479719799],[114.64830867481123,4.712608525935047],[114.6480864627181,4.713339981488168],[114.6476101923368,4.713874308111116],[114.6469466640111,4.713921081165632],[114.6434310696234,4.713027474508943],[114.64258602368729,4.7114699110021725],[114.63591530887322,4.707566142713827],[114.63261364069301,4.7072431535017065],[114.63126532015558,4.709035238827373],[114.63010965751336,4.71020475860387],[114.62872775534532,4.71125591557461],[114.62660402288188,4.712563176520793],[114.6216907422142,4.715425929547395],[114.61967057979126,4.7162922886781145],[114.61767578525507,4.717373924599654],[114.61735357176455,4.714686309260649],[114.61682613185364,4.713809671663375],[114.6157728732017,4.712653548187622],[114.6146848858782,4.71177843779502],[114.61360946005634,4.711172337055543],[114.59732992064691,4.711442055282297],[114.58533539887792,4.687694837311769],[114.5802323206385,4.685494857249508],[114.57763867989601,4.6848693360350335],[114.57609242067925,4.6836511842600235],[114.57400490654051,4.680785151718588],[114.57206692872774,4.679276949843161],[114.56950702355091,4.678616552339332],[114.56783049022579,4.676911227688861],[114.5652646528136,4.671885873674738],[114.56317795473433,4.6690893340228214],[114.56131354489123,4.668115333939271],[114.55941079229609,4.666699991943157],[114.55226382229056,4.66416135281779],[114.54934033865567,4.663814433580163],[114.54780990958922,4.6630141750446805],[114.53866928985943,4.660626369074338],[114.53901265451313,4.660332841926752],[114.54018173035715,4.65867929348566],[114.54062876689012,4.657083893086695],[114.54049211101525,4.656313567447995],[114.5399045584426,4.655024708070747],[114.53981697490742,4.6536347642633205],[114.5403405608289,4.6530890681679375],[114.54194931171655,4.651977816031797],[114.54255505400396,4.650755324398404],[114.54244122273721,4.649668692023729],[114.54287915398173,4.649113892130443],[114.54504021883145,4.648104326621007],[114.54604246914433,4.647287741022938],[114.54668194183246,4.646257047748685],[114.54732047732493,4.644475512132526],[114.54779243941492,4.643551745520452],[114.54940286795596,4.643300746699503],[114.5506876741768,4.643468034104382],[114.55146645938058,4.643999541063614],[114.55196549781294,4.64546978747646],[114.55250695125068,4.6461483176750145],[114.55366739043608,4.6463614317466595],[114.55487240952112,4.645963978071549],[114.55585203510208,4.645329159452242],[114.55698741918552,4.644162329111764],[114.55721172038345,4.643562023461249],[114.55705206225582,4.6424076835041825],[114.55718530443602,4.641456613396697],[114.55747649127288,4.640800170997943],[114.55805016963225,4.640245280647584],[114.55933408770996,4.639439793378177],[114.56038571868959,4.6391973304273115],[114.56254251755914,4.638507641169673],[114.56324021143556,4.637986894902138],[114.56339774304233,4.637489070208289],[114.5641735760688,4.6366956721798225],[114.56546669731662,4.63575421249196],[114.56661091303567,4.63304792951968],[114.56935776481933,4.631619009621227],[114.57021169641585,4.6305433436754555],[114.57052566032002,4.629772656322832],[114.57073845184831,4.628663381807889],[114.57063434090372,4.627645395855382],[114.57023781470033,4.626604734615728],[114.57010020936951,4.625065692806347],[114.57046968941906,4.623990476826193],[114.5705780346326,4.621738298228785],[114.57147496297527,4.61925875519951],[114.57226228571406,4.618137758511038],[114.57275669099975,4.617650046127491],[114.57312555883009,4.6163484526475855],[114.57360823249076,4.615476410854905],[114.57467816491948,4.61471640238466],[114.57515960582256,4.613595658937677],[114.57402071341096,4.612578474775147],[114.5720249076399,4.611721012568514],[114.5710447405065,4.611710926792621],[114.56997348356315,4.611339619253283],[114.56877760534717,4.610706941643024],[114.56864141043133,4.6101186166647805],[114.56956174447038,4.608182478748615],[114.57003204098187,4.606472793542851],[114.56995111813987,4.605488371495379],[114.56971374091674,4.604979731623296],[114.5699151968227,4.604481783010403],[114.57160482967234,4.603755438308434],[114.5721418002925,4.602125266577314],[114.57245615273696,4.601717452035536],[114.5739417803416,4.600537765291414],[114.57471830389113,4.600231859422416],[114.57631743971966,4.600003152684847],[114.57710525547336,4.599708236631793],[114.57860347285568,4.5994464489877664],[114.58083256605218,4.598242978720552],[114.58164284978739,4.597925106656407],[114.58233914119255,4.597109282982333],[114.58353379912612,4.597289756307298],[114.58402920374503,4.596971883267921],[114.58519784864272,4.595227791118431],[114.58592581603594,4.592997372468149],[114.58639486444557,4.591049704038858],[114.58660637167934,4.589476639320729],[114.5865581284219,4.587666312744442],[114.58636210846399,4.585572917590483],[114.58655277069488,4.584837025452198],[114.58704713193035,4.584134790702729],[114.5871240267523,4.583195437084064],[114.58690863962103,4.58269776256833],[114.58592773052874,4.581771167827813],[114.58535108855038,4.580991002950958],[114.58482958847426,4.578932119845265],[114.58488430282016,4.578332253254537],[114.58523217793032,4.577618825115986],[114.58577194667524,4.577255892079921],[114.58758596260198,4.5769367024548],[114.5884309345208,4.576958151076623],[114.59165387306155,4.577746107283771],[114.59227246863914,4.5773719350653845],[114.59285623836404,4.575990595775143],[114.59291047033818,4.575005799773233],[114.5934270411053,4.573771607663119],[114.5935706791032,4.572730326507133],[114.59361210082382,4.570964967511187],[114.5937577984407,4.570478181501463],[114.5945663160298,4.568892741561539],[114.59467725675734,4.5682588034910445],[114.59451851221392,4.567251974658109],[114.59416740106698,4.566347131680046],[114.5937236708839,4.563891799879758],[114.59357439260475,4.562635955343682],[114.59349170991796,4.560802818674248],[114.59356858658523,4.55944461519615],[114.59420816638698,4.55850457348706],[114.59461410591499,4.558232435690428],[114.59620148260633,4.558060517205809],[114.59883756998455,4.557649746029307],[114.60031714135866,4.557604164027008],[114.60091061896757,4.5577373552775065],[114.60230819177087,4.558403067010821],[114.60328930394398,4.5589904999943345],[114.60457574451878,4.560007246743348],[114.60494818478938,4.560052011949023],[114.60561126793829,4.559473933793501],[114.6065082936352,4.557514889454808],[114.60725144949481,4.556970786209989],[114.60822020719945,4.556743165957645],[114.60899537401025,4.556164777097836],[114.60933180984834,4.555191353204465],[114.6093750492538,4.553901065716329],[114.60914777215552,4.553177046723627],[114.60914674406672,4.552384860345729],[114.60971924215275,4.551433679031872],[114.61085522226662,4.550356882164842],[114.6115300809647,4.549971230571791],[114.61258778682259,4.549109719758903],[114.61397129896312,4.548338317328618],[114.61430933066022,4.547953305918148],[114.61448663792306,4.5468777216026455],[114.6154094333639,4.546118322405189],[114.61584663866846,4.545337081924794],[114.61564301640345,4.544612998149061],[114.61574314086288,4.543945165915417],[114.61627220526184,4.543593541385557],[114.61747647594724,4.543399458252135],[114.61846823617358,4.543556692814614],[114.62072050480423,4.543281995446988],[114.62159873158707,4.542499817430926],[114.62163116999155,4.541798256600537],[114.62126574614712,4.539376903549962],[114.62126425951355,4.538833988766587],[114.62156683870538,4.538052547213879],[114.62228653196566,4.537383855635803],[114.62249976641834,4.536885567247476],[114.62263432925008,4.535632890887231],[114.6228899929167,4.534791381077121],[114.62341402643453,4.534046917061365],[114.62410506982103,4.533612878678247],[114.62528648641019,4.533305793667906],[114.6277200312341,4.533008246481321],[114.62931653965543,4.531874181370031],[114.63075889094597,4.531827227528413],[114.63176062966927,4.531316577589361],[114.6324900790029,4.530104642439846],[114.63331214149487,4.529594203489596],[114.63437041672057,4.5293662987415235],[114.63546286086245,4.5294780130287835],[114.63688314098677,4.530007946229897],[114.63801028707591,4.53024419574157],[114.63856208067496,4.529971626361625],[114.63878531714623,4.529020821630516],[114.63871644895555,4.528556945094421],[114.63793736243515,4.527290409532377],[114.63697788384731,4.526171340084999],[114.63684073848357,4.5254586607748495],[114.63720087410626,4.524926326635601],[114.6380339098039,4.5247216506514665],[114.63855140368646,4.524268013849406],[114.63897740532805,4.52352069953335],[114.63920151633137,4.522682942784453],[114.63886144523109,4.52191373566189],[114.63847557021818,4.520262020193517],[114.63808074272296,4.519855291739078],[114.63740413728664,4.519595745061432],[114.63554492041818,4.519609672121399],[114.634517988321,4.518739779215052],[114.6337613519479,4.517643033440921],[114.63364730463367,4.51672651565048],[114.63397292383213,4.516137752908489],[114.63489578907779,4.515627029761953],[114.63548014927227,4.515117248154467],[114.63624452608522,4.514120285812838],[114.63654751780656,4.513497385606676],[114.6365676118356,4.512410635054266],[114.63603520783987,4.511132671805786],[114.63611165832938,4.509853863466176],[114.63703517237992,4.509377333502753],[114.63875981567762,4.509997421936282],[114.63942402218717,4.510052945754592],[114.64101255573026,4.509926429439498],[114.64231987877272,4.510150863992406],[114.64318634729582,4.510025225606456],[114.64452574126534,4.509423454333043],[114.64522421292382,4.509445246261193],[114.6463750541895,4.510111289994291],[114.64696069336843,4.510268773859312],[114.64871718919044,4.5097797279123295],[114.6503843577533,4.509777328823748],[114.65349434723761,4.51031635277381],[114.65478021527741,4.510721993070765],[114.65541103509153,4.510721072579874],[114.65589400208793,4.510414765211905],[114.6562543074868,4.509950249410335],[114.65648453159181,4.554140086039377],[114.65150133686308,4.55993296748468],[114.64698496025802,4.567946045957008],[114.64621609309553,4.581601052308205],[114.64527468222515,4.595217241908974],[114.63743604096211,4.619093967250518],[114.63711658219488,4.625242578093671],[114.6362402156478,4.626321779912858],[114.63555691280553,4.627551363861001],[114.63384541500244,4.62872924271609],[114.63203171445625,4.628998215841718],[114.63138171939906,4.629230060032449],[114.63007591267508,4.630037145416048],[114.62870312364086,4.631276817451385],[114.62721510138712,4.632195751414759],[114.6258707596851,4.633747350081009],[114.62479173386102,4.635503678938442],[114.6236987461884,4.6364020356609],[114.6237683204215,4.637055679125164],[114.6242147402659,4.637105162171305],[114.62588131636892,4.6378502223635305],[114.63409217129953,4.640447047232521],[114.64309004334348,4.650021829453372],[114.6434807635604,4.649335490394197],[114.64404866944592,4.64939225754471],[114.64453663742904,4.6502282521860785],[114.65149028147424,4.6512019257046555],[114.6549097202687,4.651207101063989],[114.6599442924963,4.6544246366966355]]]},"properties":{"id":31,"name":"MUKIM UKONG","length":74896.0859375,"district":"Tutong","displayName":"Ukong"},"id":31},{"type":"Feature","geometry":{"type":"Polygon","coordinates":[[[114.78653561548633,4.683279150154432],[114.78449460072066,4.684108008616618],[114.78380054962199,4.684306185498311],[114.78024403016497,4.686044021391477],[114.7789590937251,4.686466637720776],[114.77840846180396,4.686776026450435],[114.77601819566968,4.687582855974692],[114.77470477895108,4.687897302157466],[114.7732352668087,4.68858611677686],[114.77196849507617,4.689056993280591],[114.77022222543344,4.68950299192677],[114.76905142510456,4.6894606285327205],[114.7670779885448,4.689667903537192],[114.765707466593,4.690109960695667],[114.76362732200765,4.691253267764505],[114.75998575815035,4.69298109834176],[114.75674407665855,4.695107914890895],[114.75502833104818,4.696572910225317],[114.7539410922574,4.69737813873356],[114.75295396447802,4.6983215596034045],[114.74820183401548,4.7018806546670335],[114.74708911937167,4.7025846152931825],[114.74589180205712,4.703059591924526],[114.73435897282862,4.704199556506442],[114.72831810288561,4.701585022744299],[114.72734201567556,4.700885759864044],[114.72663109603222,4.701917776083789],[114.72564821933693,4.702782012215404],[114.72481430228194,4.703348846409753],[114.72365696169246,4.7025735764846575],[114.7229412483463,4.702399188536787],[114.72183636412615,4.702559770674578],[114.72170919336399,4.7028113804692],[114.72021899191463,4.703400252306893],[114.71912363553345,4.704387992655171],[114.7187867563483,4.704322129250875],[114.71847077949789,4.70494422616461],[114.71839644885311,4.706064384858435],[114.71777759644009,4.706501377720449],[114.7172989057026,4.7071090307498515],[114.71670246845065,4.709735614067763],[114.71622750277118,4.710934765157437],[114.71627416796213,4.7112330656994414],[114.71574484864112,4.7135492522165805],[114.7144946698903,4.71495632578807],[114.71439144203352,4.7154154292787736],[114.71449945813538,4.716647347044754],[114.7143592915175,4.717316585447105],[114.7115453968909,4.717953612189074],[114.6939049805604,4.7180321664304214],[114.67567108417131,4.706675122750937],[114.674508705236,4.706512239696101],[114.67333094350369,4.705729228971972],[114.67320118587892,4.70529759921595],[114.67413323154257,4.705062914629299],[114.67461942283713,4.704707386747224],[114.67510760480981,4.7039522282530974],[114.67497227509804,4.703585784404731],[114.67422458122329,4.703033898753041],[114.6727012571921,4.702611452569928],[114.672151022779,4.701005295827087],[114.67161145774479,4.701215052594245],[114.66962985117478,4.699710011647378],[114.66218300277248,4.692696777290774],[114.66247271604219,4.686241863915121],[114.65972639490012,4.685240296791769],[114.65892963924509,4.684567628197496],[114.65890796485463,4.6834533329115615],[114.65989695536075,4.6807131545993395],[114.65946885403639,4.680119157185086],[114.6595073944791,4.6795925350407455],[114.66006105792276,4.679145587811476],[114.66144188692277,4.6785547431003955],[114.66160230296434,4.678301353508732],[114.66126734581768,4.677573419786755],[114.66119006974952,4.676317967258009],[114.6605265677774,4.675955808262087],[114.65936893317692,4.676991434690177],[114.65878627233943,4.676935402803612],[114.65788427733912,4.6756876188001595],[114.65744551456524,4.674292714343784],[114.65705181483611,4.6739145395635635],[114.65801457291651,4.6704526254888545],[114.66629066861486,4.658480446677807],[114.66455317325997,4.657370068213127],[114.6645532091434,4.657369695364348],[114.66542840316933,4.648215331146586],[114.66595943737616,4.642852875061073],[114.6700911701456,4.627820038425286],[114.67008733105867,4.626024868762876],[114.67033094545405,4.624998086755938],[114.69270486130469,4.624868676502856],[114.70018454986878,4.624757035493885],[114.7308951114428,4.6330647885316765],[114.74165435462562,4.635979367227741],[114.74178463290592,4.634791973013597],[114.7424869951265,4.632413693074547],[114.74275924717416,4.631678891550261],[114.74353382059276,4.6301845379269775],[114.74515463858079,4.631821203672919],[114.74583904181162,4.632102988960664],[114.74889974233814,4.632155038063241],[114.74911230687232,4.632464302238659],[114.75003994255994,4.632860278513708],[114.74998263049476,4.633441911687124],[114.75077881801607,4.634974428741549],[114.7512823881316,4.635364583872364],[114.75121187329387,4.635801420627845],[114.75159920924126,4.636331457771399],[114.75180786786402,4.637127593451627],[114.75237454338323,4.6376210951660966],[114.75265539131608,4.638558252731927],[114.75258603488079,4.639785076775356],[114.75323848630902,4.640464010830374],[114.7535383232068,4.641374665540942],[114.75393690482682,4.641525427487127],[114.75624194985551,4.641625623911218],[114.75902467247218,4.6420789055549],[114.76034139350483,4.641220508766935],[114.7612093736359,4.640803005441965],[114.76161050753652,4.641350438568067],[114.76225664932979,4.641784623694454],[114.76284291084035,4.643323224803149],[114.76363030683925,4.644122730709872],[114.76452861503205,4.644492876325752],[114.76523238987795,4.645461427183408],[114.7662842167182,4.645591985310418],[114.76798584722196,4.645003236773765],[114.76889253911189,4.64584458869469],[114.77120590653807,4.645908147141522],[114.77254143671054,4.6471772763121875],[114.77329761279266,4.646879656613107],[114.77508633251864,4.6473104774555285],[114.77599196830637,4.647786090354774],[114.779012533924,4.6475802799909225],[114.78084952729216,4.64773664516492],[114.7816477793956,4.64744592488981],[114.78454252249234,4.64736003224067],[114.78522179671083,4.647132960040981],[114.78692504872751,4.647099804150322],[114.78754121456267,4.646865882331009],[114.78919882615912,4.648000401568323],[114.78833272620311,4.649057968815399],[114.79080014673582,4.651449072694941],[114.79183479969845,4.6528878632863275],[114.79257993039853,4.653603067697519],[114.79267378226442,4.6545311996964776],[114.79338469622024,4.655527841733864],[114.79501828549387,4.6556355437021475],[114.79655520653084,4.656242899715019],[114.79820914515095,4.656118431417031],[114.7990930310229,4.656340881451398],[114.79984670529286,4.656162417031737],[114.80011365936038,4.657046304807608],[114.80002437997682,4.657911116674294],[114.79973113071694,4.658570494706671],[114.79912807985593,4.659053307545008],[114.798952792669,4.65979005934824],[114.79923194534688,4.661037295510944],[114.79900658587499,4.662179476854063],[114.79852003371114,4.663198360122173],[114.7976638330562,4.664379149912399],[114.79807859713812,4.666340451680241],[114.79976457553363,4.667441639969609],[114.80025233534698,4.668361825299749],[114.80012199875583,4.66905859507939],[114.79953424427603,4.669956532756023],[114.79973948569659,4.670591541823861],[114.80029114859708,4.671212241447211],[114.80074796113048,4.672527623061819],[114.80172879839112,4.673303339591272],[114.80244983517551,4.6742383781004735],[114.80261966386917,4.675472367691199],[114.80241334920066,4.676767953853699],[114.80255874318344,4.678122412475079],[114.80245314612418,4.678611942721713],[114.79939653866619,4.680209904487295],[114.79694178700844,4.680915530434084],[114.7960444466308,4.680757088518059],[114.79391656188155,4.679008865475592],[114.79317840515799,4.677612916759342],[114.79251685196502,4.676595455925472],[114.7920787768024,4.676286711720074],[114.79154145341896,4.676328148242759],[114.79090389857653,4.6767695086601915],[114.79074304439357,4.678590347245032],[114.7906065798181,4.679121797914555],[114.7898108876813,4.680005923782728],[114.78847722833044,4.680137319750073],[114.78746182138109,4.680636877198206],[114.78684021679068,4.681717475632356],[114.78653561548633,4.683279150154432]]]},"properties":{"id":32,"name":"MUKIM LAMUNIN","length":36833.203125,"district":"Tutong","displayName":"Lamunin"},"id":32},{"type":"Feature","geometry":{"type":"Polygon","coordinates":[[[114.7182781702062,4.786952963040517],[114.69965220154421,4.78107981015156],[114.69134331365315,4.768767764622292],[114.6918190109607,4.754527824093579],[114.70984854727936,4.754297102305495],[114.7115453968909,4.717953612189074],[114.7143592915175,4.717316585447105],[114.71449945813538,4.716647347044754],[114.71439144203352,4.7154154292787736],[114.7144946698903,4.71495632578807],[114.71574484864112,4.7135492522165805],[114.71627416796213,4.7112330656994414],[114.71622750277118,4.710934765157437],[114.71670246845065,4.709735614067763],[114.7172989057026,4.7071090307498515],[114.71777759644009,4.706501377720449],[114.71839644885311,4.706064384858435],[114.71847077949789,4.70494422616461],[114.7187867563483,4.704322129250875],[114.71912363553345,4.704387992655171],[114.72021899191463,4.703400252306893],[114.72170919336399,4.7028113804692],[114.72183636412615,4.702559770674578],[114.7229412483463,4.702399188536787],[114.72365696169246,4.7025735764846575],[114.72481430228194,4.703348846409753],[114.72564821933693,4.702782012215404],[114.72663109603222,4.701917776083789],[114.72734201567556,4.700885759864044],[114.72831810288561,4.701585022744299],[114.73435897282862,4.704199556506442],[114.74589180205712,4.703059591924526],[114.74708911937167,4.7025846152931825],[114.74820183401548,4.7018806546670335],[114.75295396447802,4.6983215596034045],[114.7539410922574,4.69737813873356],[114.75502833104818,4.696572910225317],[114.75674407665855,4.695107914890895],[114.75998575815035,4.69298109834176],[114.76362732200765,4.691253267764505],[114.765707466593,4.690109960695667],[114.7670779885448,4.689667903537192],[114.76905142510456,4.6894606285327205],[114.77022222543344,4.68950299192677],[114.77196849507617,4.689056993280591],[114.7732352668087,4.68858611677686],[114.77470477895108,4.687897302157466],[114.77601819566968,4.687582855974692],[114.77840846180396,4.686776026450435],[114.7789590937251,4.686466637720776],[114.78024403016497,4.686044021391477],[114.78380054962199,4.684306185498311],[114.78449460072066,4.684108008616618],[114.78653561548633,4.683279150154432],[114.78608961787171,4.685693620621816],[114.78510706041929,4.687219557585127],[114.78496143703751,4.688281792358932],[114.78507004724801,4.688818735708203],[114.78564495880423,4.690069617577373],[114.7853671610358,4.69120628882427],[114.7845420844263,4.691101887210518],[114.78387048179376,4.691273149843992],[114.78315921865833,4.691944488032777],[114.78248001768186,4.692021379870678],[114.78106994869331,4.691457738960869],[114.7792595810203,4.691175346050379],[114.77895144368038,4.691570505746057],[114.77892304004534,4.693036539453637],[114.778340749526,4.6944700042196486],[114.77749602640571,4.695358777603609],[114.7768922387045,4.696376285322568],[114.77773872027522,4.697637114549023],[114.77792252921257,4.698655704424893],[114.77754611174677,4.699401228712548],[114.77782191387142,4.701442631284861],[114.77827287947301,4.701919501784256],[114.77961964654608,4.701827938593758],[114.78042219361448,4.701929590066887],[114.78216832158115,4.702971851050639],[114.78258168616492,4.704076528146437],[114.78356037604178,4.704690612861986],[114.78385638658384,4.705349942310995],[114.78377777899762,4.70814273752045],[114.78387325278001,4.708618107408055],[114.78454493867943,4.70924383113718],[114.78478551265997,4.711175959760209],[114.78386451169756,4.711799862954646],[114.7835019734333,4.712668287696306],[114.7837182835589,4.713623471508625],[114.78404188648037,4.713892139448427],[114.78519544949974,4.714190868918404],[114.78554024619606,4.714578740131674],[114.78562496994957,4.7156165513700214],[114.78592601899359,4.716070685194206],[114.78565353793472,4.716909733881459],[114.78457398865704,4.716876731644396],[114.78419591142266,4.717633848683973],[114.7831533555992,4.718308131384384],[114.78214670509207,4.718350936299681],[114.7815822449779,4.71894948545333],[114.78131052529366,4.720052496183967],[114.78147004681252,4.720660788227389],[114.78050485978603,4.721399841287376],[114.77907959148386,4.722018151019892],[114.77791164467267,4.7218124355164806],[114.77717862115627,4.721407612197103],[114.77631688512416,4.722074853551103],[114.77686215378286,4.723011269809741],[114.77700010266734,4.724531917960386],[114.77726290146771,4.7252023697317425],[114.77737038983551,4.726515946092998],[114.7770423087316,4.728195378011695],[114.77740302394578,4.729212877296395],[114.77818578516978,4.730445061358402],[114.77863887717234,4.731840997173692],[114.77892099199387,4.7319848736155015],[114.78031258817458,4.731791724415949],[114.78079228791454,4.731489894411324],[114.78133781606962,4.730384106779481],[114.78263964448654,4.7297418525641985],[114.78330125631025,4.7298049103998565],[114.78465548730962,4.7309025808764895],[114.78594490273854,4.731021182072852],[114.77961431476992,4.741586762986025],[114.77939215393968,4.7424940518817404],[114.7802943639596,4.743529180478018],[114.78056574759916,4.744242275858397],[114.78045788831427,4.744931614608485],[114.78009562133474,4.745513171026828],[114.77252536300935,4.762894185846177],[114.77237902725521,4.763336059396429],[114.77145076426507,4.764785192952823],[114.77133656029115,4.765427629822059],[114.77160108278554,4.766301838137306],[114.77328488568634,4.767569265199618],[114.7738915758312,4.768696263089775],[114.7743579354464,4.770002282117622],[114.7751143147307,4.771258279542514],[114.77685344566856,4.775083206094371],[114.77719728162826,4.776103573958212],[114.77774656302488,4.778218194846789],[114.77769109042382,4.779293991805533],[114.77781039701162,4.780163539097014],[114.77762486238214,4.788259400255561],[114.77414251103079,4.7881784606965745],[114.77420593144268,4.788511758802295],[114.77626074204,4.792381540945304],[114.77681453749591,4.793524511732749],[114.77907159339135,4.796986731158659],[114.77960240008257,4.797971506002012],[114.78050574885714,4.799962992443819],[114.78142077170618,4.801406642954927],[114.77943740070855,4.8029647384103145],[114.77751812424447,4.798593129391493],[114.77453623053651,4.800476384649968],[114.7767035101111,4.804586604791446],[114.77200365086574,4.806970090827757],[114.77169769123104,4.806466591490702],[114.76934770660432,4.806867981349642],[114.76587344359606,4.802833441550712],[114.76047417923778,4.799201687886802],[114.75941147752239,4.797032032313796],[114.75719683170949,4.79417782956057],[114.73128869330564,4.7798922269048525],[114.73057201387094,4.780090976938314],[114.7298610829627,4.77993248861614],[114.72954679239655,4.780167955779054],[114.72760864081692,4.78038149811577],[114.72655465277562,4.779651978709036],[114.72611111306068,4.779013972165436],[114.72545777844456,4.779098926746565],[114.72444830067222,4.7789661532483025],[114.72389424808603,4.778694729681138],[114.72308562735225,4.778658599917424],[114.72222060698226,4.7791985972151005],[114.72229229831976,4.7802412361842554],[114.72149961781439,4.781258639928524],[114.72119917890525,4.782007854456667],[114.72041801373761,4.782516521868827],[114.71914671125398,4.781846394306543],[114.7186820699688,4.78191271734913],[114.71840303221617,4.782859132929258],[114.71789982646636,4.783036350323975],[114.7178362807739,4.783477972415804],[114.71820301319613,4.785050514754512],[114.71850571670164,4.7858974912090355],[114.71855788837193,4.78661461447154],[114.7182781702062,4.786952963040517]]]},"properties":{"id":35,"name":"MUKIM KIUDANG","length":50112.109375,"district":"Tutong","displayName":"Kiudang"},"id":35},{"type":"Feature","geometry":{"type":"Polygon","coordinates":[[[114.68663558163864,4.84986265633881],[114.68510786604887,4.848934333700905],[114.68275783064712,4.847181948286545],[114.68091674918504,4.8460883089560856],[114.68088258895992,4.845960100493516],[114.67899985593334,4.844877875600133],[114.67730846611093,4.843709760223833],[114.6757622424789,4.842870204001969],[114.67402685357634,4.841477258727667],[114.67239606137504,4.840006016147765],[114.67143503149252,4.838869218157851],[114.66861191569011,4.836155137715015],[114.66772755927627,4.835236290072291],[114.66670257658483,4.8346060934964035],[114.66267556639886,4.830730270552432],[114.6613765071755,4.829396567455855],[114.66065916694338,4.8283506435483226],[114.65978149061286,4.82780368126075],[114.65891957613131,4.826840677905356],[114.65641979275733,4.824475380512815],[114.65555591585812,4.823819852360541],[114.65267498603421,4.821149247774408],[114.65083759989858,4.819305491415586],[114.64955183753291,4.818287124634598],[114.6475056067209,4.816303204581121],[114.6464654903058,4.815482546985452],[114.64478799818924,4.813995554007912],[114.64398153022812,4.813105858073274],[114.64152495688076,4.811055222453784],[114.64128450239852,4.8106918851349025],[114.63825707323069,4.807982066352812],[114.63666805998109,4.806698293357355],[114.63566840212619,4.806034078982649],[114.63262765765799,4.803388148814056],[114.62799022215036,4.799517785843879],[114.6261107345095,4.798108744008552],[114.62502690772071,4.797148008496045],[114.62249299709349,4.79521565417125],[114.62218938352967,4.79482648458003],[114.62091795583879,4.793871903566009],[114.61998962838557,4.792902260622762],[114.6176235783353,4.790738263527432],[114.61553797172127,4.789140414321414],[114.61465805468751,4.788360546045958],[114.61412032105746,4.78806922101444],[114.61242090718277,4.786766485393795],[114.61023065077165,4.784797561479571],[114.6093142265341,4.783848220096229],[114.60565321679911,4.780529007058094],[114.60394115837272,4.778913159261843],[114.60323874485474,4.77834588376415],[114.60082006863243,4.776061596445849],[114.59990252221813,4.77552599097157],[114.5989632980139,4.774471003045752],[114.59827561838819,4.773510295415087],[114.59784651784634,4.771911323020696],[114.5964885187645,4.770023635896254],[114.59917484624498,4.77120068507354],[114.60133094611137,4.771838654271744],[114.60600849758632,4.772607755381141],[114.6079875452033,4.772781831968511],[114.60871130287241,4.773083472923386],[114.61000855647661,4.77407508111931],[114.61116805114303,4.775545820428837],[114.6113953877605,4.777113108539625],[114.61088127202052,4.779728068299201],[114.61095882238301,4.780698900759708],[114.61118374334823,4.781370332722498],[114.61277757969238,4.7831617214890025],[114.6139034102893,4.781696090378474],[114.62551338897939,4.766801435987115],[114.62629114490018,4.765803611623756],[114.63310519073225,4.771176170477712],[114.64969404074412,4.784632154906807],[114.64900298187241,4.785569223742908],[114.65171523658346,4.78751977202169],[114.65439841478917,4.789554207090032],[114.65499580356963,4.789932134113834],[114.65602984821983,4.7901915335967],[114.65796449123354,4.78971874950708],[114.65949568096649,4.788932909140978],[114.6596136422419,4.788477763959525],[114.66057508913103,4.788150047087047],[114.6618684060719,4.7883187401097445],[114.66292706826978,4.787772523116436],[114.66799018794951,4.7866692640756066],[114.67156169930249,4.786959777337015],[114.67273513078389,4.78678435336665],[114.67396768437717,4.786091350794913],[114.67474576605234,4.785477609028225],[114.69134331365315,4.768767764622292],[114.69965220154421,4.78107981015156],[114.7182781702062,4.786952963040517],[114.72435342379046,4.791211469380473],[114.71851941353985,4.796753953544817],[114.71717161403211,4.796905068201403],[114.71626756385297,4.796202239176476],[114.71573624666573,4.796203748367717],[114.71525997954633,4.795748401814127],[114.71439373320644,4.795662686141061],[114.71378993773948,4.795137611762701],[114.71258354277977,4.795711347224005],[114.71181099110551,4.796483368298602],[114.71141592255603,4.797848372770177],[114.71112189313514,4.798279338314485],[114.7097853970904,4.798301652949002],[114.70722597852404,4.797823845847463],[114.70625742480361,4.797973759555318],[114.70464713805445,4.798788968367666],[114.70287461568519,4.800612730464916],[114.70232387236283,4.800922329467965],[114.70096598296158,4.80111545659063],[114.70035180089698,4.8007993190565985],[114.6980392749948,4.799923999848297],[114.69649067935939,4.800740488844915],[114.69461553554189,4.801304259397611],[114.69138474598186,4.801961904235111],[114.69050574142982,4.802315681481769],[114.6872683477788,4.803829077314879],[114.68597748612461,4.804616383441383],[114.68511555687,4.80465482563676],[114.6822304555994,4.803594003932955],[114.67936011857259,4.801665641569825],[114.67883437199693,4.801441020420719],[114.67635585422082,4.801052850650834],[114.67462839248353,4.800662015278579],[114.67376542062138,4.800739592890425],[114.67305305185594,4.801080708143183],[114.67074544199895,4.801777267800782],[114.67108714684773,4.802686320573672],[114.67263442943552,4.804098885922333],[114.67327444567604,4.804034701382645],[114.67452678825663,4.805138835887915],[114.67471544737614,4.805876727288761],[114.67442446188672,4.806561352697253],[114.67467791614584,4.807299061039405],[114.67556203894915,4.8083392201425434],[114.67648464813045,4.809236267446165],[114.67713483368064,4.809099250262447],[114.67730429613846,4.808521563504818],[114.67817285022836,4.808617945393279],[114.67917852294426,4.809558956350596],[114.67952639510077,4.810694209291058],[114.68039246200169,4.812166730437494],[114.68105817239527,4.812842654144489],[114.6807393269266,4.814180407124306],[114.68068627977014,4.814946910591691],[114.68010779560602,4.816017160982488],[114.68016175929957,4.817111192462598],[114.68078478113796,4.818534575775848],[114.68080833251372,4.82001719823372],[114.68063367322516,4.822101911221113],[114.6817175895247,4.823388309365854],[114.68236702558012,4.823712055620402],[114.68409601238245,4.823619619015808],[114.68502809787384,4.823871959162783],[114.68609201408559,4.82456233157033],[114.6866521668088,4.825153249545776],[114.68745673842695,4.826536328909057],[114.68774520826247,4.827444607458408],[114.68753230546287,4.828316849279457],[114.68815524509338,4.828930436044229],[114.68917499033051,4.828978452552574],[114.69005899442466,4.829459705421607],[114.69107788456859,4.830324455248868],[114.69237195006886,4.83175543693189],[114.69208179170214,4.832322822688834],[114.69200675542432,4.8337329153508275],[114.6867378141773,4.849411536524264],[114.68663558163864,4.84986265633881]]]},"properties":{"id":36,"name":"MUKIM PEKAN TUTONG","length":46508.2578125,"district":"Tutong","displayName":"Pekan Tutong"},"id":36},{"type":"Feature","geometry":{"type":"Polygon","coordinates":[[[114.7982902289583,4.837346823497946],[114.79815967458985,4.838313891474708],[114.79931172627236,4.841119105748328],[114.7994477564758,4.8417766281086765],[114.8005217942426,4.845069858998085],[114.80081601903555,4.846450402532039],[114.80241944589169,4.849256544027522],[114.80316522672351,4.851474547649616],[114.8038558192128,4.854474417690377],[114.80408795893538,4.856971457370307],[114.80399452663268,4.8581643513826664],[114.8036289480927,4.8589176969562695],[114.80394752874594,4.859432661057293],[114.80335100868503,4.860043741415323],[114.80276589604118,4.860919951131596],[114.8027115821432,4.8614163890375215],[114.80421443993133,4.862940633868559],[114.80210194237492,4.8637443662727184],[114.80061919527594,4.86785713297929],[114.7999374317853,4.870722512704257],[114.7998260819968,4.87157180101903],[114.79991679865189,4.872534106957676],[114.79976538227926,4.872977683983127],[114.79791391205583,4.875943175183582],[114.79665526972082,4.8773734832913505],[114.79513183522927,4.878243860309301],[114.79313991197807,4.878683951880815],[114.79276844678621,4.87967698527334],[114.79349784407768,4.880346690099633],[114.79440458786634,4.881762268537563],[114.79530332982648,4.88392154910003],[114.79541410213109,4.884807489027683],[114.79501329109075,4.885528753214612],[114.79440753317284,4.887277615255905],[114.79440815314193,4.887685137282934],[114.79490564193767,4.889202422992731],[114.79449186549255,4.890697503702668],[114.79321384088435,4.8928383311624675],[114.7926466000908,4.895046598203349],[114.79248849233566,4.896098930092992],[114.79211454764805,4.896951962521413],[114.79703006982848,4.909063245169353],[114.79465768138016,4.910945114057409],[114.7946799159775,4.912544834871666],[114.79521250850165,4.915861652947144],[114.79544558589564,4.91811109093255],[114.79568028039864,4.921306125496599],[114.79551784388107,4.923503427388907],[114.79443083347194,4.9236992832909365],[114.79432160267872,4.924498302864441],[114.79318251649869,4.923833466215895],[114.79379213952703,4.923573787214208],[114.79429825863254,4.922873070391733],[114.79422440708733,4.921981367152088],[114.79275762755778,4.920955171530416],[114.79042244555869,4.918984689037587],[114.78893285067988,4.918043619920489],[114.78845063262852,4.917533181028933],[114.78632381873871,4.916092857251816],[114.78499101115005,4.915562635057749],[114.78414913781184,4.914320293142557],[114.78263844899766,4.913657060426134],[114.78244164335486,4.913375746399898],[114.78026361802422,4.912121006296533],[114.77957388926357,4.911459098968072],[114.77887390102364,4.911086517727699],[114.77802398446185,4.910017076614087],[114.7767639444292,4.909067513321258],[114.77631744400976,4.9088856223939565],[114.77585707007954,4.9082851614204595],[114.77536889489083,4.9081750089473175],[114.77492942865227,4.90766711234071],[114.77317315231664,4.9064667661196175],[114.7713076087971,4.904961153350984],[114.76978149086351,4.904064277746386],[114.76901403507973,4.903372909104747],[114.7680441334838,4.903099521868554],[114.76727195857016,4.902262970462565],[114.76668060346643,4.90198772847341],[114.76596807665831,4.901316048210688],[114.76391931862506,4.900007277080584],[114.76234984637307,4.898801681312517],[114.75913282195046,4.896665964023248],[114.75817273442263,4.896124993158171],[114.75519569517363,4.893956917821687],[114.75373184817063,4.893025697959254],[114.75345028805184,4.892698679524453],[114.75245369360064,4.892196809866189],[114.75145896031307,4.891162498556141],[114.75126156737575,4.891300411826673],[114.75010501974589,4.890629995055242],[114.74839308757066,4.889446259604023],[114.74783229691802,4.8892127371439935],[114.74509145126365,4.887253645689028],[114.74324314704197,4.886261898657108],[114.73920168569742,4.883878640270374],[114.73741063434888,4.8826012840469195],[114.73597460154248,4.881726473226309],[114.73565471667276,4.88139334679849],[114.73389021928256,4.880338033596144],[114.73162469527347,4.878854583000505],[114.73103975065584,4.878644862092834],[114.72637308799085,4.875733716581331],[114.72364121902471,4.873921485107526],[114.72319731424291,4.87316705621601],[114.72212591714168,4.872898791905808],[114.72097944580659,4.872183088238156],[114.71859556709545,4.870474420897141],[114.71559772406101,4.868647658081274],[114.71501607579593,4.868201087467719],[114.71245474333058,4.866700334625712],[114.71097347984504,4.865748175938126],[114.70969457267047,4.864818053137104],[114.7094689296041,4.864126868336383],[114.70894030264445,4.864301315096201],[114.70773034589857,4.863644558214276],[114.7065423535984,4.862781430811853],[114.70214739530418,4.860039520886567],[114.70163805195922,4.859652650701578],[114.69990501173523,4.858727179716754],[114.69962287875822,4.8583848909305365],[114.69843773573682,4.8579309618483055],[114.69826842563805,4.857633005063138],[114.69689042529009,4.856721789756117],[114.69586040884239,4.855922078214438],[114.69271518061106,4.853939649567013],[114.69165122493817,4.853089722935908],[114.69087011581345,4.852639173178351],[114.6890351969261,4.851336404898477],[114.688178642314,4.8509064113219935],[114.68663558163864,4.84986265633881],[114.6867378141773,4.849411536524264],[114.69200675542432,4.8337329153508275],[114.69208179170214,4.832322822688834],[114.69237195006886,4.83175543693189],[114.69107788456859,4.830324455248868],[114.69005899442466,4.829459705421607],[114.68917499033051,4.828978452552574],[114.68815524509338,4.828930436044229],[114.68753230546287,4.828316849279457],[114.68774520826247,4.827444607458408],[114.68745673842695,4.826536328909057],[114.6866521668088,4.825153249545776],[114.68609201408559,4.82456233157033],[114.68502809787384,4.823871959162783],[114.68409601238245,4.823619619015808],[114.68236702558012,4.823712055620402],[114.6817175895247,4.823388309365854],[114.68063367322516,4.822101911221113],[114.68080833251372,4.82001719823372],[114.68078478113796,4.818534575775848],[114.68016175929957,4.817111192462598],[114.68010779560602,4.816017160982488],[114.68068627977014,4.814946910591691],[114.6807393269266,4.814180407124306],[114.68105817239527,4.812842654144489],[114.68039246200169,4.812166730437494],[114.67952639510077,4.810694209291058],[114.67917852294426,4.809558956350596],[114.67817285022836,4.808617945393279],[114.67730429613846,4.808521563504818],[114.67713483368064,4.809099250262447],[114.67648464813045,4.809236267446165],[114.67556203894915,4.8083392201425434],[114.67467791614584,4.807299061039405],[114.67442446188672,4.806561352697253],[114.67471544737614,4.805876727288761],[114.67452678825663,4.805138835887915],[114.67327444567604,4.804034701382645],[114.67263442943552,4.804098885922333],[114.67108714684773,4.802686320573672],[114.67074544199895,4.801777267800782],[114.67305305185594,4.801080708143183],[114.67376542062138,4.800739592890425],[114.67462839248353,4.800662015278579],[114.67635585422082,4.801052850650834],[114.67883437199693,4.801441020420719],[114.67936011857259,4.801665641569825],[114.6822304555994,4.803594003932955],[114.68511555687,4.80465482563676],[114.68597748612461,4.804616383441383],[114.6872683477788,4.803829077314879],[114.69050574142982,4.802315681481769],[114.69138474598186,4.801961904235111],[114.69461553554189,4.801304259397611],[114.69649067935939,4.800740488844915],[114.6980392749948,4.799923999848297],[114.70035180089698,4.8007993190565985],[114.70096598296158,4.80111545659063],[114.70232387236283,4.800922329467965],[114.70287461568519,4.800612730464916],[114.70464713805445,4.798788968367666],[114.70625742480361,4.797973759555318],[114.70722597852404,4.797823845847463],[114.7097853970904,4.798301652949002],[114.71112189313514,4.798279338314485],[114.71141592255603,4.797848372770177],[114.71181099110551,4.796483368298602],[114.71258354277977,4.795711347224005],[114.71378993773948,4.795137611762701],[114.71439373320644,4.795662686141061],[114.71525997954633,4.795748401814127],[114.71573624666573,4.796203748367717],[114.71626756385297,4.796202239176476],[114.71717161403211,4.796905068201403],[114.71851941353985,4.796753953544817],[114.72435342379046,4.791211469380473],[114.7182781702062,4.786952963040517],[114.71855788837193,4.78661461447154],[114.71850571670164,4.7858974912090355],[114.71820301319613,4.785050514754512],[114.7178362807739,4.783477972415804],[114.71789982646636,4.783036350323975],[114.71840303221617,4.782859132929258],[114.7186820699688,4.78191271734913],[114.71914671125398,4.781846394306543],[114.72041801373761,4.782516521868827],[114.72119917890525,4.782007854456667],[114.72149961781439,4.781258639928524],[114.72229229831976,4.7802412361842554],[114.72222060698226,4.7791985972151005],[114.72308562735225,4.778658599917424],[114.72389424808603,4.778694729681138],[114.72444830067222,4.7789661532483025],[114.72545777844456,4.779098926746565],[114.72611111306068,4.779013972165436],[114.72655465277562,4.779651978709036],[114.72760864081692,4.78038149811577],[114.72954679239655,4.780167955779054],[114.7298610829627,4.77993248861614],[114.73057201387094,4.780090976938314],[114.73128869330564,4.7798922269048525],[114.75719683170949,4.79417782956057],[114.75941147752239,4.797032032313796],[114.76047417923778,4.799201687886802],[114.76587344359606,4.802833441550712],[114.76934770660432,4.806867981349642],[114.77169769123104,4.806466591490702],[114.77200365086574,4.806970090827757],[114.7767035101111,4.804586604791446],[114.77453623053651,4.800476384649968],[114.77751812424447,4.798593129391493],[114.77943740070855,4.8029647384103145],[114.78142077170618,4.801406642954927],[114.782538221,4.8034931220993515],[114.78252843742678,4.805361224963216],[114.78274315921243,4.805960870600069],[114.7834256382492,4.806784108948981],[114.78396235608439,4.8080543004144145],[114.78477480462128,4.808812151982786],[114.78601321241099,4.8091776237054535],[114.78694828766527,4.809668892515089],[114.78763890590788,4.810383014948093],[114.78809081631128,4.811163966824427],[114.79095764014187,4.816948574950546],[114.79170618881626,4.818904325360041],[114.79437547517198,4.826801407998855],[114.79551505243603,4.829666362380342],[114.79627138022879,4.830877116048314],[114.79712933627023,4.832929190386381],[114.7973340893071,4.834544001134677],[114.79815646171494,4.835792422963336],[114.79841430293378,4.836870690636588],[114.7982902289583,4.837346823497946]]]},"properties":{"id":37,"name":"MUKIM KERIAM","length":56629.4140625,"district":"Tutong","displayName":"Keriam"},"id":37},{"type":"Feature","geometry":{"type":"Polygon","coordinates":[[[114.96674621094111,4.913455539445785],[114.96733206669319,4.91411102830576],[114.97136077587957,4.91930296678837],[114.97424182334007,4.921876977548893],[114.98303586047348,4.929876560280738],[114.98052180611695,4.930405092627876],[114.97920230406629,4.930876140715787],[114.97512053426857,4.932703836331468],[114.97213461039716,4.929923228216696],[114.97120695581826,4.929240045213742],[114.96954722997555,4.928222838959042],[114.9678213108148,4.9274816279921945],[114.96639805071578,4.927015247360345],[114.96455928013818,4.926644341932486],[114.96312370033058,4.9265277703923696],[114.95977009792361,4.926430671641275],[114.9578290697789,4.926180953067717],[114.95737357561558,4.926038781776231],[114.95609127225272,4.925271785016575],[114.95553953779344,4.9246950312874125],[114.95497296867977,4.923660921120433],[114.95453835396658,4.921926838374402],[114.954146866282,4.921120881270685],[114.95322633554275,4.920085807382571],[114.9524639138537,4.9183336226156955],[114.95220200166786,4.917009671993748],[114.9489270045041,4.917876715306537],[114.94685738376131,4.918495990049217],[114.94336285477624,4.920292790844543],[114.93681589699446,4.923855785680624],[114.9348803176669,4.919834758116405],[114.93426043852249,4.918838676531694],[114.93209546341393,4.916843542591192],[114.93160396083007,4.915963789135688],[114.93145025776823,4.914990950895477],[114.92920317181463,4.915270671342071],[114.92821598359637,4.913918061927015],[114.92950498980042,4.912644389979225],[114.92982630039529,4.911225281995547],[114.92986882174115,4.909665557358785],[114.92883164302867,4.908753355372273],[114.92726146353927,4.908656751172996],[114.92693838966306,4.908302747900072],[114.92703238170513,4.90717840738017],[114.92725767904898,4.906500022533304],[114.92765161055829,4.905729885959639],[114.92927402441369,4.903046680475685],[114.92987580285812,4.902262867726042],[114.93082558714836,4.900565694432738],[114.93175854976249,4.899735236145471],[114.93298461958902,4.899151483693987],[114.93350178708398,4.8984257300797],[114.93395675553434,4.897441063759102],[114.93538629529534,4.893173287717548],[114.93492467167127,4.892889795821568],[114.93404607372784,4.89232975465731],[114.93374586504288,4.891930846605808],[114.93324367897408,4.890670404408873],[114.93284356285655,4.890190587480386],[114.93177640272806,4.889525416075166],[114.9309815509905,4.890308830497462],[114.9300641850507,4.891603407849185],[114.92622301461832,4.888789296043287],[114.92559253098561,4.8878865809391465],[114.92401715204741,4.889553889940922],[114.92311683541953,4.888914296922387],[114.92170098889565,4.889160203812417],[114.91951582833792,4.887899109617242],[114.91872421357701,4.8863221057126065],[114.91795650022793,4.885268511912939],[114.91408706670781,4.88343345707778],[114.91299122693779,4.881461876365373],[114.91232779898937,4.880807632047357],[114.91168707853666,4.880584287682986],[114.90989925778248,4.880579412389847],[114.91192123915167,4.874279533461742],[114.91285862917931,4.8711831561716235],[114.91360062777072,4.8701509314258615],[114.91487292910537,4.869749082539996],[114.91551196142582,4.869387625005191],[114.91581548147116,4.86895089863391],[114.91690386926912,4.866676850213579],[114.91768686079507,4.865752595926224],[114.91897621538739,4.864906938703937],[114.92147781905719,4.863920378820375],[114.92317960811957,4.864990729087259],[114.92589843500603,4.868288520468144],[114.93009664108521,4.874304079745586],[114.93064719321927,4.875145117011642],[114.92889593087396,4.876723603625498],[114.92922723710343,4.877441549573971],[114.92993953743014,4.878360650850101],[114.92974747100635,4.878938362353704],[114.93136725476025,4.880110707294217],[114.93172135556671,4.88127511319777],[114.93246230501083,4.882163051023519],[114.93327154259337,4.882353843033221],[114.93348985337938,4.882974921200552],[114.93295783491254,4.883503933863692],[114.93419764485927,4.88462036815315],[114.93434803892953,4.884780988802823],[114.93481685126832,4.885681075290181],[114.93550130541134,4.886338005540048],[114.93638133396037,4.886821929031269],[114.93614676061337,4.887503762373544],[114.9353849799331,4.8877180934353746],[114.93502617183178,4.888134087384527],[114.93412748077807,4.888175317522847],[114.93377207074798,4.888596953859528],[114.9341380798704,4.889052520726802],[114.93478590381358,4.889160728368055],[114.93570333566633,4.889584524561151],[114.93637764069658,4.889563794814556],[114.93592177306336,4.891650424479931],[114.93567692616594,4.892345598691343],[114.93543130195107,4.8930429791409455],[114.93662525934037,4.893722063888658],[114.93688963945827,4.893385494152778],[114.93742032702504,4.89369924246331],[114.93903688700182,4.89312483638887],[114.93851191556392,4.891511328658663],[114.93877407656564,4.891158570153677],[114.93858115536746,4.890560518022587],[114.9378791885954,4.889691389047602],[114.93778217574037,4.888983534615191],[114.93804768365825,4.888492250627196],[114.93894529678224,4.888025757148469],[114.93907898768217,4.887201230386667],[114.9402855198404,4.8857667664869835],[114.94057164535431,4.884802808713648],[114.94223385785686,4.8852973614451285],[114.94361609059739,4.885451315386803],[114.94554171915637,4.885431887328737],[114.94763649707242,4.884985442687042],[114.9484770459159,4.884368407820355],[114.94905554509484,4.883684391232422],[114.95013394816868,4.884054663281872],[114.95152890385818,4.884493949482386],[114.95139608238657,4.885091251135906],[114.95254561221417,4.885528627635715],[114.95218726446302,4.886739743895095],[114.95233998030024,4.887430481227893],[114.95302767994889,4.88798604673353],[114.95303836488618,4.88939095469847],[114.95196970540349,4.88917734062482],[114.95265305949378,4.891640693796935],[114.95480190467819,4.892386573036536],[114.95443169596501,4.8945520151040744],[114.95440957295286,4.898709529895713],[114.95612424646417,4.900186954528181],[114.95664756650653,4.900794137414866],[114.96556425769184,4.912137721182666],[114.96674621094111,4.913455539445785]]]},"properties":{"id":38,"name":"MUKIM KIANGGEH","length":10850.900390625,"district":"Brunei-Muara","displayName":"Kianggeh"},"id":38}]}